date,store_id,product_id,stock_on_hand,reorder_point,stockout_days_this_week,stockout_today
2025-01-05,ST01,P001,22,16,0,False
2025-01-05,ST02,P001,22,16,0,False
2025-01-05,ST03,P001,32,16,0,False
2025-01-05,ST04,P001,31,16,0,False
2025-01-05,ST05,P001,21,16,0,False
2025-01-05,ST01,P002,5,12,0,False
2025-01-05,ST02,P002,7,12,0,False
2025-01-05,ST03,P002,8,12,0,False
2025-01-05,ST04,P002,12,12,0,False
2025-01-05,ST05,P002,5,12,0,False
2025-01-05,ST01,P003,19,13,0,False
2025-01-05,ST02,P003,13,13,0,False
2025-01-05,ST03,P003,15,13,0,False
2025-01-05,ST04,P003,24,13,0,False
2025-01-05,ST05,P003,18,13,0,False
2025-01-05,ST01,P004,5,11,0,False
2025-01-05,ST02,P004,8,11,0,False
2025-01-05,ST03,P004,17,11,0,False
2025-01-05,ST04,P004,6,11,0,False
2025-01-05,ST05,P004,7,11,0,False
2025-01-05,ST01,P005,42,11,0,False
2025-01-05,ST02,P005,9,11,0,False
2025-01-05,ST03,P005,35,11,0,False
2025-01-05,ST04,P005,39,11,0,False
2025-01-05,ST05,P005,43,11,0,False
2025-01-05,ST01,P006,11,15,0,False
2025-01-05,ST02,P006,17,15,0,False
2025-01-05,ST03,P006,28,15,0,False
2025-01-05,ST04,P006,39,15,0,False
2025-01-05,ST05,P006,27,15,0,False
2025-01-05,ST01,P007,9,8,0,False
2025-01-05,ST02,P007,4,8,0,False
2025-01-05,ST03,P007,27,8,0,False
2025-01-05,ST04,P007,43,8,0,False
2025-01-05,ST05,P007,38,8,0,False
2025-01-05,ST01,P008,16,8,0,False
2025-01-05,ST02,P008,13,8,0,False
2025-01-05,ST03,P008,9,8,0,False
2025-01-05,ST04,P008,18,8,0,False
2025-01-05,ST05,P008,19,8,0,False
2025-01-05,ST01,P009,32,14,0,False
2025-01-05,ST02,P009,23,14,0,False
2025-01-05,ST03,P009,27,14,0,False
2025-01-05,ST04,P009,15,14,0,False
2025-01-05,ST05,P009,12,14,0,False
2025-01-05,ST01,P010,18,7,0,False
2025-01-05,ST02,P010,22,7,0,False
2025-01-05,ST03,P010,21,7,0,False
2025-01-05,ST04,P010,5,7,0,False
2025-01-05,ST05,P010,21,7,0,False
2025-01-05,ST01,P011,26,13,0,False
2025-01-05,ST02,P011,36,13,0,False
2025-01-05,ST03,P011,39,13,0,False
2025-01-05,ST04,P011,43,13,0,False
2025-01-05,ST05,P011,41,13,0,False
2025-01-05,ST01,P012,6,7,0,False
2025-01-05,ST02,P012,14,7,0,False
2025-01-05,ST03,P012,11,7,0,False
2025-01-05,ST04,P012,10,7,0,False
2025-01-05,ST05,P012,4,7,0,False
2025-01-05,ST01,P013,28,7,0,False
2025-01-05,ST02,P013,7,7,0,False
2025-01-05,ST03,P013,32,7,0,False
2025-01-05,ST04,P013,15,7,0,False
2025-01-05,ST05,P013,17,7,0,False
2025-01-05,ST01,P014,2,13,0,False
2025-01-05,ST02,P014,11,13,0,False
2025-01-05,ST03,P014,22,13,0,False
2025-01-05,ST04,P014,14,13,0,False
2025-01-05,ST05,P014,23,13,0,False
2025-01-05,ST01,P015,19,7,0,False
2025-01-05,ST02,P015,22,7,0,False
2025-01-05,ST03,P015,9,7,0,False
2025-01-05,ST04,P015,11,7,0,False
2025-01-05,ST05,P015,28,7,0,False
2025-01-05,ST01,P016,33,14,0,False
2025-01-05,ST02,P016,18,14,0,False
2025-01-05,ST03,P016,22,14,0,False
2025-01-05,ST04,P016,39,14,0,False
2025-01-05,ST05,P016,15,14,0,False
2025-01-05,ST01,P017,7,13,0,False
2025-01-05,ST02,P017,15,13,0,False
2025-01-05,ST03,P017,14,13,0,False
2025-01-05,ST04,P017,18,13,0,False
2025-01-05,ST05,P017,2,13,0,False
2025-01-05,ST01,P018,16,8,0,False
2025-01-05,ST02,P018,23,8,0,False
2025-01-05,ST03,P018,22,8,0,False
2025-01-05,ST04,P018,19,8,0,False
2025-01-05,ST05,P018,8,8,0,False
2025-01-05,ST01,P019,19,15,0,False
2025-01-05,ST02,P019,41,15,0,False
2025-01-05,ST03,P019,34,15,0,False
2025-01-05,ST04,P019,40,15,0,False
2025-01-05,ST05,P019,43,15,0,False
2025-01-05,ST01,P020,11,13,0,False
2025-01-05,ST02,P020,28,13,0,False
2025-01-05,ST03,P020,18,13,0,False
2025-01-05,ST04,P020,25,13,0,False
2025-01-05,ST05,P020,25,13,0,False
2025-01-05,ST01,P021,32,13,0,False
2025-01-05,ST02,P021,27,13,0,False
2025-01-05,ST03,P021,45,13,0,False
2025-01-05,ST04,P021,10,13,0,False
2025-01-05,ST05,P021,30,13,0,False
2025-01-05,ST01,P022,0,8,0,False
2025-01-05,ST02,P022,10,8,0,False
2025-01-05,ST03,P022,0,8,2,True
2025-01-05,ST04,P022,12,8,0,False
2025-01-05,ST05,P022,8,8,0,False
2025-01-05,ST01,P023,0,6,2,True
2025-01-05,ST02,P023,5,6,0,False
2025-01-05,ST03,P023,5,6,0,False
2025-01-05,ST04,P023,4,6,0,False
2025-01-05,ST05,P023,8,6,0,False
2025-01-05,ST01,P024,8,16,0,False
2025-01-05,ST02,P024,7,16,0,False
2025-01-05,ST03,P024,14,16,0,False
2025-01-05,ST04,P024,26,16,0,False
2025-01-05,ST05,P024,14,16,0,False
2025-01-05,ST01,P025,19,12,0,False
2025-01-05,ST02,P025,18,12,0,False
2025-01-05,ST03,P025,0,12,0,False
2025-01-05,ST04,P025,37,12,0,False
2025-01-05,ST05,P025,14,12,0,False
2025-01-05,ST01,P026,27,16,0,False
2025-01-05,ST02,P026,35,16,0,False
2025-01-05,ST03,P026,13,16,0,False
2025-01-05,ST04,P026,20,16,0,False
2025-01-05,ST05,P026,37,16,0,False
2025-01-05,ST01,P027,13,8,0,False
2025-01-05,ST02,P027,3,8,0,False
2025-01-05,ST03,P027,6,8,0,False
2025-01-05,ST04,P027,32,8,0,False
2025-01-05,ST05,P027,14,8,0,False
2025-01-05,ST01,P028,12,14,0,False
2025-01-05,ST02,P028,0,14,4,True
2025-01-05,ST03,P028,12,14,0,False
2025-01-05,ST04,P028,18,14,0,False
2025-01-05,ST05,P028,15,14,0,False
2025-01-05,ST01,P029,42,16,0,False
2025-01-05,ST02,P029,30,16,0,False
2025-01-05,ST03,P029,41,16,0,False
2025-01-05,ST04,P029,41,16,0,False
2025-01-05,ST05,P029,23,16,0,False
2025-01-05,ST01,P030,12,14,0,False
2025-01-05,ST02,P030,55,14,0,False
2025-01-05,ST03,P030,28,14,0,False
2025-01-05,ST04,P030,40,14,0,False
2025-01-05,ST05,P030,20,14,0,False
2025-01-05,ST01,P031,12,12,0,False
2025-01-05,ST02,P031,27,12,0,False
2025-01-05,ST03,P031,12,12,0,False
2025-01-05,ST04,P031,13,12,0,False
2025-01-05,ST05,P031,24,12,0,False
2025-01-05,ST01,P032,39,8,0,False
2025-01-05,ST02,P032,31,8,0,False
2025-01-05,ST03,P032,12,8,0,False
2025-01-05,ST04,P032,13,8,0,False
2025-01-05,ST05,P032,37,8,0,False
2025-01-05,ST01,P033,31,13,0,False
2025-01-05,ST02,P033,12,13,0,False
2025-01-05,ST03,P033,13,13,0,False
2025-01-05,ST04,P033,13,13,0,False
2025-01-05,ST05,P033,28,13,0,False
2025-01-05,ST01,P034,22,9,0,False
2025-01-05,ST02,P034,19,9,0,False
2025-01-05,ST03,P034,20,9,0,False
2025-01-05,ST04,P034,26,9,0,False
2025-01-05,ST05,P034,16,9,0,False
2025-01-05,ST01,P035,31,13,0,False
2025-01-05,ST02,P035,17,13,0,False
2025-01-05,ST03,P035,33,13,0,False
2025-01-05,ST04,P035,26,13,0,False
2025-01-05,ST05,P035,23,13,0,False
2025-01-05,ST01,P036,31,11,0,False
2025-01-05,ST02,P036,14,11,0,False
2025-01-05,ST03,P036,26,11,0,False
2025-01-05,ST04,P036,21,11,0,False
2025-01-05,ST05,P036,29,11,0,False
2025-01-05,ST01,P037,26,7,0,False
2025-01-05,ST02,P037,23,7,0,False
2025-01-05,ST03,P037,7,7,0,False
2025-01-05,ST04,P037,17,7,0,False
2025-01-05,ST05,P037,9,7,0,False
2025-01-05,ST01,P038,23,9,0,False
2025-01-05,ST02,P038,9,9,0,False
2025-01-05,ST03,P038,24,9,0,False
2025-01-05,ST04,P038,12,9,0,False
2025-01-05,ST05,P038,10,9,0,False
2025-01-05,ST01,P039,15,10,0,False
2025-01-05,ST02,P039,20,10,0,False
2025-01-05,ST03,P039,36,10,0,False
2025-01-05,ST04,P039,33,10,0,False
2025-01-05,ST05,P039,20,10,0,False
2025-01-05,ST01,P040,27,14,0,False
2025-01-05,ST02,P040,28,14,0,False
2025-01-05,ST03,P040,25,14,0,False
2025-01-05,ST04,P040,17,14,0,False
2025-01-05,ST05,P040,12,14,0,False
2025-01-12,ST01,P001,20,16,0,False
2025-01-12,ST02,P001,20,16,0,False
2025-01-12,ST03,P001,30,16,0,False
2025-01-12,ST04,P001,30,16,0,False
2025-01-12,ST05,P001,15,16,0,False
2025-01-12,ST01,P002,16,12,0,False
2025-01-12,ST02,P002,34,12,0,False
2025-01-12,ST03,P002,35,12,0,False
2025-01-12,ST04,P002,7,12,0,False
2025-01-12,ST05,P002,28,12,1,True
2025-01-12,ST01,P003,10,13,0,False
2025-01-12,ST02,P003,10,13,0,False
2025-01-12,ST03,P003,10,13,0,False
2025-01-12,ST04,P003,22,13,0,False
2025-01-12,ST05,P003,14,13,0,False
2025-01-12,ST01,P004,22,11,1,True
2025-01-12,ST02,P004,0,11,5,True
2025-01-12,ST03,P004,8,11,0,False
2025-01-12,ST04,P004,25,11,0,False
2025-01-12,ST05,P004,0,11,1,True
2025-01-12,ST01,P005,29,11,0,False
2025-01-12,ST02,P005,3,11,0,False
2025-01-12,ST03,P005,24,11,0,False
2025-01-12,ST04,P005,29,11,0,False
2025-01-12,ST05,P005,36,11,0,False
2025-01-12,ST01,P006,60,15,0,False
2025-01-12,ST02,P006,12,15,0,False
2025-01-12,ST03,P006,27,15,0,False
2025-01-12,ST04,P006,38,15,0,False
2025-01-12,ST05,P006,25,15,0,False
2025-01-12,ST01,P007,0,8,4,True
2025-01-12,ST02,P007,0,8,4,True
2025-01-12,ST03,P007,17,8,0,False
2025-01-12,ST04,P007,38,8,0,False
2025-01-12,ST05,P007,27,8,0,False
2025-01-12,ST01,P008,11,8,0,False
2025-01-12,ST02,P008,5,8,0,False
2025-01-12,ST03,P008,4,8,0,False
2025-01-12,ST04,P008,17,8,0,False
2025-01-12,ST05,P008,15,8,0,False
2025-01-12,ST01,P009,28,14,0,False
2025-01-12,ST02,P009,23,14,0,False
2025-01-12,ST03,P009,25,14,0,False
2025-01-12,ST04,P009,15,14,0,False
2025-01-12,ST05,P009,47,14,0,False
2025-01-12,ST01,P010,15,7,0,False
2025-01-12,ST02,P010,16,7,0,False
2025-01-12,ST03,P010,11,7,0,False
2025-01-12,ST04,P010,41,7,0,False
2025-01-12,ST05,P010,14,7,0,False
2025-01-12,ST01,P011,21,13,0,False
2025-01-12,ST02,P011,33,13,0,False
2025-01-12,ST03,P011,34,13,0,False
2025-01-12,ST04,P011,40,13,0,False
2025-01-12,ST05,P011,29,13,0,False
2025-01-12,ST01,P012,23,7,1,True
2025-01-12,ST02,P012,0,7,2,True
2025-01-12,ST03,P012,27,7,2,True
2025-01-12,ST04,P012,7,7,0,False
2025-01-12,ST05,P012,26,7,0,False
2025-01-12,ST01,P013,21,7,0,False
2025-01-12,ST02,P013,4,7,0,False
2025-01-12,ST03,P013,31,7,0,False
2025-01-12,ST04,P013,14,7,0,False
2025-01-12,ST05,P013,15,7,0,False
2025-01-12,ST01,P014,35,13,4,True
2025-01-12,ST02,P014,1,13,0,False
2025-01-12,ST03,P014,8,13,0,False
2025-01-12,ST04,P014,10,13,0,False
2025-01-12,ST05,P014,14,13,0,False
2025-01-12,ST01,P015,13,7,0,False
2025-01-12,ST02,P015,20,7,0,False
2025-01-12,ST03,P015,6,7,0,False
2025-01-12,ST04,P015,8,7,0,False
2025-01-12,ST05,P015,23,7,0,False
2025-01-12,ST01,P016,27,14,0,False
2025-01-12,ST02,P016,12,14,0,False
2025-01-12,ST03,P016,14,14,0,False
2025-01-12,ST04,P016,31,14,0,False
2025-01-12,ST05,P016,2,14,0,False
2025-01-12,ST01,P017,0,13,5,True
2025-01-12,ST02,P017,0,13,3,True
2025-01-12,ST03,P017,0,13,1,True
2025-01-12,ST04,P017,13,13,0,False
2025-01-12,ST05,P017,0,13,6,True
2025-01-12,ST01,P018,14,8,0,False
2025-01-12,ST02,P018,18,8,0,False
2025-01-12,ST03,P018,21,8,0,False
2025-01-12,ST04,P018,17,8,0,False
2025-01-12,ST05,P018,44,8,0,False
2025-01-12,ST01,P019,16,15,0,False
2025-01-12,ST02,P019,37,15,0,False
2025-01-12,ST03,P019,31,15,0,False
2025-01-12,ST04,P019,39,15,0,False
2025-01-12,ST05,P019,38,15,0,False
2025-01-12,ST01,P020,38,13,0,False
2025-01-12,ST02,P020,25,13,0,False
2025-01-12,ST03,P020,10,13,0,False
2025-01-12,ST04,P020,16,13,0,False
2025-01-12,ST05,P020,13,13,0,False
2025-01-12,ST01,P021,26,13,0,False
2025-01-12,ST02,P021,23,13,0,False
2025-01-12,ST03,P021,43,13,0,False
2025-01-12,ST04,P021,7,13,0,False
2025-01-12,ST05,P021,27,13,0,False
2025-01-12,ST01,P022,11,8,2,True
2025-01-12,ST02,P022,0,8,0,False
2025-01-12,ST03,P022,14,8,0,False
2025-01-12,ST04,P022,7,8,0,False
2025-01-12,ST05,P022,25,8,0,False
2025-01-12,ST01,P023,5,6,0,False
2025-01-12,ST02,P023,24,6,2,True
2025-01-12,ST03,P023,16,6,2,True
2025-01-12,ST04,P023,24,6,0,False
2025-01-12,ST05,P023,0,6,1,True
2025-01-12,ST01,P024,16,16,1,True
2025-01-12,ST02,P024,21,16,0,False
2025-01-12,ST03,P024,31,16,0,False
2025-01-12,ST04,P024,18,16,0,False
2025-01-12,ST05,P024,22,16,2,True
2025-01-12,ST01,P025,11,12,0,False
2025-01-12,ST02,P025,13,12,0,False
2025-01-12,ST03,P025,0,12,6,True
2025-01-12,ST04,P025,33,12,0,False
2025-01-12,ST05,P025,6,12,0,False
2025-01-12,ST01,P026,18,16,0,False
2025-01-12,ST02,P026,31,16,0,False
2025-01-12,ST03,P026,7,16,0,False
2025-01-12,ST04,P026,17,16,0,False
2025-01-12,ST05,P026,34,16,0,False
2025-01-12,ST01,P027,1,8,0,False
2025-01-12,ST02,P027,46,8,2,True
2025-01-12,ST03,P027,46,8,0,False
2025-01-12,ST04,P027,26,8,0,False
2025-01-12,ST05,P027,1,8,0,False
2025-01-12,ST01,P028,0,14,4,True
2025-01-12,ST02,P028,30,14,5,True
2025-01-12,ST03,P028,1,14,0,False
2025-01-12,ST04,P028,10,14,0,False
2025-01-12,ST05,P028,0,14,0,False
2025-01-12,ST01,P029,38,16,0,False
2025-01-12,ST02,P029,30,16,0,False
2025-01-12,ST03,P029,37,16,0,False
2025-01-12,ST04,P029,41,16,0,False
2025-01-12,ST05,P029,22,16,0,False
2025-01-12,ST01,P030,56,14,0,False
2025-01-12,ST02,P030,50,14,0,False
2025-01-12,ST03,P030,22,14,0,False
2025-01-12,ST04,P030,34,14,0,False
2025-01-12,ST05,P030,14,14,0,False
2025-01-12,ST01,P031,39,12,0,False
2025-01-12,ST02,P031,26,12,0,False
2025-01-12,ST03,P031,42,12,0,False
2025-01-12,ST04,P031,13,12,0,False
2025-01-12,ST05,P031,23,12,0,False
2025-01-12,ST01,P032,37,8,0,False
2025-01-12,ST02,P032,31,8,0,False
2025-01-12,ST03,P032,12,8,0,False
2025-01-12,ST04,P032,13,8,0,False
2025-01-12,ST05,P032,33,8,0,False
2025-01-12,ST01,P033,30,13,0,False
2025-01-12,ST02,P033,72,13,0,False
2025-01-12,ST03,P033,12,13,0,False
2025-01-12,ST04,P033,8,13,0,False
2025-01-12,ST05,P033,25,13,0,False
2025-01-12,ST01,P034,18,9,0,False
2025-01-12,ST02,P034,17,9,0,False
2025-01-12,ST03,P034,13,9,0,False
2025-01-12,ST04,P034,23,9,0,False
2025-01-12,ST05,P034,6,9,0,False
2025-01-12,ST01,P035,19,13,0,False
2025-01-12,ST02,P035,0,13,1,True
2025-01-12,ST03,P035,28,13,0,False
2025-01-12,ST04,P035,12,13,0,False
2025-01-12,ST05,P035,13,13,0,False
2025-01-12,ST01,P036,27,11,0,False
2025-01-12,ST02,P036,13,11,0,False
2025-01-12,ST03,P036,23,11,0,False
2025-01-12,ST04,P036,18,11,0,False
2025-01-12,ST05,P036,28,11,0,False
2025-01-12,ST01,P037,19,7,0,False
2025-01-12,ST02,P037,17,7,0,False
2025-01-12,ST03,P037,69,7,0,False
2025-01-12,ST04,P037,17,7,0,False
2025-01-12,ST05,P037,5,7,0,False
2025-01-12,ST01,P038,22,9,0,False
2025-01-12,ST02,P038,44,9,0,False
2025-01-12,ST03,P038,23,9,0,False
2025-01-12,ST04,P038,12,9,0,False
2025-01-12,ST05,P038,6,9,0,False
2025-01-12,ST01,P039,14,10,0,False
2025-01-12,ST02,P039,20,10,0,False
2025-01-12,ST03,P039,36,10,0,False
2025-01-12,ST04,P039,32,10,0,False
2025-01-12,ST05,P039,16,10,0,False
2025-01-12,ST01,P040,25,14,0,False
2025-01-12,ST02,P040,27,14,0,False
2025-01-12,ST03,P040,25,14,0,False
2025-01-12,ST04,P040,16,14,0,False
2025-01-12,ST05,P040,10,14,0,False
2025-01-19,ST01,P001,15,16,0,False
2025-01-19,ST02,P001,18,16,0,False
2025-01-19,ST03,P001,28,16,0,False
2025-01-19,ST04,P001,28,16,0,False
2025-01-19,ST05,P001,9,16,0,False
2025-01-19,ST01,P002,0,12,0,False
2025-01-19,ST02,P002,28,12,0,False
2025-01-19,ST03,P002,32,12,0,False
2025-01-19,ST04,P002,39,12,0,False
2025-01-19,ST05,P002,9,12,0,False
2025-01-19,ST01,P003,8,13,0,False
2025-01-19,ST02,P003,37,13,0,False
2025-01-19,ST03,P003,7,13,0,False
2025-01-19,ST04,P003,18,13,0,False
2025-01-19,ST05,P003,10,13,0,False
2025-01-19,ST01,P004,0,11,1,True
2025-01-19,ST02,P004,19,11,3,True
2025-01-19,ST03,P004,1,11,0,False
2025-01-19,ST04,P004,22,11,0,False
2025-01-19,ST05,P004,8,11,0,False
2025-01-19,ST01,P005,21,11,0,False
2025-01-19,ST02,P005,68,11,0,False
2025-01-19,ST03,P005,22,11,0,False
2025-01-19,ST04,P005,23,11,0,False
2025-01-19,ST05,P005,25,11,0,False
2025-01-19,ST01,P006,57,15,0,False
2025-01-19,ST02,P006,11,15,0,False
2025-01-19,ST03,P006,25,15,0,False
2025-01-19,ST04,P006,36,15,0,False
2025-01-19,ST05,P006,22,15,0,False
2025-01-19,ST01,P007,66,8,4,True
2025-01-19,ST02,P007,53,8,0,False
2025-01-19,ST03,P007,0,8,0,False
2025-01-19,ST04,P007,32,8,0,False
2025-01-19,ST05,P007,20,8,0,False
2025-01-19,ST01,P008,8,8,0,False
2025-01-19,ST02,P008,3,8,0,False
2025-01-19,ST03,P008,2,8,0,False
2025-01-19,ST04,P008,14,8,0,False
2025-01-19,ST05,P008,6,8,0,False
2025-01-19,ST01,P009,21,14,0,False
2025-01-19,ST02,P009,19,14,0,False
2025-01-19,ST03,P009,21,14,0,False
2025-01-19,ST04,P009,13,14,0,False
2025-01-19,ST05,P009,40,14,0,False
2025-01-19,ST01,P010,12,7,0,False
2025-01-19,ST02,P010,10,7,0,False
2025-01-19,ST03,P010,4,7,0,False
2025-01-19,ST04,P010,37,7,0,False
2025-01-19,ST05,P010,7,7,0,False
2025-01-19,ST01,P011,15,13,0,False
2025-01-19,ST02,P011,22,13,0,False
2025-01-19,ST03,P011,23,13,0,False
2025-01-19,ST04,P011,33,13,0,False
2025-01-19,ST05,P011,18,13,0,False
2025-01-19,ST01,P012,6,7,0,False
2025-01-19,ST02,P012,22,7,2,True
2025-01-19,ST03,P012,18,7,0,False
2025-01-19,ST04,P012,4,7,0,False
2025-01-19,ST05,P012,14,7,0,False
2025-01-19,ST01,P013,20,7,0,False
2025-01-19,ST02,P013,53,7,0,False
2025-01-19,ST03,P013,29,7,0,False
2025-01-19,ST04,P013,13,7,0,False
2025-01-19,ST05,P013,15,7,0,False
2025-01-19,ST01,P014,24,13,0,False
2025-01-19,ST02,P014,25,13,0,False
2025-01-19,ST03,P014,37,13,1,True
2025-01-19,ST04,P014,48,13,0,False
2025-01-19,ST05,P014,0,13,2,True
2025-01-19,ST01,P015,3,7,0,False
2025-01-19,ST02,P015,13,7,0,False
2025-01-19,ST03,P015,51,7,0,False
2025-01-19,ST04,P015,5,7,0,False
2025-01-19,ST05,P015,20,7,0,False
2025-01-19,ST01,P016,19,14,0,False
2025-01-19,ST02,P016,5,14,0,False
2025-01-19,ST03,P016,9,14,0,False
2025-01-19,ST04,P016,30,14,0,False
2025-01-19,ST05,P016,0,14,4,True
2025-01-19,ST01,P017,12,13,0,False
2025-01-19,ST02,P017,18,13,3,True
2025-01-19,ST03,P017,13,13,2,True
2025-01-19,ST04,P017,32,13,0,False
2025-01-19,ST05,P017,14,13,1,True
2025-01-19,ST01,P018,9,8,0,False
2025-01-19,ST02,P018,16,8,0,False
2025-01-19,ST03,P018,18,8,0,False
2025-01-19,ST04,P018,16,8,0,False
2025-01-19,ST05,P018,43,8,0,False
2025-01-19,ST01,P019,74,15,0,False
2025-01-19,ST02,P019,35,15,0,False
2025-01-19,ST03,P019,27,15,0,False
2025-01-19,ST04,P019,37,15,0,False
2025-01-19,ST05,P019,33,15,0,False
2025-01-19,ST01,P020,21,13,0,False
2025-01-19,ST02,P020,17,13,0,False
2025-01-19,ST03,P020,43,13,0,False
2025-01-19,ST04,P020,12,13,0,False
2025-01-19,ST05,P020,39,13,0,False
2025-01-19,ST01,P021,19,13,0,False
2025-01-19,ST02,P021,12,13,0,False
2025-01-19,ST03,P021,37,13,0,False
2025-01-19,ST04,P021,66,13,0,False
2025-01-19,ST05,P021,23,13,0,False
2025-01-19,ST01,P022,0,8,2,True
2025-01-19,ST02,P022,0,8,6,True
2025-01-19,ST03,P022,1,8,0,False
2025-01-19,ST04,P022,23,8,0,False
2025-01-19,ST05,P022,0,8,0,False
2025-01-19,ST01,P023,21,6,3,True
2025-01-19,ST02,P023,4,6,0,False
2025-01-19,ST03,P023,11,6,0,False
2025-01-19,ST04,P023,21,6,0,False
2025-01-19,ST05,P023,0,6,2,True
2025-01-19,ST01,P024,26,16,0,False
2025-01-19,ST02,P024,0,16,1,True
2025-01-19,ST03,P024,8,16,0,False
2025-01-19,ST04,P024,36,16,0,False
2025-01-19,ST05,P024,9,16,0,False
2025-01-19,ST01,P025,10,12,0,False
2025-01-19,ST02,P025,6,12,0,False
2025-01-19,ST03,P025,52,12,0,False
2025-01-19,ST04,P025,29,12,0,False
2025-01-19,ST05,P025,57,12,0,False
2025-01-19,ST01,P026,13,16,0,False
2025-01-19,ST02,P026,25,16,0,False
2025-01-19,ST03,P026,53,16,0,False
2025-01-19,ST04,P026,13,16,0,False
2025-01-19,ST05,P026,29,16,0,False
2025-01-19,ST01,P027,0,8,5,True
2025-01-19,ST02,P027,41,8,0,False
2025-01-19,ST03,P027,38,8,0,False
2025-01-19,ST04,P027,19,8,0,False
2025-01-19,ST05,P027,44,8,1,True
2025-01-19,ST01,P028,19,14,2,True
2025-01-19,ST02,P028,4,14,0,False
2025-01-19,ST03,P028,17,14,0,False
2025-01-19,ST04,P028,0,14,0,False
2025-01-19,ST05,P028,21,14,3,True
2025-01-19,ST01,P029,35,16,0,False
2025-01-19,ST02,P029,29,16,0,False
2025-01-19,ST03,P029,33,16,0,False
2025-01-19,ST04,P029,39,16,0,False
2025-01-19,ST05,P029,19,16,0,False
2025-01-19,ST01,P030,47,14,0,False
2025-01-19,ST02,P030,45,14,0,False
2025-01-19,ST03,P030,17,14,0,False
2025-01-19,ST04,P030,30,14,0,False
2025-01-19,ST05,P030,59,14,0,False
2025-01-19,ST01,P031,39,12,0,False
2025-01-19,ST02,P031,26,12,0,False
2025-01-19,ST03,P031,41,12,0,False
2025-01-19,ST04,P031,11,12,0,False
2025-01-19,ST05,P031,22,12,0,False
2025-01-19,ST01,P032,37,8,0,False
2025-01-19,ST02,P032,31,8,0,False
2025-01-19,ST03,P032,11,8,0,False
2025-01-19,ST04,P032,13,8,0,False
2025-01-19,ST05,P032,33,8,0,False
2025-01-19,ST01,P033,29,13,0,False
2025-01-19,ST02,P033,69,13,0,False
2025-01-19,ST03,P033,74,13,0,False
2025-01-19,ST04,P033,69,13,0,False
2025-01-19,ST05,P033,20,13,0,False
2025-01-19,ST01,P034,6,9,0,False
2025-01-19,ST02,P034,10,9,0,False
2025-01-19,ST03,P034,9,9,0,False
2025-01-19,ST04,P034,21,9,0,False
2025-01-19,ST05,P034,29,9,0,False
2025-01-19,ST01,P035,10,13,0,False
2025-01-19,ST02,P035,38,13,1,True
2025-01-19,ST03,P035,23,13,0,False
2025-01-19,ST04,P035,49,13,0,False
2025-01-19,ST05,P035,42,13,0,False
2025-01-19,ST01,P036,25,11,0,False
2025-01-19,ST02,P036,13,11,0,False
2025-01-19,ST03,P036,21,11,0,False
2025-01-19,ST04,P036,16,11,0,False
2025-01-19,ST05,P036,27,11,0,False
2025-01-19,ST01,P037,16,7,0,False
2025-01-19,ST02,P037,17,7,0,False
2025-01-19,ST03,P037,66,7,0,False
2025-01-19,ST04,P037,17,7,0,False
2025-01-19,ST05,P037,70,7,0,False
2025-01-19,ST01,P038,19,9,0,False
2025-01-19,ST02,P038,43,9,0,False
2025-01-19,ST03,P038,21,9,0,False
2025-01-19,ST04,P038,11,9,0,False
2025-01-19,ST05,P038,40,9,0,False
2025-01-19,ST01,P039,13,10,0,False
2025-01-19,ST02,P039,19,10,0,False
2025-01-19,ST03,P039,35,10,0,False
2025-01-19,ST04,P039,31,10,0,False
2025-01-19,ST05,P039,15,10,0,False
2025-01-19,ST01,P040,25,14,0,False
2025-01-19,ST02,P040,25,14,0,False
2025-01-19,ST03,P040,24,14,0,False
2025-01-19,ST04,P040,15,14,0,False
2025-01-19,ST05,P040,35,14,0,False
2025-01-26,ST01,P001,10,16,0,False
2025-01-26,ST02,P001,14,16,0,False
2025-01-26,ST03,P001,25,16,0,False
2025-01-26,ST04,P001,25,16,0,False
2025-01-26,ST05,P001,31,16,0,False
2025-01-26,ST01,P002,11,12,1,True
2025-01-26,ST02,P002,17,12,0,False
2025-01-26,ST03,P002,25,12,0,False
2025-01-26,ST04,P002,36,12,0,False
2025-01-26,ST05,P002,37,12,0,False
2025-01-26,ST01,P003,28,13,0,False
2025-01-26,ST02,P003,35,13,0,False
2025-01-26,ST03,P003,28,13,0,False
2025-01-26,ST04,P003,16,13,0,False
2025-01-26,ST05,P003,5,13,0,False
2025-01-26,ST01,P004,23,11,6,True
2025-01-26,ST02,P004,3,11,0,False
2025-01-26,ST03,P004,10,11,0,False
2025-01-26,ST04,P004,15,11,0,False
2025-01-26,ST05,P004,0,11,3,True
2025-01-26,ST01,P005,4,11,0,False
2025-01-26,ST02,P005,66,11,0,False
2025-01-26,ST03,P005,11,11,0,False
2025-01-26,ST04,P005,17,11,0,False
2025-01-26,ST05,P005,13,11,0,False
2025-01-26,ST01,P006,50,15,0,False
2025-01-26,ST02,P006,10,15,0,False
2025-01-26,ST03,P006,23,15,0,False
2025-01-26,ST04,P006,36,15,0,False
2025-01-26,ST05,P006,15,15,0,False
2025-01-26,ST01,P007,51,8,0,False
2025-01-26,ST02,P007,43,8,0,False
2025-01-26,ST03,P007,0,8,4,True
2025-01-26,ST04,P007,28,8,0,False
2025-01-26,ST05,P007,8,8,0,False
2025-01-26,ST01,P008,3,8,0,False
2025-01-26,ST02,P008,31,8,0,False
2025-01-26,ST03,P008,29,8,0,False
2025-01-26,ST04,P008,14,8,0,False
2025-01-26,ST05,P008,4,8,0,False
2025-01-26,ST01,P009,20,14,0,False
2025-01-26,ST02,P009,16,14,0,False
2025-01-26,ST03,P009,20,14,0,False
2025-01-26,ST04,P009,47,14,0,False
2025-01-26,ST05,P009,36,14,0,False
2025-01-26,ST01,P010,0,7,2,True
2025-01-26,ST02,P010,7,7,0,False
2025-01-26,ST03,P010,46,7,0,False
2025-01-26,ST04,P010,37,7,0,False
2025-01-26,ST05,P010,1,7,0,False
2025-01-26,ST01,P011,11,13,0,False
2025-01-26,ST02,P011,11,13,0,False
2025-01-26,ST03,P011,16,13,0,False
2025-01-26,ST04,P011,30,13,0,False
2025-01-26,ST05,P011,9,13,0,False
2025-01-26,ST01,P012,25,7,0,False
2025-01-26,ST02,P012,11,7,0,False
2025-01-26,ST03,P012,10,7,0,False
2025-01-26,ST04,P012,27,7,1,True
2025-01-26,ST05,P012,1,7,0,False
2025-01-26,ST01,P013,18,7,0,False
2025-01-26,ST02,P013,46,7,0,False
2025-01-26,ST03,P013,26,7,0,False
2025-01-26,ST04,P013,12,7,0,False
2025-01-26,ST05,P013,10,7,0,False
2025-01-26,ST01,P014,11,13,0,False
2025-01-26,ST02,P014,12,13,0,False
2025-01-26,ST03,P014,31,13,0,False
2025-01-26,ST04,P014,43,13,0,False
2025-01-26,ST05,P014,0,13,6,True
2025-01-26,ST01,P015,0,7,0,False
2025-01-26,ST02,P015,13,7,0,False
2025-01-26,ST03,P015,49,7,0,False
2025-01-26,ST04,P015,51,7,0,False
2025-01-26,ST05,P015,7,7,0,False
2025-01-26,ST01,P016,0,14,1,True
2025-01-26,ST02,P016,50,14,1,True
2025-01-26,ST03,P016,0,14,0,False
2025-01-26,ST04,P016,29,14,0,False
2025-01-26,ST05,P016,44,14,1,True
2025-01-26,ST01,P017,0,13,0,False
2025-01-26,ST02,P017,0,13,2,True
2025-01-26,ST03,P017,0,13,1,True
2025-01-26,ST04,P017,28,13,0,False
2025-01-26,ST05,P017,0,13,3,True
2025-01-26,ST01,P018,3,8,0,False
2025-01-26,ST02,P018,14,8,0,False
2025-01-26,ST03,P018,15,8,0,False
2025-01-26,ST04,P018,15,8,0,False
2025-01-26,ST05,P018,41,8,0,False
2025-01-26,ST01,P019,71,15,0,False
2025-01-26,ST02,P019,33,15,0,False
2025-01-26,ST03,P019,23,15,0,False
2025-01-26,ST04,P019,37,15,0,False
2025-01-26,ST05,P019,32,15,0,False
2025-01-26,ST01,P020,8,13,0,False
2025-01-26,ST02,P020,14,13,0,False
2025-01-26,ST03,P020,39,13,0,False
2025-01-26,ST04,P020,44,13,0,False
2025-01-26,ST05,P020,35,13,0,False
2025-01-26,ST01,P021,12,13,0,False
2025-01-26,ST02,P021,71,13,0,False
2025-01-26,ST03,P021,33,13,0,False
2025-01-26,ST04,P021,64,13,0,False
2025-01-26,ST05,P021,19,13,0,False
2025-01-26,ST01,P022,17,8,0,False
2025-01-26,ST02,P022,20,8,2,True
2025-01-26,ST03,P022,20,8,1,True
2025-01-26,ST04,P022,14,8,0,False
2025-01-26,ST05,P022,0,8,3,True
2025-01-26,ST01,P023,9,6,0,False
2025-01-26,ST02,P023,18,6,3,True
2025-01-26,ST03,P023,4,6,0,False
2025-01-26,ST04,P023,11,6,0,False
2025-01-26,ST05,P023,24,6,2,True
2025-01-26,ST01,P024,26,16,1,True
2025-01-26,ST02,P024,15,16,0,False
2025-01-26,ST03,P024,29,16,0,False
2025-01-26,ST04,P024,26,16,0,False
2025-01-26,ST05,P024,29,16,0,False
2025-01-26,ST01,P025,61,12,0,False
2025-01-26,ST02,P025,58,12,0,False
2025-01-26,ST03,P025,49,12,0,False
2025-01-26,ST04,P025,28,12,0,False
2025-01-26,ST05,P025,48,12,0,False
2025-01-26,ST01,P026,65,16,0,False
2025-01-26,ST02,P026,16,16,0,False
2025-01-26,ST03,P026,41,16,0,False
2025-01-26,ST04,P026,63,16,0,False
2025-01-26,ST05,P026,18,16,0,False
2025-01-26,ST01,P027,34,8,0,False
2025-01-26,ST02,P027,34,8,0,False
2025-01-26,ST03,P027,31,8,0,False
2025-01-26,ST04,P027,13,8,0,False
2025-01-26,ST05,P027,37,8,0,False
2025-01-26,ST01,P028,5,14,0,False
2025-01-26,ST02,P028,29,14,3,True
2025-01-26,ST03,P028,8,14,0,False
2025-01-26,ST04,P028,25,14,0,False
2025-01-26,ST05,P028,11,14,0,False
2025-01-26,ST01,P029,33,16,0,False
2025-01-26,ST02,P029,27,16,0,False
2025-01-26,ST03,P029,32,16,0,False
2025-01-26,ST04,P029,38,16,0,False
2025-01-26,ST05,P029,19,16,0,False
2025-01-26,ST01,P030,32,14,0,False
2025-01-26,ST02,P030,37,14,0,False
2025-01-26,ST03,P030,64,14,0,False
2025-01-26,ST04,P030,23,14,0,False
2025-01-26,ST05,P030,54,14,0,False
2025-01-26,ST01,P031,34,12,0,False
2025-01-26,ST02,P031,26,12,0,False
2025-01-26,ST03,P031,41,12,0,False
2025-01-26,ST04,P031,40,12,0,False
2025-01-26,ST05,P031,21,12,0,False
2025-01-26,ST01,P032,36,8,0,False
2025-01-26,ST02,P032,31,8,0,False
2025-01-26,ST03,P032,10,8,0,False
2025-01-26,ST04,P032,13,8,0,False
2025-01-26,ST05,P032,32,8,0,False
2025-01-26,ST01,P033,22,13,0,False
2025-01-26,ST02,P033,60,13,0,False
2025-01-26,ST03,P033,67,13,0,False
2025-01-26,ST04,P033,66,13,0,False
2025-01-26,ST05,P033,15,13,0,False
2025-01-26,ST01,P034,39,9,0,False
2025-01-26,ST02,P034,43,9,0,False
2025-01-26,ST03,P034,35,9,1,True
2025-01-26,ST04,P034,19,9,0,False
2025-01-26,ST05,P034,23,9,0,False
2025-01-26,ST01,P035,43,13,0,False
2025-01-26,ST02,P035,35,13,0,False
2025-01-26,ST03,P035,9,13,0,False
2025-01-26,ST04,P035,43,13,0,False
2025-01-26,ST05,P035,38,13,0,False
2025-01-26,ST01,P036,24,11,0,False
2025-01-26,ST02,P036,10,11,0,False
2025-01-26,ST03,P036,16,11,0,False
2025-01-26,ST04,P036,16,11,0,False
2025-01-26,ST05,P036,26,11,0,False
2025-01-26,ST01,P037,5,7,0,False
2025-01-26,ST02,P037,16,7,0,False
2025-01-26,ST03,P037,59,7,0,False
2025-01-26,ST04,P037,15,7,0,False
2025-01-26,ST05,P037,63,7,0,False
2025-01-26,ST01,P038,17,9,0,False
2025-01-26,ST02,P038,41,9,0,False
2025-01-26,ST03,P038,21,9,0,False
2025-01-26,ST04,P038,11,9,0,False
2025-01-26,ST05,P038,40,9,0,False
2025-01-26,ST01,P039,13,10,0,False
2025-01-26,ST02,P039,18,10,0,False
2025-01-26,ST03,P039,32,10,0,False
2025-01-26,ST04,P039,31,10,0,False
2025-01-26,ST05,P039,15,10,0,False
2025-01-26,ST01,P040,24,14,0,False
2025-01-26,ST02,P040,24,14,0,False
2025-01-26,ST03,P040,23,14,0,False
2025-01-26,ST04,P040,14,14,0,False
2025-01-26,ST05,P040,33,14,0,False
2025-02-02,ST01,P001,34,16,0,False
2025-02-02,ST02,P001,10,16,0,False
2025-02-02,ST03,P001,23,16,0,False
2025-02-02,ST04,P001,20,16,0,False
2025-02-02,ST05,P001,26,16,0,False
2025-02-02,ST01,P002,32,12,1,True
2025-02-02,ST02,P002,7,12,0,False
2025-02-02,ST03,P002,16,12,0,False
2025-02-02,ST04,P002,27,12,0,False
2025-02-02,ST05,P002,28,12,0,False
2025-02-02,ST01,P003,20,13,0,False
2025-02-02,ST02,P003,27,13,0,False
2025-02-02,ST03,P003,25,13,0,False
2025-02-02,ST04,P003,10,13,0,False
2025-02-02,ST05,P003,29,13,0,False
2025-02-02,ST01,P004,13,11,0,False
2025-02-02,ST02,P004,21,11,3,True
2025-02-02,ST03,P004,0,11,1,True
2025-02-02,ST04,P004,10,11,0,False
2025-02-02,ST05,P004,7,11,0,False
2025-02-02,ST01,P005,70,11,0,False
2025-02-02,ST02,P005,60,11,0,False
2025-02-02,ST03,P005,72,11,0,False
2025-02-02,ST04,P005,11,11,0,False
2025-02-02,ST05,P005,63,11,0,False
2025-02-02,ST01,P006,47,15,0,False
2025-02-02,ST02,P006,58,15,0,False
2025-02-02,ST03,P006,22,15,0,False
2025-02-02,ST04,P006,36,15,0,False
2025-02-02,ST05,P006,14,15,0,False
2025-02-02,ST01,P007,38,8,0,False
2025-02-02,ST02,P007,32,8,0,False
2025-02-02,ST03,P007,56,8,0,False
2025-02-02,ST04,P007,22,8,0,False
2025-02-02,ST05,P007,0,8,4,True
2025-02-02,ST01,P008,31,8,1,True
2025-02-02,ST02,P008,28,8,0,False
2025-02-02,ST03,P008,25,8,0,False
2025-02-02,ST04,P008,12,8,0,False
2025-02-02,ST05,P008,25,8,0,False
2025-02-02,ST01,P009,13,14,0,False
2025-02-02,ST02,P009,13,14,0,False
2025-02-02,ST03,P009,16,14,0,False
2025-02-02,ST04,P009,44,14,0,False
2025-02-02,ST05,P009,28,14,0,False
2025-02-02,ST01,P010,41,7,2,True
2025-02-02,ST02,P010,2,7,0,False
2025-02-02,ST03,P010,33,7,0,False
2025-02-02,ST04,P010,35,7,0,False
2025-02-02,ST05,P010,42,7,1,True
2025-02-02,ST01,P011,58,13,0,False
2025-02-02,ST02,P011,67,13,0,False
2025-02-02,ST03,P011,12,13,0,False
2025-02-02,ST04,P011,21,13,0,False
2025-02-02,ST05,P011,62,13,0,False
2025-02-02,ST01,P012,7,7,0,False
2025-02-02,ST02,P012,0,7,3,True
2025-02-02,ST03,P012,24,7,0,False
2025-02-02,ST04,P012,23,7,0,False
2025-02-02,ST05,P012,22,7,0,False
2025-02-02,ST01,P013,18,7,0,False
2025-02-02,ST02,P013,44,7,0,False
2025-02-02,ST03,P013,24,7,0,False
2025-02-02,ST04,P013,12,7,0,False
2025-02-02,ST05,P013,4,7,0,False
2025-02-02,ST01,P014,0,13,4,True
2025-02-02,ST02,P014,2,13,0,False
2025-02-02,ST03,P014,25,13,0,False
2025-02-02,ST04,P014,38,13,0,False
2025-02-02,ST05,P014,36,13,2,True
2025-02-02,ST01,P015,47,7,1,True
2025-02-02,ST02,P015,11,7,0,False
2025-02-02,ST03,P015,43,7,0,False
2025-02-02,ST04,P015,41,7,0,False
2025-02-02,ST05,P015,45,7,0,False
2025-02-02,ST01,P016,0,14,6,True
2025-02-02,ST02,P016,40,14,0,False
2025-02-02,ST03,P016,0,14,4,True
2025-02-02,ST04,P016,27,14,0,False
2025-02-02,ST05,P016,30,14,0,False
2025-02-02,ST01,P017,14,13,2,True
2025-02-02,ST02,P017,0,13,7,True
2025-02-02,ST03,P017,9,13,1,True
2025-02-02,ST04,P017,15,13,0,False
2025-02-02,ST05,P017,16,13,3,True
2025-02-02,ST01,P018,1,8,0,False
2025-02-02,ST02,P018,12,8,0,False
2025-02-02,ST03,P018,15,8,0,False
2025-02-02,ST04,P018,14,8,0,False
2025-02-02,ST05,P018,38,8,0,False
2025-02-02,ST01,P019,66,15,0,False
2025-02-02,ST02,P019,31,15,0,False
2025-02-02,ST03,P019,19,15,0,False
2025-02-02,ST04,P019,34,15,0,False
2025-02-02,ST05,P019,28,15,0,False
2025-02-02,ST01,P020,38,13,0,False
2025-02-02,ST02,P020,13,13,0,False
2025-02-02,ST03,P020,29,13,0,False
2025-02-02,ST04,P020,41,13,0,False
2025-02-02,ST05,P020,24,13,0,False
2025-02-02,ST01,P021,66,13,0,False
2025-02-02,ST02,P021,69,13,0,False
2025-02-02,ST03,P021,28,13,0,False
2025-02-02,ST04,P021,62,13,0,False
2025-02-02,ST05,P021,14,13,0,False
2025-02-02,ST01,P022,7,8,0,False
2025-02-02,ST02,P022,9,8,0,False
2025-02-02,ST03,P022,7,8,0,False
2025-02-02,ST04,P022,7,8,0,False
2025-02-02,ST05,P022,0,8,6,True
2025-02-02,ST01,P023,27,6,0,False
2025-02-02,ST02,P023,0,6,0,False
2025-02-02,ST03,P023,29,6,1,True
2025-02-02,ST04,P023,5,6,0,False
2025-02-02,ST05,P023,0,6,3,True
2025-02-02,ST01,P024,8,16,0,False
2025-02-02,ST02,P024,28,16,0,False
2025-02-02,ST03,P024,7,16,0,False
2025-02-02,ST04,P024,8,16,0,False
2025-02-02,ST05,P024,1,16,0,False
2025-02-02,ST01,P025,56,12,0,False
2025-02-02,ST02,P025,54,12,0,False
2025-02-02,ST03,P025,44,12,0,False
2025-02-02,ST04,P025,24,12,0,False
2025-02-02,ST05,P025,41,12,0,False
2025-02-02,ST01,P026,60,16,0,False
2025-02-02,ST02,P026,12,16,0,False
2025-02-02,ST03,P026,34,16,0,False
2025-02-02,ST04,P026,59,16,0,False
2025-02-02,ST05,P026,11,16,0,False
2025-02-02,ST01,P027,24,8,0,False
2025-02-02,ST02,P027,21,8,0,False
2025-02-02,ST03,P027,28,8,0,False
2025-02-02,ST04,P027,10,8,0,False
2025-02-02,ST05,P027,28,8,0,False
2025-02-02,ST01,P028,25,14,1,True
2025-02-02,ST02,P028,17,14,0,False
2025-02-02,ST03,P028,30,14,0,False
2025-02-02,ST04,P028,16,14,0,False
2025-02-02,ST05,P028,3,14,0,False
2025-02-02,ST01,P029,30,16,0,False
2025-02-02,ST02,P029,25,16,0,False
2025-02-02,ST03,P029,31,16,0,False
2025-02-02,ST04,P029,37,16,0,False
2025-02-02,ST05,P029,17,16,0,False
2025-02-02,ST01,P030,25,14,0,False
2025-02-02,ST02,P030,30,14,0,False
2025-02-02,ST03,P030,57,14,0,False
2025-02-02,ST04,P030,21,14,0,False
2025-02-02,ST05,P030,52,14,0,False
2025-02-02,ST01,P031,33,12,0,False
2025-02-02,ST02,P031,26,12,0,False
2025-02-02,ST03,P031,41,12,0,False
2025-02-02,ST04,P031,39,12,0,False
2025-02-02,ST05,P031,20,12,0,False
2025-02-02,ST01,P032,33,8,0,False
2025-02-02,ST02,P032,28,8,0,False
2025-02-02,ST03,P032,10,8,0,False
2025-02-02,ST04,P032,12,8,0,False
2025-02-02,ST05,P032,30,8,0,False
2025-02-02,ST01,P033,14,13,0,False
2025-02-02,ST02,P033,54,13,0,False
2025-02-02,ST03,P033,64,13,0,False
2025-02-02,ST04,P033,63,13,0,False
2025-02-02,ST05,P033,9,13,0,False
2025-02-02,ST01,P034,33,9,0,False
2025-02-02,ST02,P034,41,9,0,False
2025-02-02,ST03,P034,30,9,0,False
2025-02-02,ST04,P034,15,9,0,False
2025-02-02,ST05,P034,18,9,0,False
2025-02-02,ST01,P035,34,13,0,False
2025-02-02,ST02,P035,31,13,0,False
2025-02-02,ST03,P035,42,13,0,False
2025-02-02,ST04,P035,38,13,0,False
2025-02-02,ST05,P035,31,13,0,False
2025-02-02,ST01,P036,21,11,0,False
2025-02-02,ST02,P036,6,11,0,False
2025-02-02,ST03,P036,14,11,0,False
2025-02-02,ST04,P036,16,11,0,False
2025-02-02,ST05,P036,25,11,0,False
2025-02-02,ST01,P037,68,7,0,False
2025-02-02,ST02,P037,10,7,0,False
2025-02-02,ST03,P037,57,7,0,False
2025-02-02,ST04,P037,15,7,0,False
2025-02-02,ST05,P037,60,7,0,False
2025-02-02,ST01,P038,16,9,0,False
2025-02-02,ST02,P038,40,9,0,False
2025-02-02,ST03,P038,21,9,0,False
2025-02-02,ST04,P038,9,9,0,False
2025-02-02,ST05,P038,40,9,0,False
2025-02-02,ST01,P039,13,10,0,False
2025-02-02,ST02,P039,16,10,0,False
2025-02-02,ST03,P039,32,10,0,False
2025-02-02,ST04,P039,30,10,0,False
2025-02-02,ST05,P039,12,10,0,False
2025-02-02,ST01,P040,21,14,0,False
2025-02-02,ST02,P040,24,14,0,False
2025-02-02,ST03,P040,20,14,0,False
2025-02-02,ST04,P040,11,14,0,False
2025-02-02,ST05,P040,32,14,0,False
2025-02-09,ST01,P001,28,16,0,False
2025-02-09,ST02,P001,7,16,0,False
2025-02-09,ST03,P001,22,16,0,False
2025-02-09,ST04,P001,18,16,0,False
2025-02-09,ST05,P001,17,16,0,False
2025-02-09,ST01,P002,18,12,0,False
2025-02-09,ST02,P002,32,12,0,False
2025-02-09,ST03,P002,9,12,0,False
2025-02-09,ST04,P002,18,12,0,False
2025-02-09,ST05,P002,14,12,0,False
2025-02-09,ST01,P003,13,13,0,False
2025-02-09,ST02,P003,26,13,0,False
2025-02-09,ST03,P003,25,13,0,False
2025-02-09,ST04,P003,7,13,0,False
2025-02-09,ST05,P003,27,13,0,False
2025-02-09,ST01,P004,2,11,0,False
2025-02-09,ST02,P004,0,11,1,True
2025-02-09,ST03,P004,21,11,1,True
2025-02-09,ST04,P004,7,11,0,False
2025-02-09,ST05,P004,26,11,1,True
2025-02-09,ST01,P005,64,11,0,False
2025-02-09,ST02,P005,51,11,0,False
2025-02-09,ST03,P005,64,11,0,False
2025-02-09,ST04,P005,70,11,0,False
2025-02-09,ST05,P005,56,11,0,False
2025-02-09,ST01,P006,43,15,0,False
2025-02-09,ST02,P006,52,15,0,False
2025-02-09,ST03,P006,18,15,0,False
2025-02-09,ST04,P006,34,15,0,False
2025-02-09,ST05,P006,64,15,0,False
2025-02-09,ST01,P007,19,8,0,False
2025-02-09,ST02,P007,26,8,0,False
2025-02-09,ST03,P007,49,8,0,False
2025-02-09,ST04,P007,16,8,0,False
2025-02-09,ST05,P007,62,8,2,True
2025-02-09,ST01,P008,28,8,0,False
2025-02-09,ST02,P008,23,8,0,False
2025-02-09,ST03,P008,22,8,0,False
2025-02-09,ST04,P008,9,8,0,False
2025-02-09,ST05,P008,24,8,0,False
2025-02-09,ST01,P009,47,14,0,False
2025-02-09,ST02,P009,41,14,0,False
2025-02-09,ST03,P009,14,14,0,False
2025-02-09,ST04,P009,40,14,0,False
2025-02-09,ST05,P009,24,14,0,False
2025-02-09,ST01,P010,39,7,0,False
2025-02-09,ST02,P010,41,7,0,False
2025-02-09,ST03,P010,30,7,0,False
2025-02-09,ST04,P010,33,7,0,False
2025-02-09,ST05,P010,33,7,0,False
2025-02-09,ST01,P011,49,13,0,False
2025-02-09,ST02,P011,59,13,0,False
2025-02-09,ST03,P011,3,13,0,False
2025-02-09,ST04,P011,18,13,0,False
2025-02-09,ST05,P011,54,13,0,False
2025-02-09,ST01,P012,23,7,0,False
2025-02-09,ST02,P012,25,7,1,True
2025-02-09,ST03,P012,10,7,0,False
2025-02-09,ST04,P012,18,7,0,False
2025-02-09,ST05,P012,16,7,0,False
2025-02-09,ST01,P013,15,7,0,False
2025-02-09,ST02,P013,43,7,0,False
2025-02-09,ST03,P013,21,7,0,False
2025-02-09,ST04,P013,12,7,0,False
2025-02-09,ST05,P013,2,7,0,False
2025-02-09,ST01,P014,28,13,1,True
2025-02-09,ST02,P014,30,13,0,False
2025-02-09,ST03,P014,14,13,0,False
2025-02-09,ST04,P014,35,13,0,False
2025-02-09,ST05,P014,20,13,0,False
2025-02-09,ST01,P015,42,7,0,False
2025-02-09,ST02,P015,8,7,0,False
2025-02-09,ST03,P015,41,7,0,False
2025-02-09,ST04,P015,40,7,0,False
2025-02-09,ST05,P015,42,7,0,False
2025-02-09,ST01,P016,48,14,2,True
2025-02-09,ST02,P016,25,14,0,False
2025-02-09,ST03,P016,51,14,3,True
2025-02-09,ST04,P016,22,14,0,False
2025-02-09,ST05,P016,23,14,0,False
2025-02-09,ST01,P017,1,13,0,False
2025-02-09,ST02,P017,24,13,5,True
2025-02-09,ST03,P017,1,13,0,False
2025-02-09,ST04,P017,8,13,0,False
2025-02-09,ST05,P017,0,13,1,True
2025-02-09,ST01,P018,38,8,0,False
2025-02-09,ST02,P018,12,8,0,False
2025-02-09,ST03,P018,13,8,0,False
2025-02-09,ST04,P018,14,8,0,False
2025-02-09,ST05,P018,33,8,0,False
2025-02-09,ST01,P019,63,15,0,False
2025-02-09,ST02,P019,30,15,0,False
2025-02-09,ST03,P019,18,15,0,False
2025-02-09,ST04,P019,32,15,0,False
2025-02-09,ST05,P019,24,15,0,False
2025-02-09,ST01,P020,30,13,0,False
2025-02-09,ST02,P020,35,13,1,True
2025-02-09,ST03,P020,21,13,0,False
2025-02-09,ST04,P020,35,13,0,False
2025-02-09,ST05,P020,20,13,0,False
2025-02-09,ST01,P021,62,13,0,False
2025-02-09,ST02,P021,61,13,0,False
2025-02-09,ST03,P021,24,13,0,False
2025-02-09,ST04,P021,62,13,0,False
2025-02-09,ST05,P021,5,13,0,False
2025-02-09,ST01,P022,24,8,0,False
2025-02-09,ST02,P022,0,8,1,True
2025-02-09,ST03,P022,22,8,1,True
2025-02-09,ST04,P022,0,8,2,True
2025-02-09,ST05,P022,14,8,1,True
2025-02-09,ST01,P023,18,6,0,False
2025-02-09,ST02,P023,2,6,0,False
2025-02-09,ST03,P023,24,6,0,False
2025-02-09,ST04,P023,30,6,0,False
2025-02-09,ST05,P023,22,6,2,True
2025-02-09,ST01,P024,16,16,0,False
2025-02-09,ST02,P024,9,16,0,False
2025-02-09,ST03,P024,27,16,0,False
2025-02-09,ST04,P024,29,16,0,False
2025-02-09,ST05,P024,9,16,0,False
2025-02-09,ST01,P025,48,12,0,False
2025-02-09,ST02,P025,48,12,0,False
2025-02-09,ST03,P025,36,12,0,False
2025-02-09,ST04,P025,20,12,0,False
2025-02-09,ST05,P025,37,12,0,False
2025-02-09,ST01,P026,51,16,0,False
2025-02-09,ST02,P026,61,16,0,False
2025-02-09,ST03,P026,30,16,0,False
2025-02-09,ST04,P026,55,16,0,False
2025-02-09,ST05,P026,55,16,0,False
2025-02-09,ST01,P027,15,8,0,False
2025-02-09,ST02,P027,17,8,0,False
2025-02-09,ST03,P027,22,8,0,False
2025-02-09,ST04,P027,8,8,0,False
2025-02-09,ST05,P027,18,8,0,False
2025-02-09,ST01,P028,16,14,0,False
2025-02-09,ST02,P028,11,14,0,False
2025-02-09,ST03,P028,25,14,0,False
2025-02-09,ST04,P028,3,14,0,False
2025-02-09,ST05,P028,25,14,0,False
2025-02-09,ST01,P029,28,16,0,False
2025-02-09,ST02,P029,24,16,0,False
2025-02-09,ST03,P029,26,16,0,False
2025-02-09,ST04,P029,34,16,0,False
2025-02-09,ST05,P029,64,16,0,False
2025-02-09,ST01,P030,19,14,0,False
2025-02-09,ST02,P030,27,14,0,False
2025-02-09,ST03,P030,49,14,0,False
2025-02-09,ST04,P030,63,14,0,False
2025-02-09,ST05,P030,44,14,0,False
2025-02-09,ST01,P031,33,12,0,False
2025-02-09,ST02,P031,25,12,0,False
2025-02-09,ST03,P031,39,12,0,False
2025-02-09,ST04,P031,37,12,0,False
2025-02-09,ST05,P031,20,12,0,False
2025-02-09,ST01,P032,33,8,0,False
2025-02-09,ST02,P032,28,8,0,False
2025-02-09,ST03,P032,10,8,0,False
2025-02-09,ST04,P032,11,8,0,False
2025-02-09,ST05,P032,29,8,0,False
2025-02-09,ST01,P033,9,13,0,False
2025-02-09,ST02,P033,50,13,0,False
2025-02-09,ST03,P033,63,13,0,False
2025-02-09,ST04,P033,62,13,0,False
2025-02-09,ST05,P033,2,13,0,False
2025-02-09,ST01,P034,24,9,0,False
2025-02-09,ST02,P034,39,9,0,False
2025-02-09,ST03,P034,28,9,0,False
2025-02-09,ST04,P034,7,9,0,False
2025-02-09,ST05,P034,12,9,0,False
2025-02-09,ST01,P035,17,13,0,False
2025-02-09,ST02,P035,28,13,0,False
2025-02-09,ST03,P035,36,13,0,False
2025-02-09,ST04,P035,27,13,0,False
2025-02-09,ST05,P035,23,13,0,False
2025-02-09,ST01,P036,14,11,0,False
2025-02-09,ST02,P036,51,11,0,False
2025-02-09,ST03,P036,10,11,0,False
2025-02-09,ST04,P036,16,11,0,False
2025-02-09,ST05,P036,20,11,0,False
2025-02-09,ST01,P037,62,7,0,False
2025-02-09,ST02,P037,0,7,0,False
2025-02-09,ST03,P037,55,7,0,False
2025-02-09,ST04,P037,14,7,0,False
2025-02-09,ST05,P037,58,7,0,False
2025-02-09,ST01,P038,11,9,0,False
2025-02-09,ST02,P038,37,9,0,False
2025-02-09,ST03,P038,21,9,0,False
2025-02-09,ST04,P038,41,9,0,False
2025-02-09,ST05,P038,40,9,0,False
2025-02-09,ST01,P039,11,10,0,False
2025-02-09,ST02,P039,16,10,0,False
2025-02-09,ST03,P039,30,10,0,False
2025-02-09,ST04,P039,29,10,0,False
2025-02-09,ST05,P039,10,10,0,False
2025-02-09,ST01,P040,17,14,0,False
2025-02-09,ST02,P040,22,14,0,False
2025-02-09,ST03,P040,18,14,0,False
2025-02-09,ST04,P040,41,14,0,False
2025-02-09,ST05,P040,32,14,0,False
2025-02-16,ST01,P001,27,16,0,False
2025-02-16,ST02,P001,37,16,0,False
2025-02-16,ST03,P001,18,16,0,False
2025-02-16,ST04,P001,15,16,0,False
2025-02-16,ST05,P001,13,16,0,False
2025-02-16,ST01,P002,10,12,0,False
2025-02-16,ST02,P002,20,12,0,False
2025-02-16,ST03,P002,38,12,0,False
2025-02-16,ST04,P002,14,12,0,False
2025-02-16,ST05,P002,2,12,0,False
2025-02-16,ST01,P003,4,13,0,False
2025-02-16,ST02,P003,24,13,0,False
2025-02-16,ST03,P003,23,13,0,False
2025-02-16,ST04,P003,34,13,0,False
2025-02-16,ST05,P003,19,13,0,False
2025-02-16,ST01,P004,13,11,1,True
2025-02-16,ST02,P004,0,11,5,True
2025-02-16,ST03,P004,13,11,0,False
2025-02-16,ST04,P004,26,11,0,False
2025-02-16,ST05,P004,20,11,0,False
2025-02-16,ST01,P005,59,11,0,False
2025-02-16,ST02,P005,44,11,0,False
2025-02-16,ST03,P005,60,11,0,False
2025-02-16,ST04,P005,60,11,0,False
2025-02-16,ST05,P005,50,11,0,False
2025-02-16,ST01,P006,43,15,0,False
2025-02-16,ST02,P006,45,15,0,False
2025-02-16,ST03,P006,18,15,0,False
2025-02-16,ST04,P006,34,15,0,False
2025-02-16,ST05,P006,59,15,0,False
2025-02-16,ST01,P007,8,8,0,False
2025-02-16,ST02,P007,15,8,0,False
2025-02-16,ST03,P007,45,8,0,False
2025-02-16,ST04,P007,11,8,0,False
2025-02-16,ST05,P007,50,8,0,False
2025-02-16,ST01,P008,25,8,0,False
2025-02-16,ST02,P008,22,8,0,False
2025-02-16,ST03,P008,20,8,0,False
2025-02-16,ST04,P008,7,8,0,False
2025-02-16,ST05,P008,20,8,0,False
2025-02-16,ST01,P009,44,14,0,False
2025-02-16,ST02,P009,36,14,0,False
2025-02-16,ST03,P009,49,14,0,False
2025-02-16,ST04,P009,39,14,0,False
2025-02-16,ST05,P009,20,14,0,False
2025-02-16,ST01,P010,31,7,0,False
2025-02-16,ST02,P010,36,7,0,False
2025-02-16,ST03,P010,28,7,0,False
2025-02-16,ST04,P010,24,7,0,False
2025-02-16,ST05,P010,28,7,0,False
2025-02-16,ST01,P011,42,13,0,False
2025-02-16,ST02,P011,54,13,0,False
2025-02-16,ST03,P011,58,13,3,True
2025-02-16,ST04,P011,9,13,0,False
2025-02-16,ST05,P011,47,13,0,False
2025-02-16,ST01,P012,11,7,0,False
2025-02-16,ST02,P012,16,7,0,False
2025-02-16,ST03,P012,1,7,0,False
2025-02-16,ST04,P012,12,7,0,False
2025-02-16,ST05,P012,11,7,0,False
2025-02-16,ST01,P013,12,7,0,False
2025-02-16,ST02,P013,43,7,0,False
2025-02-16,ST03,P013,18,7,0,False
2025-02-16,ST04,P013,11,7,0,False
2025-02-16,ST05,P013,52,7,0,False
2025-02-16,ST01,P014,13,13,0,False
2025-02-16,ST02,P014,16,13,0,False
2025-02-16,ST03,P014,9,13,0,False
2025-02-16,ST04,P014,28,13,0,False
2025-02-16,ST05,P014,3,13,0,False
2025-02-16,ST01,P015,32,7,0,False
2025-02-16,ST02,P015,50,7,0,False
2025-02-16,ST03,P015,37,7,0,False
2025-02-16,ST04,P015,38,7,0,False
2025-02-16,ST05,P015,26,7,0,False
2025-02-16,ST01,P016,31,14,0,False
2025-02-16,ST02,P016,16,14,0,False
2025-02-16,ST03,P016,47,14,0,False
2025-02-16,ST04,P016,16,14,0,False
2025-02-16,ST05,P016,12,14,0,False
2025-02-16,ST01,P017,18,13,2,True
2025-02-16,ST02,P017,16,13,0,False
2025-02-16,ST03,P017,17,13,1,True
2025-02-16,ST04,P017,24,13,0,False
2025-02-16,ST05,P017,16,13,4,True
2025-02-16,ST01,P018,35,8,0,False
2025-02-16,ST02,P018,10,8,0,False
2025-02-16,ST03,P018,12,8,0,False
2025-02-16,ST04,P018,12,8,0,False
2025-02-16,ST05,P018,28,8,0,False
2025-02-16,ST01,P019,56,15,0,False
2025-02-16,ST02,P019,29,15,0,False
2025-02-16,ST03,P019,16,15,0,False
2025-02-16,ST04,P019,32,15,0,False
2025-02-16,ST05,P019,22,15,0,False
2025-02-16,ST01,P020,21,13,0,False
2025-02-16,ST02,P020,27,13,0,False
2025-02-16,ST03,P020,17,13,0,False
2025-02-16,ST04,P020,33,13,0,False
2025-02-16,ST05,P020,15,13,0,False
2025-02-16,ST01,P021,56,13,0,False
2025-02-16,ST02,P021,56,13,0,False
2025-02-16,ST03,P021,19,13,0,False
2025-02-16,ST04,P021,60,13,0,False
2025-02-16,ST05,P021,64,13,0,False
2025-02-16,ST01,P022,15,8,0,False
2025-02-16,ST02,P022,22,8,0,False
2025-02-16,ST03,P022,16,8,0,False
2025-02-16,ST04,P022,0,8,5,True
2025-02-16,ST05,P022,0,8,0,False
2025-02-16,ST01,P023,6,6,0,False
2025-02-16,ST02,P023,25,6,1,True
2025-02-16,ST03,P023,21,6,0,False
2025-02-16,ST04,P023,22,6,0,False
2025-02-16,ST05,P023,8,6,0,False
2025-02-16,ST01,P024,22,16,1,True
2025-02-16,ST02,P024,12,16,0,False
2025-02-16,ST03,P024,14,16,0,False
2025-02-16,ST04,P024,11,16,0,False
2025-02-16,ST05,P024,3,16,1,True
2025-02-16,ST01,P025,40,12,0,False
2025-02-16,ST02,P025,38,12,0,False
2025-02-16,ST03,P025,32,12,0,False
2025-02-16,ST04,P025,12,12,0,False
2025-02-16,ST05,P025,28,12,0,False
2025-02-16,ST01,P026,50,16,0,False
2025-02-16,ST02,P026,59,16,0,False
2025-02-16,ST03,P026,26,16,0,False
2025-02-16,ST04,P026,52,16,0,False
2025-02-16,ST05,P026,48,16,0,False
2025-02-16,ST01,P027,3,8,0,False
2025-02-16,ST02,P027,12,8,0,False
2025-02-16,ST03,P027,16,8,0,False
2025-02-16,ST04,P027,4,8,0,False
2025-02-16,ST05,P027,13,8,0,False
2025-02-16,ST01,P028,7,14,0,False
2025-02-16,ST02,P028,36,14,0,False
2025-02-16,ST03,P028,7,14,0,False
2025-02-16,ST04,P028,26,14,1,True
2025-02-16,ST05,P028,15,14,0,False
2025-02-16,ST01,P029,28,16,0,False
2025-02-16,ST02,P029,22,16,0,False
2025-02-16,ST03,P029,26,16,0,False
2025-02-16,ST04,P029,34,16,0,False
2025-02-16,ST05,P029,64,16,0,False
2025-02-16,ST01,P030,13,14,0,False
2025-02-16,ST02,P030,24,14,0,False
2025-02-16,ST03,P030,44,14,0,False
2025-02-16,ST04,P030,56,14,0,False
2025-02-16,ST05,P030,43,14,0,False
2025-02-16,ST01,P031,32,12,0,False
2025-02-16,ST02,P031,25,12,0,False
2025-02-16,ST03,P031,39,12,0,False
2025-02-16,ST04,P031,36,12,0,False
2025-02-16,ST05,P031,20,12,0,False
2025-02-16,ST01,P032,33,8,0,False
2025-02-16,ST02,P032,28,8,0,False
2025-02-16,ST03,P032,9,8,0,False
2025-02-16,ST04,P032,11,8,0,False
2025-02-16,ST05,P032,29,8,0,False
2025-02-16,ST01,P033,65,13,0,False
2025-02-16,ST02,P033,45,13,0,False
2025-02-16,ST03,P033,59,13,0,False
2025-02-16,ST04,P033,58,13,0,False
2025-02-16,ST05,P033,0,13,2,True
2025-02-16,ST01,P034,17,9,0,False
2025-02-16,ST02,P034,35,9,0,False
2025-02-16,ST03,P034,24,9,0,False
2025-02-16,ST04,P034,4,9,0,False
2025-02-16,ST05,P034,8,9,0,False
2025-02-16,ST01,P035,8,13,0,False
2025-02-16,ST02,P035,20,13,0,False
2025-02-16,ST03,P035,31,13,0,False
2025-02-16,ST04,P035,23,13,0,False
2025-02-16,ST05,P035,11,13,0,False
2025-02-16,ST01,P036,14,11,0,False
2025-02-16,ST02,P036,46,11,0,False
2025-02-16,ST03,P036,6,11,0,False
2025-02-16,ST04,P036,14,11,0,False
2025-02-16,ST05,P036,18,11,0,False
2025-02-16,ST01,P037,57,7,0,False
2025-02-16,ST02,P037,0,7,3,True
2025-02-16,ST03,P037,51,7,0,False
2025-02-16,ST04,P037,12,7,0,False
2025-02-16,ST05,P037,55,7,0,False
2025-02-16,ST01,P038,10,9,0,False
2025-02-16,ST02,P038,34,9,0,False
2025-02-16,ST03,P038,20,9,0,False
2025-02-16,ST04,P038,41,9,0,False
2025-02-16,ST05,P038,38,9,0,False
2025-02-16,ST01,P039,9,10,0,False
2025-02-16,ST02,P039,14,10,0,False
2025-02-16,ST03,P039,29,10,0,False
2025-02-16,ST04,P039,29,10,0,False
2025-02-16,ST05,P039,67,10,0,False
2025-02-16,ST01,P040,14,14,0,False
2025-02-16,ST02,P040,21,14,0,False
2025-02-16,ST03,P040,17,14,0,False
2025-02-16,ST04,P040,41,14,0,False
2025-02-16,ST05,P040,32,14,0,False
2025-02-23,ST01,P001,23,16,0,False
2025-02-23,ST02,P001,33,16,0,False
2025-02-23,ST03,P001,13,16,0,False
2025-02-23,ST04,P001,13,16,0,False
2025-02-23,ST05,P001,9,16,0,False
2025-02-23,ST01,P002,26,12,0,False
2025-02-23,ST02,P002,11,12,0,False
2025-02-23,ST03,P002,33,12,0,False
2025-02-23,ST04,P002,9,12,0,False
2025-02-23,ST05,P002,23,12,0,False
2025-02-23,ST01,P003,30,13,0,False
2025-02-23,ST02,P003,20,13,0,False
2025-02-23,ST03,P003,20,13,0,False
2025-02-23,ST04,P003,26,13,0,False
2025-02-23,ST05,P003,12,13,0,False
2025-02-23,ST01,P004,1,11,0,False
2025-02-23,ST02,P004,17,11,0,False
2025-02-23,ST03,P004,5,11,0,False
2025-02-23,ST04,P004,18,11,0,False
2025-02-23,ST05,P004,4,11,0,False
2025-02-23,ST01,P005,54,11,0,False
2025-02-23,ST02,P005,38,11,0,False
2025-02-23,ST03,P005,55,11,0,False
2025-02-23,ST04,P005,52,11,0,False
2025-02-23,ST05,P005,40,11,0,False
2025-02-23,ST01,P006,39,15,0,False
2025-02-23,ST02,P006,44,15,0,False
2025-02-23,ST03,P006,15,15,0,False
2025-02-23,ST04,P006,34,15,0,False
2025-02-23,ST05,P006,54,15,0,False
2025-02-23,ST01,P007,0,8,1,True
2025-02-23,ST02,P007,11,8,0,False
2025-02-23,ST03,P007,41,8,0,False
2025-02-23,ST04,P007,7,8,0,False
2025-02-23,ST05,P007,46,8,0,False
2025-02-23,ST01,P008,18,8,0,False
2025-02-23,ST02,P008,15,8,0,False
2025-02-23,ST03,P008,14,8,0,False
2025-02-23,ST04,P008,6,8,0,False
2025-02-23,ST05,P008,18,8,0,False
2025-02-23,ST01,P009,40,14,0,False
2025-02-23,ST02,P009,34,14,0,False
2025-02-23,ST03,P009,44,14,0,False
2025-02-23,ST04,P009,38,14,0,False
2025-02-23,ST05,P009,16,14,0,False
2025-02-23,ST01,P010,22,7,0,False
2025-02-23,ST02,P010,28,7,0,False
2025-02-23,ST03,P010,24,7,0,False
2025-02-23,ST04,P010,21,7,0,False
2025-02-23,ST05,P010,20,7,0,False
2025-02-23,ST01,P011,36,13,0,False
2025-02-23,ST02,P011,48,13,0,False
2025-02-23,ST03,P011,50,13,0,False
2025-02-23,ST04,P011,61,13,0,False
2025-02-23,ST05,P011,43,13,0,False
2025-02-23,ST01,P012,25,7,1,True
2025-02-23,ST02,P012,5,7,0,False
2025-02-23,ST03,P012,18,7,0,False
2025-02-23,ST04,P012,6,7,0,False
2025-02-23,ST05,P012,28,7,0,False
2025-02-23,ST01,P013,8,7,0,False
2025-02-23,ST02,P013,41,7,0,False
2025-02-23,ST03,P013,17,7,0,False
2025-02-23,ST04,P013,10,7,0,False
2025-02-23,ST05,P013,51,7,0,False
2025-02-23,ST01,P014,4,13,0,False
2025-02-23,ST02,P014,0,13,0,False
2025-02-23,ST03,P014,37,13,0,False
2025-02-23,ST04,P014,21,13,0,False
2025-02-23,ST05,P014,37,13,4,True
2025-02-23,ST01,P015,27,7,0,False
2025-02-23,ST02,P015,49,7,0,False
2025-02-23,ST03,P015,35,7,0,False
2025-02-23,ST04,P015,36,7,0,False
2025-02-23,ST05,P015,22,7,0,False
2025-02-23,ST01,P016,24,14,0,False
2025-02-23,ST02,P016,7,14,0,False
2025-02-23,ST03,P016,42,14,0,False
2025-02-23,ST04,P016,13,14,0,False
2025-02-23,ST05,P016,9,14,0,False
2025-02-23,ST01,P017,0,13,3,True
2025-02-23,ST02,P017,10,13,0,False
2025-02-23,ST03,P017,0,13,0,False
2025-02-23,ST04,P017,17,13,0,False
2025-02-23,ST05,P017,1,13,0,False
2025-02-23,ST01,P018,30,8,0,False
2025-02-23,ST02,P018,7,8,0,False
2025-02-23,ST03,P018,10,8,0,False
2025-02-23,ST04,P018,10,8,0,False
2025-02-23,ST05,P018,24,8,0,False
2025-02-23,ST01,P019,56,15,0,False
2025-02-23,ST02,P019,27,15,0,False
2025-02-23,ST03,P019,76,15,0,False
2025-02-23,ST04,P019,27,15,0,False
2025-02-23,ST05,P019,19,15,0,False
2025-02-23,ST01,P020,11,13,0,False
2025-02-23,ST02,P020,24,13,0,False
2025-02-23,ST03,P020,14,13,0,False
2025-02-23,ST04,P020,32,13,0,False
2025-02-23,ST05,P020,46,13,0,False
2025-02-23,ST01,P021,48,13,0,False
2025-02-23,ST02,P021,53,13,0,False
2025-02-23,ST03,P021,15,13,0,False
2025-02-23,ST04,P021,59,13,0,False
2025-02-23,ST05,P021,56,13,0,False
2025-02-23,ST01,P022,0,8,0,False
2025-02-23,ST02,P022,6,8,0,False
2025-02-23,ST03,P022,5,8,0,False
2025-02-23,ST04,P022,23,8,0,False
2025-02-23,ST05,P022,17,8,1,True
2025-02-23,ST01,P023,23,6,2,True
2025-02-23,ST02,P023,20,6,0,False
2025-02-23,ST03,P023,15,6,0,False
2025-02-23,ST04,P023,16,6,0,False
2025-02-23,ST05,P023,23,6,0,False
2025-02-23,ST01,P024,3,16,0,False
2025-02-23,ST02,P024,0,16,3,True
2025-02-23,ST03,P024,31,16,0,False
2025-02-23,ST04,P024,32,16,0,False
2025-02-23,ST05,P024,0,16,6,True
2025-02-23,ST01,P025,35,12,0,False
2025-02-23,ST02,P025,34,12,0,False
2025-02-23,ST03,P025,26,12,0,False
2025-02-23,ST04,P025,7,12,0,False
2025-02-23,ST05,P025,24,12,0,False
2025-02-23,ST01,P026,41,16,0,False
2025-02-23,ST02,P026,58,16,0,False
2025-02-23,ST03,P026,23,16,0,False
2025-02-23,ST04,P026,50,16,0,False
2025-02-23,ST05,P026,45,16,0,False
2025-02-23,ST01,P027,45,8,2,True
2025-02-23,ST02,P027,5,8,0,False
2025-02-23,ST03,P027,3,8,0,False
2025-02-23,ST04,P027,46,8,0,False
2025-02-23,ST05,P027,0,8,0,False
2025-02-23,ST01,P028,13,14,0,False
2025-02-23,ST02,P028,26,14,0,False
2025-02-23,ST03,P028,0,14,3,True
2025-02-23,ST04,P028,19,14,0,False
2025-02-23,ST05,P028,0,14,2,True
2025-02-23,ST01,P029,26,16,0,False
2025-02-23,ST02,P029,21,16,0,False
2025-02-23,ST03,P029,24,16,0,False
2025-02-23,ST04,P029,33,16,0,False
2025-02-23,ST05,P029,62,16,0,False
2025-02-23,ST01,P030,56,14,0,False
2025-02-23,ST02,P030,21,14,0,False
2025-02-23,ST03,P030,38,14,0,False
2025-02-23,ST04,P030,52,14,0,False
2025-02-23,ST05,P030,39,14,0,False
2025-02-23,ST01,P031,28,12,0,False
2025-02-23,ST02,P031,23,12,0,False
2025-02-23,ST03,P031,37,12,0,False
2025-02-23,ST04,P031,35,12,0,False
2025-02-23,ST05,P031,18,12,0,False
2025-02-23,ST01,P032,32,8,0,False
2025-02-23,ST02,P032,28,8,0,False
2025-02-23,ST03,P032,7,8,0,False
2025-02-23,ST04,P032,10,8,0,False
2025-02-23,ST05,P032,27,8,0,False
2025-02-23,ST01,P033,59,13,0,False
2025-02-23,ST02,P033,39,13,0,False
2025-02-23,ST03,P033,57,13,0,False
2025-02-23,ST04,P033,55,13,0,False
2025-02-23,ST05,P033,61,13,1,True
2025-02-23,ST01,P034,7,9,0,False
2025-02-23,ST02,P034,23,9,0,False
2025-02-23,ST03,P034,19,9,0,False
2025-02-23,ST04,P034,36,9,0,False
2025-02-23,ST05,P034,34,9,0,False
2025-02-23,ST01,P035,43,13,0,False
2025-02-23,ST02,P035,13,13,0,False
2025-02-23,ST03,P035,21,13,0,False
2025-02-23,ST04,P035,23,13,0,False
2025-02-23,ST05,P035,44,13,0,False
2025-02-23,ST01,P036,10,11,0,False
2025-02-23,ST02,P036,45,11,0,False
2025-02-23,ST03,P036,53,11,0,False
2025-02-23,ST04,P036,12,11,0,False
2025-02-23,ST05,P036,16,11,0,False
2025-02-23,ST01,P037,54,7,0,False
2025-02-23,ST02,P037,67,7,2,True
2025-02-23,ST03,P037,51,7,0,False
2025-02-23,ST04,P037,10,7,0,False
2025-02-23,ST05,P037,51,7,0,False
2025-02-23,ST01,P038,9,9,0,False
2025-02-23,ST02,P038,32,9,0,False
2025-02-23,ST03,P038,18,9,0,False
2025-02-23,ST04,P038,41,9,0,False
2025-02-23,ST05,P038,35,9,0,False
2025-02-23,ST01,P039,67,10,0,False
2025-02-23,ST02,P039,14,10,0,False
2025-02-23,ST03,P039,29,10,0,False
2025-02-23,ST04,P039,29,10,0,False
2025-02-23,ST05,P039,66,10,0,False
2025-02-23,ST01,P040,14,14,0,False
2025-02-23,ST02,P040,19,14,0,False
2025-02-23,ST03,P040,16,14,0,False
2025-02-23,ST04,P040,40,14,0,False
2025-02-23,ST05,P040,30,14,0,False
2025-03-02,ST01,P001,21,16,0,False
2025-03-02,ST02,P001,27,16,0,False
2025-03-02,ST03,P001,12,16,0,False
2025-03-02,ST04,P001,42,16,0,False
2025-03-02,ST05,P001,29,16,0,False
2025-03-02,ST01,P002,16,12,0,False
2025-03-02,ST02,P002,32,12,2,True
2025-03-02,ST03,P002,26,12,0,False
2025-03-02,ST04,P002,35,12,0,False
2025-03-02,ST05,P002,0,12,0,False
2025-03-02,ST01,P003,25,13,0,False
2025-03-02,ST02,P003,18,13,0,False
2025-03-02,ST03,P003,19,13,0,False
2025-03-02,ST04,P003,24,13,0,False
2025-03-02,ST05,P003,9,13,0,False
2025-03-02,ST01,P004,0,11,5,True
2025-03-02,ST02,P004,8,11,0,False
2025-03-02,ST03,P004,0,11,1,True
2025-03-02,ST04,P004,12,11,0,False
2025-03-02,ST05,P004,0,11,4,True
2025-03-02,ST01,P005,47,11,0,False
2025-03-02,ST02,P005,28,11,0,False
2025-03-02,ST03,P005,47,11,0,False
2025-03-02,ST04,P005,45,11,0,False
2025-03-02,ST05,P005,31,11,0,False
2025-03-02,ST01,P006,36,15,0,False
2025-03-02,ST02,P006,40,15,0,False
2025-03-02,ST03,P006,14,15,0,False
2025-03-02,ST04,P006,33,15,0,False
2025-03-02,ST05,P006,52,15,0,False
2025-03-02,ST01,P007,64,8,1,True
2025-03-02,ST02,P007,5,8,0,False
2025-03-02,ST03,P007,33,8,0,False
2025-03-02,ST04,P007,3,8,0,False
2025-03-02,ST05,P007,36,8,0,False
2025-03-02,ST01,P008,16,8,0,False
2025-03-02,ST02,P008,12,8,0,False
2025-03-02,ST03,P008,13,8,0,False
2025-03-02,ST04,P008,37,8,0,False
2025-03-02,ST05,P008,15,8,0,False
2025-03-02,ST01,P009,32,14,0,False
2025-03-02,ST02,P009,31,14,0,False
2025-03-02,ST03,P009,43,14,0,False
2025-03-02,ST04,P009,37,14,0,False
2025-03-02,ST05,P009,48,14,0,False
2025-03-02,ST01,P010,14,7,0,False
2025-03-02,ST02,P010,18,7,0,False
2025-03-02,ST03,P010,20,7,0,False
2025-03-02,ST04,P010,16,7,0,False
2025-03-02,ST05,P010,9,7,0,False
2025-03-02,ST01,P011,28,13,0,False
2025-03-02,ST02,P011,46,13,0,False
2025-03-02,ST03,P011,41,13,0,False
2025-03-02,ST04,P011,55,13,0,False
2025-03-02,ST05,P011,29,13,0,False
2025-03-02,ST01,P012,13,7,0,False
2025-03-02,ST02,P012,31,7,0,False
2025-03-02,ST03,P012,6,7,0,False
2025-03-02,ST04,P012,33,7,0,False
2025-03-02,ST05,P012,8,7,0,False
2025-03-02,ST01,P013,6,7,0,False
2025-03-02,ST02,P013,38,7,0,False
2025-03-02,ST03,P013,14,7,0,False
2025-03-02,ST04,P013,8,7,0,False
2025-03-02,ST05,P013,50,7,0,False
2025-03-02,ST01,P014,31,13,0,False
2025-03-02,ST02,P014,38,13,3,True
2025-03-02,ST03,P014,30,13,0,False
2025-03-02,ST04,P014,12,13,0,False
2025-03-02,ST05,P014,23,13,0,False
2025-03-02,ST01,P015,24,7,0,False
2025-03-02,ST02,P015,36,7,0,False
2025-03-02,ST03,P015,31,7,0,False
2025-03-02,ST04,P015,33,7,0,False
2025-03-02,ST05,P015,19,7,0,False
2025-03-02,ST01,P016,4,14,0,False
2025-03-02,ST02,P016,0,14,3,True
2025-03-02,ST03,P016,38,14,0,False
2025-03-02,ST04,P016,10,14,0,False
2025-03-02,ST05,P016,52,14,3,True
2025-03-02,ST01,P017,20,13,1,True
2025-03-02,ST02,P017,27,13,0,False
2025-03-02,ST03,P017,21,13,3,True
2025-03-02,ST04,P017,7,13,0,False
2025-03-02,ST05,P017,23,13,2,True
2025-03-02,ST01,P018,26,8,0,False
2025-03-02,ST02,P018,47,8,0,False
2025-03-02,ST03,P018,9,8,0,False
2025-03-02,ST04,P018,9,8,0,False
2025-03-02,ST05,P018,17,8,0,False
2025-03-02,ST01,P019,55,15,0,False
2025-03-02,ST02,P019,25,15,0,False
2025-03-02,ST03,P019,74,15,0,False
2025-03-02,ST04,P019,27,15,0,False
2025-03-02,ST05,P019,15,15,0,False
2025-03-02,ST01,P020,38,13,0,False
2025-03-02,ST02,P020,17,13,0,False
2025-03-02,ST03,P020,48,13,0,False
2025-03-02,ST04,P020,28,13,0,False
2025-03-02,ST05,P020,40,13,0,False
2025-03-02,ST01,P021,44,13,0,False
2025-03-02,ST02,P021,51,13,0,False
2025-03-02,ST03,P021,12,13,0,False
2025-03-02,ST04,P021,56,13,0,False
2025-03-02,ST05,P021,51,13,0,False
2025-03-02,ST01,P022,18,8,3,True
2025-03-02,ST02,P022,21,8,2,True
2025-03-02,ST03,P022,27,8,0,False
2025-03-02,ST04,P022,20,8,0,False
2025-03-02,ST05,P022,5,8,0,False
2025-03-02,ST01,P023,8,6,0,False
2025-03-02,ST02,P023,15,6,0,False
2025-03-02,ST03,P023,2,6,0,False
2025-03-02,ST04,P023,8,6,0,False
2025-03-02,ST05,P023,17,6,0,False
2025-03-02,ST01,P024,7,16,0,False
2025-03-02,ST02,P024,19,16,1,True
2025-03-02,ST03,P024,15,16,0,False
2025-03-02,ST04,P024,23,16,0,False
2025-03-02,ST05,P024,27,16,3,True
2025-03-02,ST01,P025,26,12,0,False
2025-03-02,ST02,P025,28,12,0,False
2025-03-02,ST03,P025,22,12,0,False
2025-03-02,ST04,P025,61,12,0,False
2025-03-02,ST05,P025,20,12,0,False
2025-03-02,ST01,P026,33,16,0,False
2025-03-02,ST02,P026,52,16,0,False
2025-03-02,ST03,P026,13,16,0,False
2025-03-02,ST04,P026,46,16,0,False
2025-03-02,ST05,P026,40,16,0,False
2025-03-02,ST01,P027,40,8,0,False
2025-03-02,ST02,P027,0,8,3,True
2025-03-02,ST03,P027,46,8,3,True
2025-03-02,ST04,P027,42,8,0,False
2025-03-02,ST05,P027,44,8,4,True
2025-03-02,ST01,P028,0,14,2,True
2025-03-02,ST02,P028,16,14,0,False
2025-03-02,ST03,P028,13,14,0,False
2025-03-02,ST04,P028,12,14,0,False
2025-03-02,ST05,P028,8,14,3,True
2025-03-02,ST01,P029,24,16,0,False
2025-03-02,ST02,P029,19,16,0,False
2025-03-02,ST03,P029,22,16,0,False
2025-03-02,ST04,P029,33,16,0,False
2025-03-02,ST05,P029,58,16,0,False
2025-03-02,ST01,P030,49,14,0,False
2025-03-02,ST02,P030,16,14,0,False
2025-03-02,ST03,P030,35,14,0,False
2025-03-02,ST04,P030,50,14,0,False
2025-03-02,ST05,P030,28,14,0,False
2025-03-02,ST01,P031,28,12,0,False
2025-03-02,ST02,P031,23,12,0,False
2025-03-02,ST03,P031,37,12,0,False
2025-03-02,ST04,P031,34,12,0,False
2025-03-02,ST05,P031,16,12,0,False
2025-03-02,ST01,P032,32,8,0,False
2025-03-02,ST02,P032,28,8,0,False
2025-03-02,ST03,P032,71,8,0,False
2025-03-02,ST04,P032,9,8,0,False
2025-03-02,ST05,P032,27,8,0,False
2025-03-02,ST01,P033,54,13,0,False
2025-03-02,ST02,P033,36,13,0,False
2025-03-02,ST03,P033,52,13,0,False
2025-03-02,ST04,P033,48,13,0,False
2025-03-02,ST05,P033,59,13,0,False
2025-03-02,ST01,P034,37,9,0,False
2025-03-02,ST02,P034,19,9,0,False
2025-03-02,ST03,P034,17,9,0,False
2025-03-02,ST04,P034,33,9,0,False
2025-03-02,ST05,P034,26,9,0,False
2025-03-02,ST01,P035,37,13,0,False
2025-03-02,ST02,P035,8,13,0,False
2025-03-02,ST03,P035,15,13,0,False
2025-03-02,ST04,P035,21,13,0,False
2025-03-02,ST05,P035,40,13,0,False
2025-03-02,ST01,P036,7,11,0,False
2025-03-02,ST02,P036,40,11,0,False
2025-03-02,ST03,P036,52,11,0,False
2025-03-02,ST04,P036,10,11,0,False
2025-03-02,ST05,P036,13,11,0,False
2025-03-02,ST01,P037,50,7,0,False
2025-03-02,ST02,P037,66,7,0,False
2025-03-02,ST03,P037,46,7,0,False
2025-03-02,ST04,P037,6,7,0,False
2025-03-02,ST05,P037,49,7,0,False
2025-03-02,ST01,P038,43,9,0,False
2025-03-02,ST02,P038,29,9,0,False
2025-03-02,ST03,P038,17,9,0,False
2025-03-02,ST04,P038,39,9,0,False
2025-03-02,ST05,P038,33,9,0,False
2025-03-02,ST01,P039,67,10,0,False
2025-03-02,ST02,P039,14,10,0,False
2025-03-02,ST03,P039,29,10,0,False
2025-03-02,ST04,P039,27,10,0,False
2025-03-02,ST05,P039,64,10,0,False
2025-03-02,ST01,P040,43,14,0,False
2025-03-02,ST02,P040,16,14,0,False
2025-03-02,ST03,P040,15,14,0,False
2025-03-02,ST04,P040,38,14,0,False
2025-03-02,ST05,P040,29,14,0,False
2025-03-09,ST01,P001,16,16,0,False
2025-03-09,ST02,P001,24,16,0,False
2025-03-09,ST03,P001,42,16,0,False
2025-03-09,ST04,P001,41,16,0,False
2025-03-09,ST05,P001,26,16,0,False
2025-03-09,ST01,P002,5,12,0,False
2025-03-09,ST02,P002,21,12,0,False
2025-03-09,ST03,P002,21,12,0,False
2025-03-09,ST04,P002,28,12,0,False
2025-03-09,ST05,P002,19,12,1,True
2025-03-09,ST01,P003,18,13,0,False
2025-03-09,ST02,P003,17,13,0,False
2025-03-09,ST03,P003,16,13,0,False
2025-03-09,ST04,P003,22,13,0,False
2025-03-09,ST05,P003,31,13,0,False
2025-03-09,ST01,P004,6,11,0,False
2025-03-09,ST02,P004,26,11,4,True
2025-03-09,ST03,P004,23,11,4,True
2025-03-09,ST04,P004,9,11,0,False
2025-03-09,ST05,P004,12,11,0,False
2025-03-09,ST01,P005,41,11,0,False
2025-03-09,ST02,P005,24,11,0,False
2025-03-09,ST03,P005,43,11,0,False
2025-03-09,ST04,P005,37,11,0,False
2025-03-09,ST05,P005,24,11,0,False
2025-03-09,ST01,P006,32,15,0,False
2025-03-09,ST02,P006,37,15,0,False
2025-03-09,ST03,P006,66,15,0,False
2025-03-09,ST04,P006,31,15,0,False
2025-03-09,ST05,P006,51,15,0,False
2025-03-09,ST01,P007,50,8,0,False
2025-03-09,ST02,P007,0,8,2,True
2025-03-09,ST03,P007,25,8,0,False
2025-03-09,ST04,P007,70,8,0,False
2025-03-09,ST05,P007,31,8,0,False
2025-03-09,ST01,P008,15,8,0,False
2025-03-09,ST02,P008,8,8,0,False
2025-03-09,ST03,P008,12,8,0,False
2025-03-09,ST04,P008,34,8,0,False
2025-03-09,ST05,P008,7,8,0,False
2025-03-09,ST01,P009,25,14,0,False
2025-03-09,ST02,P009,27,14,0,False
2025-03-09,ST03,P009,42,14,0,False
2025-03-09,ST04,P009,35,14,0,False
2025-03-09,ST05,P009,41,14,0,False
2025-03-09,ST01,P010,8,7,0,False
2025-03-09,ST02,P010,7,7,0,False
2025-03-09,ST03,P010,16,7,0,False
2025-03-09,ST04,P010,12,7,0,False
2025-03-09,ST05,P010,6,7,0,False
2025-03-09,ST01,P011,12,13,0,False
2025-03-09,ST02,P011,28,13,0,False
2025-03-09,ST03,P011,34,13,0,False
2025-03-09,ST04,P011,47,13,0,False
2025-03-09,ST05,P011,16,13,0,False
2025-03-09,ST01,P012,0,7,0,False
2025-03-09,ST02,P012,25,7,0,False
2025-03-09,ST03,P012,32,7,0,False
2025-03-09,ST04,P012,31,7,0,False
2025-03-09,ST05,P012,26,7,1,True
2025-03-09,ST01,P013,4,7,0,False
2025-03-09,ST02,P013,37,7,0,False
2025-03-09,ST03,P013,12,7,0,False
2025-03-09,ST04,P013,8,7,0,False
2025-03-09,ST05,P013,46,7,0,False
2025-03-09,ST01,P014,12,13,0,False
2025-03-09,ST02,P014,31,13,0,False
2025-03-09,ST03,P014,21,13,0,False
2025-03-09,ST04,P014,5,13,0,False
2025-03-09,ST05,P014,6,13,0,False
2025-03-09,ST01,P015,14,7,0,False
2025-03-09,ST02,P015,29,7,0,False
2025-03-09,ST03,P015,28,7,0,False
2025-03-09,ST04,P015,30,7,0,False
2025-03-09,ST05,P015,14,7,0,False
2025-03-09,ST01,P016,0,14,5,True
2025-03-09,ST02,P016,46,14,0,False
2025-03-09,ST03,P016,25,14,0,False
2025-03-09,ST04,P016,55,14,0,False
2025-03-09,ST05,P016,49,14,0,False
2025-03-09,ST01,P017,5,13,0,False
2025-03-09,ST02,P017,14,13,0,False
2025-03-09,ST03,P017,12,13,0,False
2025-03-09,ST04,P017,2,13,0,False
2025-03-09,ST05,P017,15,13,0,False
2025-03-09,ST01,P018,16,8,0,False
2025-03-09,ST02,P018,45,8,0,False
2025-03-09,ST03,P018,8,8,0,False
2025-03-09,ST04,P018,5,8,0,False
2025-03-09,ST05,P018,15,8,0,False
2025-03-09,ST01,P019,52,15,0,False
2025-03-09,ST02,P019,22,15,0,False
2025-03-09,ST03,P019,74,15,0,False
2025-03-09,ST04,P019,26,15,0,False
2025-03-09,ST05,P019,76,15,0,False
2025-03-09,ST01,P020,32,13,0,False
2025-03-09,ST02,P020,14,13,0,False
2025-03-09,ST03,P020,44,13,0,False
2025-03-09,ST04,P020,28,13,0,False
2025-03-09,ST05,P020,34,13,0,False
2025-03-09,ST01,P021,40,13,0,False
2025-03-09,ST02,P021,44,13,0,False
2025-03-09,ST03,P021,70,13,0,False
2025-03-09,ST04,P021,48,13,0,False
2025-03-09,ST05,P021,44,13,0,False
2025-03-09,ST01,P022,0,8,1,True
2025-03-09,ST02,P022,13,8,0,False
2025-03-09,ST03,P022,9,8,0,False
2025-03-09,ST04,P022,19,8,0,False
2025-03-09,ST05,P022,0,8,3,True
2025-03-09,ST01,P023,26,6,2,True
2025-03-09,ST02,P023,0,6,1,True
2025-03-09,ST03,P023,0,6,1,True
2025-03-09,ST04,P023,31,6,0,False
2025-03-09,ST05,P023,5,6,0,False
2025-03-09,ST01,P024,0,16,0,False
2025-03-09,ST02,P024,34,16,0,False
2025-03-09,ST03,P024,33,16,0,False
2025-03-09,ST04,P024,9,16,0,False
2025-03-09,ST05,P024,6,16,0,False
2025-03-09,ST01,P025,20,12,0,False
2025-03-09,ST02,P025,11,12,0,False
2025-03-09,ST03,P025,19,12,0,False
2025-03-09,ST04,P025,60,12,0,False
2025-03-09,ST05,P025,12,12,0,False
2025-03-09,ST01,P026,28,16,0,False
2025-03-09,ST02,P026,48,16,0,False
2025-03-09,ST03,P026,8,16,0,False
2025-03-09,ST04,P026,42,16,0,False
2025-03-09,ST05,P026,39,16,0,False
2025-03-09,ST01,P027,31,8,0,False
2025-03-09,ST02,P027,0,8,6,True
2025-03-09,ST03,P027,37,8,0,False
2025-03-09,ST04,P027,37,8,0,False
2025-03-09,ST05,P027,38,8,0,False
2025-03-09,ST01,P028,9,14,2,True
2025-03-09,ST02,P028,5,14,0,False
2025-03-09,ST03,P028,7,14,0,False
2025-03-09,ST04,P028,3,14,0,False
2025-03-09,ST05,P028,0,14,2,True
2025-03-09,ST01,P029,23,16,0,False
2025-03-09,ST02,P029,17,16,0,False
2025-03-09,ST03,P029,21,16,0,False
2025-03-09,ST04,P029,30,16,0,False
2025-03-09,ST05,P029,56,16,0,False
2025-03-09,ST01,P030,40,14,0,False
2025-03-09,ST02,P030,11,14,0,False
2025-03-09,ST03,P030,34,14,0,False
2025-03-09,ST04,P030,45,14,0,False
2025-03-09,ST05,P030,23,14,0,False
2025-03-09,ST01,P031,28,12,0,False
2025-03-09,ST02,P031,20,12,0,False
2025-03-09,ST03,P031,35,12,0,False
2025-03-09,ST04,P031,33,12,0,False
2025-03-09,ST05,P031,16,12,0,False
2025-03-09,ST01,P032,31,8,0,False
2025-03-09,ST02,P032,26,8,0,False
2025-03-09,ST03,P032,71,8,0,False
2025-03-09,ST04,P032,8,8,0,False
2025-03-09,ST05,P032,26,8,0,False
2025-03-09,ST01,P033,47,13,0,False
2025-03-09,ST02,P033,28,13,0,False
2025-03-09,ST03,P033,50,13,0,False
2025-03-09,ST04,P033,44,13,0,False
2025-03-09,ST05,P033,53,13,0,False
2025-03-09,ST01,P034,32,9,0,False
2025-03-09,ST02,P034,15,9,0,False
2025-03-09,ST03,P034,12,9,0,False
2025-03-09,ST04,P034,28,9,0,False
2025-03-09,ST05,P034,22,9,0,False
2025-03-09,ST01,P035,26,13,0,False
2025-03-09,ST02,P035,41,13,0,False
2025-03-09,ST03,P035,7,13,0,False
2025-03-09,ST04,P035,18,13,0,False
2025-03-09,ST05,P035,30,13,0,False
2025-03-09,ST01,P036,53,11,0,False
2025-03-09,ST02,P036,37,11,0,False
2025-03-09,ST03,P036,48,11,0,False
2025-03-09,ST04,P036,9,11,0,False
2025-03-09,ST05,P036,9,11,0,False
2025-03-09,ST01,P037,46,7,0,False
2025-03-09,ST02,P037,63,7,0,False
2025-03-09,ST03,P037,44,7,0,False
2025-03-09,ST04,P037,5,7,0,False
2025-03-09,ST05,P037,47,7,0,False
2025-03-09,ST01,P038,40,9,0,False
2025-03-09,ST02,P038,23,9,0,False
2025-03-09,ST03,P038,17,9,0,False
2025-03-09,ST04,P038,38,9,0,False
2025-03-09,ST05,P038,33,9,0,False
2025-03-09,ST01,P039,67,10,0,False
2025-03-09,ST02,P039,11,10,0,False
2025-03-09,ST03,P039,29,10,0,False
2025-03-09,ST04,P039,27,10,0,False
2025-03-09,ST05,P039,63,10,0,False
2025-03-09,ST01,P040,38,14,0,False
2025-03-09,ST02,P040,11,14,0,False
2025-03-09,ST03,P040,11,14,0,False
2025-03-09,ST04,P040,36,14,0,False
2025-03-09,ST05,P040,24,14,0,False
2025-03-16,ST01,P001,13,16,0,False
2025-03-16,ST02,P001,19,16,0,False
2025-03-16,ST03,P001,38,16,0,False
2025-03-16,ST04,P001,41,16,0,False
2025-03-16,ST05,P001,22,16,0,False
2025-03-16,ST01,P002,25,12,0,False
2025-03-16,ST02,P002,14,12,0,False
2025-03-16,ST03,P002,15,12,0,False
2025-03-16,ST04,P002,20,12,0,False
2025-03-16,ST05,P002,12,12,0,False
2025-03-16,ST01,P003,14,13,0,False
2025-03-16,ST02,P003,11,13,0,False
2025-03-16,ST03,P003,15,13,0,False
2025-03-16,ST04,P003,21,13,0,False
2025-03-16,ST05,P003,28,13,0,False
2025-03-16,ST01,P004,0,11,2,True
2025-03-16,ST02,P004,22,11,0,False
2025-03-16,ST03,P004,13,11,0,False
2025-03-16,ST04,P004,26,11,0,False
2025-03-16,ST05,P004,0,11,2,True
2025-03-16,ST01,P005,36,11,0,False
2025-03-16,ST02,P005,17,11,0,False
2025-03-16,ST03,P005,34,11,0,False
2025-03-16,ST04,P005,31,11,0,False
2025-03-16,ST05,P005,23,11,0,False
2025-03-16,ST01,P006,30,15,0,False
2025-03-16,ST02,P006,33,15,0,False
2025-03-16,ST03,P006,63,15,0,False
2025-03-16,ST04,P006,26,15,0,False
2025-03-16,ST05,P006,48,15,0,False
2025-03-16,ST01,P007,40,8,0,False
2025-03-16,ST02,P007,61,8,0,False
2025-03-16,ST03,P007,15,8,0,False
2025-03-16,ST04,P007,61,8,0,False
2025-03-16,ST05,P007,21,8,0,False
2025-03-16,ST01,P008,8,8,0,False
2025-03-16,ST02,P008,7,8,0,False
2025-03-16,ST03,P008,10,8,0,False
2025-03-16,ST04,P008,34,8,0,False
2025-03-16,ST05,P008,2,8,0,False
2025-03-16,ST01,P009,19,14,0,False
2025-03-16,ST02,P009,23,14,0,False
2025-03-16,ST03,P009,41,14,0,False
2025-03-16,ST04,P009,33,14,0,False
2025-03-16,ST05,P009,34,14,0,False
2025-03-16,ST01,P010,0,7,3,True
2025-03-16,ST02,P010,3,7,0,False
2025-03-16,ST03,P010,13,7,0,False
2025-03-16,ST04,P010,9,7,0,False
2025-03-16,ST05,P010,43,7,0,False
2025-03-16,ST01,P011,54,13,0,False
2025-03-16,ST02,P011,17,13,0,False
2025-03-16,ST03,P011,27,13,0,False
2025-03-16,ST04,P011,41,13,0,False
2025-03-16,ST05,P011,63,13,0,False
2025-03-16,ST01,P012,20,7,1,True
2025-03-16,ST02,P012,11,7,0,False
2025-03-16,ST03,P012,26,7,0,False
2025-03-16,ST04,P012,23,7,0,False
2025-03-16,ST05,P012,20,7,0,False
2025-03-16,ST01,P013,53,7,0,False
2025-03-16,ST02,P013,31,7,0,False
2025-03-16,ST03,P013,12,7,0,False
2025-03-16,ST04,P013,6,7,0,False
2025-03-16,ST05,P013,45,7,0,False
2025-03-16,ST01,P014,0,13,1,True
2025-03-16,ST02,P014,10,13,0,False
2025-03-16,ST03,P014,9,13,0,False
2025-03-16,ST04,P014,38,13,0,False
2025-03-16,ST05,P014,37,13,0,False
2025-03-16,ST01,P015,11,7,0,False
2025-03-16,ST02,P015,23,7,0,False
2025-03-16,ST03,P015,22,7,0,False
2025-03-16,ST04,P015,23,7,0,False
2025-03-16,ST05,P015,7,7,0,False
2025-03-16,ST01,P016,48,14,3,True
2025-03-16,ST02,P016,40,14,0,False
2025-03-16,ST03,P016,14,14,0,False
2025-03-16,ST04,P016,49,14,0,False
2025-03-16,ST05,P016,29,14,0,False
2025-03-16,ST01,P017,0,13,4,True
2025-03-16,ST02,P017,8,13,0,False
2025-03-16,ST03,P017,1,13,0,False
2025-03-16,ST04,P017,0,13,5,True
2025-03-16,ST05,P017,1,13,0,False
2025-03-16,ST01,P018,12,8,0,False
2025-03-16,ST02,P018,44,8,0,False
2025-03-16,ST03,P018,47,8,0,False
2025-03-16,ST04,P018,46,8,0,False
2025-03-16,ST05,P018,12,8,0,False
2025-03-16,ST01,P019,48,15,0,False
2025-03-16,ST02,P019,19,15,0,False
2025-03-16,ST03,P019,73,15,0,False
2025-03-16,ST04,P019,25,15,0,False
2025-03-16,ST05,P019,74,15,0,False
2025-03-16,ST01,P020,26,13,0,False
2025-03-16,ST02,P020,43,13,0,False
2025-03-16,ST03,P020,37,13,0,False
2025-03-16,ST04,P020,26,13,0,False
2025-03-16,ST05,P020,30,13,0,False
2025-03-16,ST01,P021,38,13,0,False
2025-03-16,ST02,P021,39,13,0,False
2025-03-16,ST03,P021,67,13,0,False
2025-03-16,ST04,P021,46,13,0,False
2025-03-16,ST05,P021,39,13,0,False
2025-03-16,ST01,P022,0,8,1,True
2025-03-16,ST02,P022,0,8,1,True
2025-03-16,ST03,P022,0,8,3,True
2025-03-16,ST04,P022,17,8,0,False
2025-03-16,ST05,P022,0,8,5,True
2025-03-16,ST01,P023,15,6,0,False
2025-03-16,ST02,P023,19,6,0,False
2025-03-16,ST03,P023,24,6,3,True
2025-03-16,ST04,P023,25,6,0,False
2025-03-16,ST05,P023,22,6,1,True
2025-03-16,ST01,P024,20,16,3,True
2025-03-16,ST02,P024,21,16,0,False
2025-03-16,ST03,P024,30,16,0,False
2025-03-16,ST04,P024,34,16,0,False
2025-03-16,ST05,P024,13,16,0,False
2025-03-16,ST01,P025,14,12,0,False
2025-03-16,ST02,P025,5,12,0,False
2025-03-16,ST03,P025,7,12,0,False
2025-03-16,ST04,P025,55,12,0,False
2025-03-16,ST05,P025,2,12,0,False
2025-03-16,ST01,P026,18,16,0,False
2025-03-16,ST02,P026,45,16,0,False
2025-03-16,ST03,P026,60,16,0,False
2025-03-16,ST04,P026,33,16,0,False
2025-03-16,ST05,P026,32,16,0,False
2025-03-16,ST01,P027,13,8,0,False
2025-03-16,ST02,P027,44,8,1,True
2025-03-16,ST03,P027,29,8,0,False
2025-03-16,ST04,P027,30,8,0,False
2025-03-16,ST05,P027,30,8,0,False
2025-03-16,ST01,P028,0,14,3,True
2025-03-16,ST02,P028,27,14,1,True
2025-03-16,ST03,P028,31,14,0,False
2025-03-16,ST04,P028,28,14,2,True
2025-03-16,ST05,P028,20,14,2,True
2025-03-16,ST01,P029,23,16,0,False
2025-03-16,ST02,P029,67,16,0,False
2025-03-16,ST03,P029,20,16,0,False
2025-03-16,ST04,P029,29,16,0,False
2025-03-16,ST05,P029,50,16,0,False
2025-03-16,ST01,P030,30,14,0,False
2025-03-16,ST02,P030,57,14,0,False
2025-03-16,ST03,P030,22,14,0,False
2025-03-16,ST04,P030,38,14,0,False
2025-03-16,ST05,P030,12,14,0,False
2025-03-16,ST01,P031,25,12,0,False
2025-03-16,ST02,P031,20,12,0,False
2025-03-16,ST03,P031,33,12,0,False
2025-03-16,ST04,P031,32,12,0,False
2025-03-16,ST05,P031,16,12,0,False
2025-03-16,ST01,P032,28,8,0,False
2025-03-16,ST02,P032,26,8,0,False
2025-03-16,ST03,P032,70,8,0,False
2025-03-16,ST04,P032,8,8,0,False
2025-03-16,ST05,P032,25,8,0,False
2025-03-16,ST01,P033,37,13,0,False
2025-03-16,ST02,P033,26,13,0,False
2025-03-16,ST03,P033,46,13,0,False
2025-03-16,ST04,P033,41,13,0,False
2025-03-16,ST05,P033,47,13,0,False
2025-03-16,ST01,P034,11,9,0,False
2025-03-16,ST02,P034,9,9,0,False
2025-03-16,ST03,P034,6,9,0,False
2025-03-16,ST04,P034,25,9,0,False
2025-03-16,ST05,P034,15,9,0,False
2025-03-16,ST01,P035,10,13,0,False
2025-03-16,ST02,P035,35,13,0,False
2025-03-16,ST03,P035,48,13,0,False
2025-03-16,ST04,P035,15,13,0,False
2025-03-16,ST05,P035,25,13,0,False
2025-03-16,ST01,P036,49,11,0,False
2025-03-16,ST02,P036,37,11,0,False
2025-03-16,ST03,P036,45,11,0,False
2025-03-16,ST04,P036,9,11,0,False
2025-03-16,ST05,P036,6,11,0,False
2025-03-16,ST01,P037,42,7,0,False
2025-03-16,ST02,P037,60,7,0,False
2025-03-16,ST03,P037,41,7,0,False
2025-03-16,ST04,P037,72,7,0,False
2025-03-16,ST05,P037,47,7,0,False
2025-03-16,ST01,P038,39,9,0,False
2025-03-16,ST02,P038,23,9,0,False
2025-03-16,ST03,P038,15,9,0,False
2025-03-16,ST04,P038,38,9,0,False
2025-03-16,ST05,P038,32,9,0,False
2025-03-16,ST01,P039,64,10,0,False
2025-03-16,ST02,P039,8,10,0,False
2025-03-16,ST03,P039,28,10,0,False
2025-03-16,ST04,P039,25,10,0,False
2025-03-16,ST05,P039,62,10,0,False
2025-03-16,ST01,P040,36,14,0,False
2025-03-16,ST02,P040,10,14,0,False
2025-03-16,ST03,P040,7,14,0,False
2025-03-16,ST04,P040,36,14,0,False
2025-03-16,ST05,P040,19,14,0,False
2025-03-23,ST01,P001,44,16,0,False
2025-03-23,ST02,P001,15,16,0,False
2025-03-23,ST03,P001,34,16,0,False
2025-03-23,ST04,P001,38,16,0,False
2025-03-23,ST05,P001,18,16,0,False
2025-03-23,ST01,P002,13,12,0,False
2025-03-23,ST02,P002,5,12,0,False
2025-03-23,ST03,P002,6,12,0,False
2025-03-23,ST04,P002,16,12,0,False
2025-03-23,ST05,P002,32,12,2,True
2025-03-23,ST01,P003,9,13,0,False
2025-03-23,ST02,P003,7,13,0,False
2025-03-23,ST03,P003,9,13,0,False
2025-03-23,ST04,P003,17,13,0,False
2025-03-23,ST05,P003,21,13,0,False
2025-03-23,ST01,P004,14,11,0,False
2025-03-23,ST02,P004,0,11,2,True
2025-03-23,ST03,P004,7,11,0,False
2025-03-23,ST04,P004,23,11,0,False
2025-03-23,ST05,P004,17,11,3,True
2025-03-23,ST01,P005,24,11,0,False
2025-03-23,ST02,P005,10,11,0,False
2025-03-23,ST03,P005,29,11,0,False
2025-03-23,ST04,P005,24,11,0,False
2025-03-23,ST05,P005,16,11,0,False
2025-03-23,ST01,P006,26,15,0,False
2025-03-23,ST02,P006,30,15,0,False
2025-03-23,ST03,P006,58,15,0,False
2025-03-23,ST04,P006,26,15,0,False
2025-03-23,ST05,P006,41,15,0,False
2025-03-23,ST01,P007,31,8,0,False
2025-03-23,ST02,P007,51,8,0,False
2025-03-23,ST03,P007,11,8,0,False
2025-03-23,ST04,P007,55,8,0,False
2025-03-23,ST05,P007,9,8,0,False
2025-03-23,ST01,P008,2,8,0,False
2025-03-23,ST02,P008,36,8,0,False
2025-03-23,ST03,P008,9,8,0,False
2025-03-23,ST04,P008,31,8,0,False
2025-03-23,ST05,P008,31,8,2,True
2025-03-23,ST01,P009,15,14,0,False
2025-03-23,ST02,P009,21,14,0,False
2025-03-23,ST03,P009,38,14,0,False
2025-03-23,ST04,P009,30,14,0,False
2025-03-23,ST05,P009,30,14,0,False
2025-03-23,ST01,P010,43,7,4,True
2025-03-23,ST02,P010,40,7,0,False
2025-03-23,ST03,P010,9,7,0,False
2025-03-23,ST04,P010,3,7,0,False
2025-03-23,ST05,P010,37,7,0,False
2025-03-23,ST01,P011,37,13,0,False
2025-03-23,ST02,P011,68,13,0,False
2025-03-23,ST03,P011,23,13,0,False
2025-03-23,ST04,P011,36,13,0,False
2025-03-23,ST05,P011,57,13,0,False
2025-03-23,ST01,P012,5,7,0,False
2025-03-23,ST02,P012,29,7,0,False
2025-03-23,ST03,P012,13,7,0,False
2025-03-23,ST04,P012,18,7,0,False
2025-03-23,ST05,P012,16,7,0,False
2025-03-23,ST01,P013,51,7,0,False
2025-03-23,ST02,P013,26,7,0,False
2025-03-23,ST03,P013,10,7,0,False
2025-03-23,ST04,P013,56,7,0,False
2025-03-23,ST05,P013,44,7,0,False
2025-03-23,ST01,P014,21,13,1,True
2025-03-23,ST02,P014,1,13,0,False
2025-03-23,ST03,P014,0,13,2,True
2025-03-23,ST04,P014,31,13,0,False
2025-03-23,ST05,P014,28,13,0,False
2025-03-23,ST01,P015,8,7,0,False
2025-03-23,ST02,P015,16,7,0,False
2025-03-23,ST03,P015,11,7,0,False
2025-03-23,ST04,P015,21,7,0,False
2025-03-23,ST05,P015,47,7,0,False
2025-03-23,ST01,P016,32,14,0,False
2025-03-23,ST02,P016,27,14,0,False
2025-03-23,ST03,P016,7,14,0,False
2025-03-23,ST04,P016,40,14,0,False
2025-03-23,ST05,P016,24,14,0,False
2025-03-23,ST01,P017,10,13,0,False
2025-03-23,ST02,P017,26,13,0,False
2025-03-23,ST03,P017,19,13,2,True
2025-03-23,ST04,P017,21,13,2,True
2025-03-23,ST05,P017,17,13,2,True
2025-03-23,ST01,P018,9,8,0,False
2025-03-23,ST02,P018,43,8,0,False
2025-03-23,ST03,P018,46,8,0,False
2025-03-23,ST04,P018,46,8,0,False
2025-03-23,ST05,P018,9,8,0,False
2025-03-23,ST01,P019,47,15,0,False
2025-03-23,ST02,P019,18,15,0,False
2025-03-23,ST03,P019,71,15,0,False
2025-03-23,ST04,P019,23,15,0,False
2025-03-23,ST05,P019,69,15,0,False
2025-03-23,ST01,P020,13,13,0,False
2025-03-23,ST02,P020,37,13,0,False
2025-03-23,ST03,P020,33,13,0,False
2025-03-23,ST04,P020,20,13,0,False
2025-03-23,ST05,P020,22,13,0,False
2025-03-23,ST01,P021,34,13,0,False
2025-03-23,ST02,P021,33,13,0,False
2025-03-23,ST03,P021,62,13,0,False
2025-03-23,ST04,P021,43,13,0,False
2025-03-23,ST05,P021,30,13,0,False
2025-03-23,ST01,P022,0,8,6,True
2025-03-23,ST02,P022,15,8,1,True
2025-03-23,ST03,P022,15,8,0,False
2025-03-23,ST04,P022,7,8,0,False
2025-03-23,ST05,P022,18,8,0,False
2025-03-23,ST01,P023,5,6,0,False
2025-03-23,ST02,P023,0,6,0,False
2025-03-23,ST03,P023,9,6,0,False
2025-03-23,ST04,P023,21,6,0,False
2025-03-23,ST05,P023,14,6,0,False
2025-03-23,ST01,P024,28,16,1,True
2025-03-23,ST02,P024,32,16,0,False
2025-03-23,ST03,P024,13,16,0,False
2025-03-23,ST04,P024,19,16,0,False
2025-03-23,ST05,P024,0,16,5,True
2025-03-23,ST01,P025,7,12,0,False
2025-03-23,ST02,P025,57,12,0,False
2025-03-23,ST03,P025,0,12,2,True
2025-03-23,ST04,P025,52,12,0,False
2025-03-23,ST05,P025,51,12,1,True
2025-03-23,ST01,P026,16,16,0,False
2025-03-23,ST02,P026,42,16,0,False
2025-03-23,ST03,P026,56,16,0,False
2025-03-23,ST04,P026,33,16,0,False
2025-03-23,ST05,P026,29,16,0,False
2025-03-23,ST01,P027,0,8,0,False
2025-03-23,ST02,P027,36,8,0,False
2025-03-23,ST03,P027,26,8,0,False
2025-03-23,ST04,P027,27,8,0,False
2025-03-23,ST05,P027,22,8,0,False
2025-03-23,ST01,P028,5,14,0,False
2025-03-23,ST02,P028,11,14,0,False
2025-03-23,ST03,P028,20,14,0,False
2025-03-23,ST04,P028,12,14,0,False
2025-03-23,ST05,P028,5,14,0,False
2025-03-23,ST01,P029,20,16,0,False
2025-03-23,ST02,P029,67,16,0,False
2025-03-23,ST03,P029,20,16,0,False
2025-03-23,ST04,P029,29,16,0,False
2025-03-23,ST05,P029,48,16,0,False
2025-03-23,ST01,P030,20,14,0,False
2025-03-23,ST02,P030,54,14,0,False
2025-03-23,ST03,P030,16,14,0,False
2025-03-23,ST04,P030,32,14,0,False
2025-03-23,ST05,P030,52,14,0,False
2025-03-23,ST01,P031,24,12,0,False
2025-03-23,ST02,P031,17,12,0,False
2025-03-23,ST03,P031,32,12,0,False
2025-03-23,ST04,P031,31,12,0,False
2025-03-23,ST05,P031,15,12,0,False
2025-03-23,ST01,P032,25,8,0,False
2025-03-23,ST02,P032,26,8,0,False
2025-03-23,ST03,P032,70,8,0,False
2025-03-23,ST04,P032,8,8,0,False
2025-03-23,ST05,P032,24,8,0,False
2025-03-23,ST01,P033,28,13,0,False
2025-03-23,ST02,P033,23,13,0,False
2025-03-23,ST03,P033,40,13,0,False
2025-03-23,ST04,P033,38,13,0,False
2025-03-23,ST05,P033,45,13,0,False
2025-03-23,ST01,P034,3,9,0,False
2025-03-23,ST02,P034,2,9,0,False
2025-03-23,ST03,P034,36,9,0,False
2025-03-23,ST04,P034,25,9,0,False
2025-03-23,ST05,P034,11,9,0,False
2025-03-23,ST01,P035,44,13,0,False
2025-03-23,ST02,P035,23,13,0,False
2025-03-23,ST03,P035,43,13,0,False
2025-03-23,ST04,P035,11,13,0,False
2025-03-23,ST05,P035,18,13,0,False
2025-03-23,ST01,P036,47,11,0,False
2025-03-23,ST02,P036,35,11,0,False
2025-03-23,ST03,P036,43,11,0,False
2025-03-23,ST04,P036,55,11,0,False
2025-03-23,ST05,P036,51,11,0,False
2025-03-23,ST01,P037,38,7,0,False
2025-03-23,ST02,P037,56,7,0,False
2025-03-23,ST03,P037,40,7,0,False
2025-03-23,ST04,P037,69,7,0,False
2025-03-23,ST05,P037,45,7,0,False
2025-03-23,ST01,P038,36,9,0,False
2025-03-23,ST02,P038,20,9,0,False
2025-03-23,ST03,P038,15,9,0,False
2025-03-23,ST04,P038,37,9,0,False
2025-03-23,ST05,P038,30,9,0,False
2025-03-23,ST01,P039,63,10,0,False
2025-03-23,ST02,P039,7,10,0,False
2025-03-23,ST03,P039,27,10,0,False
2025-03-23,ST04,P039,25,10,0,False
2025-03-23,ST05,P039,61,10,0,False
2025-03-23,ST01,P040,35,14,0,False
2025-03-23,ST02,P040,40,14,0,False
2025-03-23,ST03,P040,33,14,0,False
2025-03-23,ST04,P040,34,14,0,False
2025-03-23,ST05,P040,14,14,0,False
2025-03-30,ST01,P001,42,16,0,False
2025-03-30,ST02,P001,8,16,0,False
2025-03-30,ST03,P001,31,16,0,False
2025-03-30,ST04,P001,36,16,0,False
2025-03-30,ST05,P001,15,16,0,False
2025-03-30,ST01,P002,1,12,0,False
2025-03-30,ST02,P002,33,12,0,False
2025-03-30,ST03,P002,0,12,2,True
2025-03-30,ST04,P002,5,12,0,False
2025-03-30,ST05,P002,18,12,0,False
2025-03-30,ST01,P003,8,13,0,False
2025-03-30,ST02,P003,28,13,0,False
2025-03-30,ST03,P003,7,13,0,False
2025-03-30,ST04,P003,14,13,0,False
2025-03-30,ST05,P003,20,13,0,False
2025-03-30,ST01,P004,3,11,0,False
2025-03-30,ST02,P004,14,11,3,True
2025-03-30,ST03,P004,26,11,0,False
2025-03-30,ST04,P004,14,11,0,False
2025-03-30,ST05,P004,9,11,0,False
2025-03-30,ST01,P005,12,11,0,False
2025-03-30,ST02,P005,72,11,0,False
2025-03-30,ST03,P005,20,11,0,False
2025-03-30,ST04,P005,14,11,0,False
2025-03-30,ST05,P005,76,11,0,False
2025-03-30,ST01,P006,21,15,0,False
2025-03-30,ST02,P006,26,15,0,False
2025-03-30,ST03,P006,52,15,0,False
2025-03-30,ST04,P006,22,15,0,False
2025-03-30,ST05,P006,38,15,0,False
2025-03-30,ST01,P007,24,8,0,False
2025-03-30,ST02,P007,41,8,0,False
2025-03-30,ST03,P007,8,8,0,False
2025-03-30,ST04,P007,51,8,0,False
2025-03-30,ST05,P007,0,8,0,False
2025-03-30,ST01,P008,29,8,2,True
2025-03-30,ST02,P008,32,8,0,False
2025-03-30,ST03,P008,0,8,2,True
2025-03-30,ST04,P008,29,8,0,False
2025-03-30,ST05,P008,27,8,0,False
2025-03-30,ST01,P009,13,14,0,False
2025-03-30,ST02,P009,18,14,0,False
2025-03-30,ST03,P009,33,14,0,False
2025-03-30,ST04,P009,21,14,0,False
2025-03-30,ST05,P009,25,14,0,False
2025-03-30,ST01,P010,34,7,0,False
2025-03-30,ST02,P010,34,7,0,False
2025-03-30,ST03,P010,0,7,4,True
2025-03-30,ST04,P010,44,7,0,False
2025-03-30,ST05,P010,31,7,0,False
2025-03-30,ST01,P011,25,13,0,False
2025-03-30,ST02,P011,54,13,0,False
2025-03-30,ST03,P011,12,13,0,False
2025-03-30,ST04,P011,32,13,0,False
2025-03-30,ST05,P011,50,13,0,False
2025-03-30,ST01,P012,27,7,0,False
2025-03-30,ST02,P012,15,7,0,False
2025-03-30,ST03,P012,6,7,0,False
2025-03-30,ST04,P012,15,7,0,False
2025-03-30,ST05,P012,0,7,3,True
2025-03-30,ST01,P013,46,7,0,False
2025-03-30,ST02,P013,25,7,0,False
2025-03-30,ST03,P013,10,7,0,False
2025-03-30,ST04,P013,54,7,0,False
2025-03-30,ST05,P013,41,7,0,False
2025-03-30,ST01,P014,12,13,0,False
2025-03-30,ST02,P014,34,13,0,False
2025-03-30,ST03,P014,27,13,1,True
2025-03-30,ST04,P014,25,13,0,False
2025-03-30,ST05,P014,21,13,0,False
2025-03-30,ST01,P015,2,7,0,False
2025-03-30,ST02,P015,11,7,0,False
2025-03-30,ST03,P015,7,7,0,False
2025-03-30,ST04,P015,18,7,0,False
2025-03-30,ST05,P015,44,7,0,False
2025-03-30,ST01,P016,11,14,0,False
2025-03-30,ST02,P016,20,14,0,False
2025-03-30,ST03,P016,53,14,1,True
2025-03-30,ST04,P016,34,14,0,False
2025-03-30,ST05,P016,12,14,0,False
2025-03-30,ST01,P017,25,13,3,True
2025-03-30,ST02,P017,13,13,0,False
2025-03-30,ST03,P017,14,13,0,False
2025-03-30,ST04,P017,11,13,0,False
2025-03-30,ST05,P017,9,13,0,False
2025-03-30,ST01,P018,0,8,2,True
2025-03-30,ST02,P018,41,8,0,False
2025-03-30,ST03,P018,45,8,0,False
2025-03-30,ST04,P018,46,8,0,False
2025-03-30,ST05,P018,7,8,0,False
2025-03-30,ST01,P019,46,15,0,False
2025-03-30,ST02,P019,15,15,0,False
2025-03-30,ST03,P019,70,15,0,False
2025-03-30,ST04,P019,18,15,0,False
2025-03-30,ST05,P019,68,15,0,False
2025-03-30,ST01,P020,43,13,0,False
2025-03-30,ST02,P020,31,13,0,False
2025-03-30,ST03,P020,26,13,0,False
2025-03-30,ST04,P020,17,13,0,False
2025-03-30,ST05,P020,16,13,0,False
2025-03-30,ST01,P021,27,13,0,False
2025-03-30,ST02,P021,30,13,0,False
2025-03-30,ST03,P021,58,13,0,False
2025-03-30,ST04,P021,42,13,0,False
2025-03-30,ST05,P021,26,13,0,False
2025-03-30,ST01,P022,20,8,2,True
2025-03-30,ST02,P022,0,8,1,True
2025-03-30,ST03,P022,4,8,0,False
2025-03-30,ST04,P022,23,8,0,False
2025-03-30,ST05,P022,13,8,0,False
2025-03-30,ST01,P023,21,6,1,True
2025-03-30,ST02,P023,0,6,3,True
2025-03-30,ST03,P023,4,6,0,False
2025-03-30,ST04,P023,4,6,0,False
2025-03-30,ST05,P023,4,6,0,False
2025-03-30,ST01,P024,0,16,1,True
2025-03-30,ST02,P024,0,16,1,True
2025-03-30,ST03,P024,21,16,0,False
2025-03-30,ST04,P024,33,16,0,False
2025-03-30,ST05,P024,25,16,3,True
2025-03-30,ST01,P025,57,12,0,False
2025-03-30,ST02,P025,50,12,0,False
2025-03-30,ST03,P025,51,12,0,False
2025-03-30,ST04,P025,48,12,0,False
2025-03-30,ST05,P025,39,12,0,False
2025-03-30,ST01,P026,60,16,0,False
2025-03-30,ST02,P026,35,16,0,False
2025-03-30,ST03,P026,50,16,0,False
2025-03-30,ST04,P026,31,16,0,False
2025-03-30,ST05,P026,21,16,0,False
2025-03-30,ST01,P027,33,8,5,True
2025-03-30,ST02,P027,27,8,0,False
2025-03-30,ST03,P027,17,8,0,False
2025-03-30,ST04,P027,23,8,0,False
2025-03-30,ST05,P027,13,8,0,False
2025-03-30,ST01,P028,29,14,5,True
2025-03-30,ST02,P028,32,14,0,False
2025-03-30,ST03,P028,9,14,0,False
2025-03-30,ST04,P028,0,14,1,True
2025-03-30,ST05,P028,29,14,1,True
2025-03-30,ST01,P029,17,16,0,False
2025-03-30,ST02,P029,65,16,0,False
2025-03-30,ST03,P029,18,16,0,False
2025-03-30,ST04,P029,29,16,0,False
2025-03-30,ST05,P029,47,16,0,False
2025-03-30,ST01,P030,62,14,0,False
2025-03-30,ST02,P030,51,14,0,False
2025-03-30,ST03,P030,62,14,0,False
2025-03-30,ST04,P030,31,14,0,False
2025-03-30,ST05,P030,45,14,0,False
2025-03-30,ST01,P031,22,12,0,False
2025-03-30,ST02,P031,17,12,0,False
2025-03-30,ST03,P031,30,12,0,False
2025-03-30,ST04,P031,31,12,0,False
2025-03-30,ST05,P031,15,12,0,False
2025-03-30,ST01,P032,25,8,0,False
2025-03-30,ST02,P032,25,8,0,False
2025-03-30,ST03,P032,69,8,0,False
2025-03-30,ST04,P032,74,8,0,False
2025-03-30,ST05,P032,21,8,0,False
2025-03-30,ST01,P033,24,13,0,False
2025-03-30,ST02,P033,15,13,0,False
2025-03-30,ST03,P033,38,13,0,False
2025-03-30,ST04,P033,35,13,0,False
2025-03-30,ST05,P033,38,13,0,False
2025-03-30,ST01,P034,30,9,0,False
2025-03-30,ST02,P034,37,9,0,False
2025-03-30,ST03,P034,26,9,0,False
2025-03-30,ST04,P034,21,9,0,False
2025-03-30,ST05,P034,42,9,0,False
2025-03-30,ST01,P035,33,13,0,False
2025-03-30,ST02,P035,17,13,0,False
2025-03-30,ST03,P035,38,13,0,False
2025-03-30,ST04,P035,50,13,0,False
2025-03-30,ST05,P035,13,13,0,False
2025-03-30,ST01,P036,40,11,0,False
2025-03-30,ST02,P036,31,11,0,False
2025-03-30,ST03,P036,38,11,0,False
2025-03-30,ST04,P036,55,11,0,False
2025-03-30,ST05,P036,48,11,0,False
2025-03-30,ST01,P037,37,7,0,False
2025-03-30,ST02,P037,52,7,0,False
2025-03-30,ST03,P037,39,7,0,False
2025-03-30,ST04,P037,67,7,0,False
2025-03-30,ST05,P037,41,7,0,False
2025-03-30,ST01,P038,32,9,0,False
2025-03-30,ST02,P038,19,9,0,False
2025-03-30,ST03,P038,14,9,0,False
2025-03-30,ST04,P038,36,9,0,False
2025-03-30,ST05,P038,28,9,0,False
2025-03-30,ST01,P039,63,10,0,False
2025-03-30,ST02,P039,64,10,0,False
2025-03-30,ST03,P039,25,10,0,False
2025-03-30,ST04,P039,25,10,0,False
2025-03-30,ST05,P039,61,10,0,False
2025-03-30,ST01,P040,30,14,0,False
2025-03-30,ST02,P040,38,14,0,False
2025-03-30,ST03,P040,31,14,0,False
2025-03-30,ST04,P040,34,14,0,False
2025-03-30,ST05,P040,11,14,0,False
2025-04-06,ST01,P001,40,16,0,False
2025-04-06,ST02,P001,33,16,0,False
2025-04-06,ST03,P001,25,16,0,False
2025-04-06,ST04,P001,33,16,0,False
2025-04-06,ST05,P001,10,16,0,False
2025-04-06,ST01,P002,29,12,0,False
2025-04-06,ST02,P002,20,12,0,False
2025-04-06,ST03,P002,31,12,2,True
2025-04-06,ST04,P002,34,12,0,False
2025-04-06,ST05,P002,12,12,0,False
2025-04-06,ST01,P003,31,13,0,False
2025-04-06,ST02,P003,24,13,0,False
2025-04-06,ST03,P003,31,13,0,False
2025-04-06,ST04,P003,12,13,0,False
2025-04-06,ST05,P003,14,13,0,False
2025-04-06,ST01,P004,19,11,2,True
2025-04-06,ST02,P004,7,11,0,False
2025-04-06,ST03,P004,19,11,0,False
2025-04-06,ST04,P004,4,11,0,False
2025-04-06,ST05,P004,0,11,2,True
2025-04-06,ST01,P005,74,11,0,False
2025-04-06,ST02,P005,60,11,0,False
2025-04-06,ST03,P005,13,11,0,False
2025-04-06,ST04,P005,9,11,0,False
2025-04-06,ST05,P005,68,11,0,False
2025-04-06,ST01,P006,18,15,0,False
2025-04-06,ST02,P006,26,15,0,False
2025-04-06,ST03,P006,50,15,0,False
2025-04-06,ST04,P006,20,15,0,False
2025-04-06,ST05,P006,35,15,0,False
2025-04-06,ST01,P007,12,8,0,False
2025-04-06,ST02,P007,28,8,0,False
2025-04-06,ST03,P007,0,8,2,True
2025-04-06,ST04,P007,49,8,0,False
2025-04-06,ST05,P007,63,8,2,True
2025-04-06,ST01,P008,25,8,0,False
2025-04-06,ST02,P008,31,8,0,False
2025-04-06,ST03,P008,0,8,3,True
2025-04-06,ST04,P008,29,8,0,False
2025-04-06,ST05,P008,23,8,0,False
2025-04-06,ST01,P009,46,14,0,False
2025-04-06,ST02,P009,16,14,0,False
2025-04-06,ST03,P009,30,14,0,False
2025-04-06,ST04,P009,21,14,0,False
2025-04-06,ST05,P009,20,14,0,False
2025-04-06,ST01,P010,27,7,0,False
2025-04-06,ST02,P010,32,7,0,False
2025-04-06,ST03,P010,40,7,2,True
2025-04-06,ST04,P010,39,7,0,False
2025-04-06,ST05,P010,24,7,0,False
2025-04-06,ST01,P011,16,13,0,False
2025-04-06,ST02,P011,51,13,0,False
2025-04-06,ST03,P011,62,13,0,False
2025-04-06,ST04,P011,30,13,0,False
2025-04-06,ST05,P011,43,13,0,False
2025-04-06,ST01,P012,12,7,0,False
2025-04-06,ST02,P012,9,7,0,False
2025-04-06,ST03,P012,32,7,0,False
2025-04-06,ST04,P012,13,7,0,False
2025-04-06,ST05,P012,19,7,2,True
2025-04-06,ST01,P013,42,7,0,False
2025-04-06,ST02,P013,24,7,0,False
2025-04-06,ST03,P013,6,7,0,False
2025-04-06,ST04,P013,52,7,0,False
2025-04-06,ST05,P013,40,7,0,False
2025-04-06,ST01,P014,4,13,0,False
2025-04-06,ST02,P014,29,13,0,False
2025-04-06,ST03,P014,22,13,0,False
2025-04-06,ST04,P014,17,13,0,False
2025-04-06,ST05,P014,10,13,0,False
2025-04-06,ST01,P015,42,7,0,False
2025-04-06,ST02,P015,10,7,0,False
2025-04-06,ST03,P015,51,7,0,False
2025-04-06,ST04,P015,16,7,0,False
2025-04-06,ST05,P015,39,7,0,False
2025-04-06,ST01,P016,0,14,2,True
2025-04-06,ST02,P016,14,14,0,False
2025-04-06,ST03,P016,48,14,0,False
2025-04-06,ST04,P016,28,14,0,False
2025-04-06,ST05,P016,5,14,0,False
2025-04-06,ST01,P017,5,13,0,False
2025-04-06,ST02,P017,0,13,0,False
2025-04-06,ST03,P017,0,13,0,False
2025-04-06,ST04,P017,0,13,1,True
2025-04-06,ST05,P017,22,13,0,False
2025-04-06,ST01,P018,36,8,0,False
2025-04-06,ST02,P018,40,8,0,False
2025-04-06,ST03,P018,43,8,0,False
2025-04-06,ST04,P018,46,8,0,False
2025-04-06,ST05,P018,46,8,0,False
2025-04-06,ST01,P019,44,15,0,False
2025-04-06,ST02,P019,74,15,0,False
2025-04-06,ST03,P019,69,15,0,False
2025-04-06,ST04,P019,16,15,0,False
2025-04-06,ST05,P019,65,15,0,False
2025-04-06,ST01,P020,33,13,0,False
2025-04-06,ST02,P020,25,13,0,False
2025-04-06,ST03,P020,22,13,0,False
2025-04-06,ST04,P020,47,13,0,False
2025-04-06,ST05,P020,12,13,0,False
2025-04-06,ST01,P021,18,13,0,False
2025-04-06,ST02,P021,30,13,0,False
2025-04-06,ST03,P021,54,13,0,False
2025-04-06,ST04,P021,37,13,0,False
2025-04-06,ST05,P021,20,13,0,False
2025-04-06,ST01,P022,13,8,0,False
2025-04-06,ST02,P022,0,8,6,True
2025-04-06,ST03,P022,23,8,2,True
2025-04-06,ST04,P022,16,8,0,False
2025-04-06,ST05,P022,0,8,1,True
2025-04-06,ST01,P023,1,6,0,False
2025-04-06,ST02,P023,22,6,0,False
2025-04-06,ST03,P023,19,6,3,True
2025-04-06,ST04,P023,29,6,0,False
2025-04-06,ST05,P023,22,6,0,False
2025-04-06,ST01,P024,11,16,1,True
2025-04-06,ST02,P024,3,16,2,True
2025-04-06,ST03,P024,5,16,0,False
2025-04-06,ST04,P024,27,16,0,False
2025-04-06,ST05,P024,0,16,1,True
2025-04-06,ST01,P025,51,12,0,False
2025-04-06,ST02,P025,44,12,0,False
2025-04-06,ST03,P025,43,12,0,False
2025-04-06,ST04,P025,40,12,0,False
2025-04-06,ST05,P025,29,12,0,False
2025-04-06,ST01,P026,56,16,0,False
2025-04-06,ST02,P026,26,16,0,False
2025-04-06,ST03,P026,48,16,0,False
2025-04-06,ST04,P026,29,16,0,False
2025-04-06,ST05,P026,18,16,0,False
2025-04-06,ST01,P027,16,8,0,False
2025-04-06,ST02,P027,9,8,0,False
2025-04-06,ST03,P027,2,8,0,False
2025-04-06,ST04,P027,20,8,0,False
2025-04-06,ST05,P027,3,8,0,False
2025-04-06,ST01,P028,14,14,0,False
2025-04-06,ST02,P028,23,14,0,False
2025-04-06,ST03,P028,0,14,2,True
2025-04-06,ST04,P028,20,14,1,True
2025-04-06,ST05,P028,0,14,1,True
2025-04-06,ST01,P029,68,16,0,False
2025-04-06,ST02,P029,65,16,0,False
2025-04-06,ST03,P029,16,16,0,False
2025-04-06,ST04,P029,29,16,0,False
2025-04-06,ST05,P029,43,16,0,False
2025-04-06,ST01,P030,58,14,0,False
2025-04-06,ST02,P030,39,14,0,False
2025-04-06,ST03,P030,62,14,0,False
2025-04-06,ST04,P030,29,14,0,False
2025-04-06,ST05,P030,36,14,0,False
2025-04-06,ST01,P031,18,12,0,False
2025-04-06,ST02,P031,17,12,0,False
2025-04-06,ST03,P031,27,12,0,False
2025-04-06,ST04,P031,30,12,0,False
2025-04-06,ST05,P031,14,12,0,False
2025-04-06,ST01,P032,23,8,0,False
2025-04-06,ST02,P032,25,8,0,False
2025-04-06,ST03,P032,68,8,0,False
2025-04-06,ST04,P032,74,8,0,False
2025-04-06,ST05,P032,21,8,0,False
2025-04-06,ST01,P033,18,13,0,False
2025-04-06,ST02,P033,12,13,0,False
2025-04-06,ST03,P033,35,13,0,False
2025-04-06,ST04,P033,30,13,0,False
2025-04-06,ST05,P033,27,13,0,False
2025-04-06,ST01,P034,26,9,0,False
2025-04-06,ST02,P034,26,9,0,False
2025-04-06,ST03,P034,24,9,0,False
2025-04-06,ST04,P034,17,9,0,False
2025-04-06,ST05,P034,38,9,0,False
2025-04-06,ST01,P035,25,13,0,False
2025-04-06,ST02,P035,12,13,0,False
2025-04-06,ST03,P035,28,13,0,False
2025-04-06,ST04,P035,46,13,0,False
2025-04-06,ST05,P035,5,13,0,False
2025-04-06,ST01,P036,40,11,0,False
2025-04-06,ST02,P036,30,11,0,False
2025-04-06,ST03,P036,38,11,0,False
2025-04-06,ST04,P036,54,11,0,False
2025-04-06,ST05,P036,45,11,0,False
2025-04-06,ST01,P037,33,7,0,False
2025-04-06,ST02,P037,47,7,0,False
2025-04-06,ST03,P037,36,7,0,False
2025-04-06,ST04,P037,65,7,0,False
2025-04-06,ST05,P037,36,7,0,False
2025-04-06,ST01,P038,32,9,0,False
2025-04-06,ST02,P038,18,9,0,False
2025-04-06,ST03,P038,12,9,0,False
2025-04-06,ST04,P038,35,9,0,False
2025-04-06,ST05,P038,27,9,0,False
2025-04-06,ST01,P039,62,10,0,False
2025-04-06,ST02,P039,63,10,0,False
2025-04-06,ST03,P039,23,10,0,False
2025-04-06,ST04,P039,25,10,0,False
2025-04-06,ST05,P039,61,10,0,False
2025-04-06,ST01,P040,27,14,0,False
2025-04-06,ST02,P040,36,14,0,False
2025-04-06,ST03,P040,29,14,0,False
2025-04-06,ST04,P040,33,14,0,False
2025-04-06,ST05,P040,37,14,0,False
2025-04-13,ST01,P001,29,16,0,False
2025-04-13,ST02,P001,30,16,0,False
2025-04-13,ST03,P001,22,16,0,False
2025-04-13,ST04,P001,29,16,0,False
2025-04-13,ST05,P001,38,16,0,False
2025-04-13,ST01,P002,13,12,0,False
2025-04-13,ST02,P002,9,12,0,False
2025-04-13,ST03,P002,26,12,0,False
2025-04-13,ST04,P002,25,12,0,False
2025-04-13,ST05,P002,37,12,0,False
2025-04-13,ST01,P003,21,13,0,False
2025-04-13,ST02,P003,18,13,0,False
2025-04-13,ST03,P003,29,13,0,False
2025-04-13,ST04,P003,9,13,0,False
2025-04-13,ST05,P003,9,13,0,False
2025-04-13,ST01,P004,12,11,0,False
2025-04-13,ST02,P004,3,11,0,False
2025-04-13,ST03,P004,11,11,0,False
2025-04-13,ST04,P004,26,11,0,False
2025-04-13,ST05,P004,7,11,0,False
2025-04-13,ST01,P005,70,11,0,False
2025-04-13,ST02,P005,57,11,0,False
2025-04-13,ST03,P005,74,11,0,False
2025-04-13,ST04,P005,74,11,0,False
2025-04-13,ST05,P005,57,11,0,False
2025-04-13,ST01,P006,13,15,0,False
2025-04-13,ST02,P006,25,15,0,False
2025-04-13,ST03,P006,46,15,0,False
2025-04-13,ST04,P006,19,15,0,False
2025-04-13,ST05,P006,30,15,0,False
2025-04-13,ST01,P007,3,8,0,False
2025-04-13,ST02,P007,20,8,0,False
2025-04-13,ST03,P007,59,8,1,True
2025-04-13,ST04,P007,45,8,0,False
2025-04-13,ST05,P007,55,8,0,False
2025-04-13,ST01,P008,21,8,0,False
2025-04-13,ST02,P008,30,8,0,False
2025-04-13,ST03,P008,31,8,0,False
2025-04-13,ST04,P008,29,8,0,False
2025-04-13,ST05,P008,21,8,0,False
2025-04-13,ST01,P009,42,14,0,False
2025-04-13,ST02,P009,49,14,0,False
2025-04-13,ST03,P009,29,14,0,False
2025-04-13,ST04,P009,21,14,0,False
2025-04-13,ST05,P009,17,14,0,False
2025-04-13,ST01,P010,18,7,0,False
2025-04-13,ST02,P010,31,7,0,False
2025-04-13,ST03,P010,36,7,0,False
2025-04-13,ST04,P010,36,7,0,False
2025-04-13,ST05,P010,21,7,0,False
2025-04-13,ST01,P011,68,13,0,False
2025-04-13,ST02,P011,48,13,0,False
2025-04-13,ST03,P011,54,13,0,False
2025-04-13,ST04,P011,23,13,0,False
2025-04-13,ST05,P011,24,13,0,False
2025-04-13,ST01,P012,1,7,0,False
2025-04-13,ST02,P012,28,7,1,True
2025-04-13,ST03,P012,18,7,0,False
2025-04-13,ST04,P012,4,7,0,False
2025-04-13,ST05,P012,0,7,1,True
2025-04-13,ST01,P013,41,7,0,False
2025-04-13,ST02,P013,22,7,0,False
2025-04-13,ST03,P013,6,7,0,False
2025-04-13,ST04,P013,50,7,0,False
2025-04-13,ST05,P013,38,7,0,False
2025-04-13,ST01,P014,25,13,0,False
2025-04-13,ST02,P014,14,13,0,False
2025-04-13,ST03,P014,11,13,0,False
2025-04-13,ST04,P014,11,13,0,False
2025-04-13,ST05,P014,0,13,1,True
2025-04-13,ST01,P015,40,7,0,False
2025-04-13,ST02,P015,8,7,0,False
2025-04-13,ST03,P015,47,7,0,False
2025-04-13,ST04,P015,10,7,0,False
2025-04-13,ST05,P015,32,7,0,False
2025-04-13,ST01,P016,52,14,4,True
2025-04-13,ST02,P016,7,14,0,False
2025-04-13,ST03,P016,45,14,0,False
2025-04-13,ST04,P016,23,14,0,False
2025-04-13,ST05,P016,49,14,3,True
2025-04-13,ST01,P017,14,13,4,True
2025-04-13,ST02,P017,16,13,2,True
2025-04-13,ST03,P017,18,13,3,True
2025-04-13,ST04,P017,24,13,2,True
2025-04-13,ST05,P017,10,13,0,False
2025-04-13,ST01,P018,31,8,0,False
2025-04-13,ST02,P018,39,8,0,False
2025-04-13,ST03,P018,43,8,0,False
2025-04-13,ST04,P018,45,8,0,False
2025-04-13,ST05,P018,42,8,0,False
2025-04-13,ST01,P019,39,15,0,False
2025-04-13,ST02,P019,74,15,0,False
2025-04-13,ST03,P019,68,15,0,False
2025-04-13,ST04,P019,15,15,0,False
2025-04-13,ST05,P019,62,15,0,False
2025-04-13,ST01,P020,28,13,0,False
2025-04-13,ST02,P020,19,13,0,False
2025-04-13,ST03,P020,16,13,0,False
2025-04-13,ST04,P020,44,13,0,False
2025-04-13,ST05,P020,6,13,0,False
2025-04-13,ST01,P021,17,13,0,False
2025-04-13,ST02,P021,29,13,0,False
2025-04-13,ST03,P021,43,13,0,False
2025-04-13,ST04,P021,35,13,0,False
2025-04-13,ST05,P021,14,13,0,False
2025-04-13,ST01,P022,2,8,0,False
2025-04-13,ST02,P022,19,8,3,True
2025-04-13,ST03,P022,16,8,0,False
2025-04-13,ST04,P022,8,8,0,False
2025-04-13,ST05,P022,19,8,3,True
2025-04-13,ST01,P023,22,6,1,True
2025-04-13,ST02,P023,10,6,0,False
2025-04-13,ST03,P023,4,6,0,False
2025-04-13,ST04,P023,22,6,0,False
2025-04-13,ST05,P023,12,6,0,False
2025-04-13,ST01,P024,18,16,0,False
2025-04-13,ST02,P024,0,16,3,True
2025-04-13,ST03,P024,23,16,0,False
2025-04-13,ST04,P024,18,16,0,False
2025-04-13,ST05,P024,7,16,0,False
2025-04-13,ST01,P025,42,12,0,False
2025-04-13,ST02,P025,40,12,0,False
2025-04-13,ST03,P025,34,12,0,False
2025-04-13,ST04,P025,35,12,0,False
2025-04-13,ST05,P025,18,12,0,False
2025-04-13,ST01,P026,54,16,0,False
2025-04-13,ST02,P026,18,16,0,False
2025-04-13,ST03,P026,47,16,0,False
2025-04-13,ST04,P026,25,16,0,False
2025-04-13,ST05,P026,10,16,0,False
2025-04-13,ST01,P027,9,8,0,False
2025-04-13,ST02,P027,2,8,0,False
2025-04-13,ST03,P027,0,8,4,True
2025-04-13,ST04,P027,17,8,0,False
2025-04-13,ST05,P027,38,8,1,True
2025-04-13,ST01,P028,0,14,1,True
2025-04-13,ST02,P028,0,14,2,True
2025-04-13,ST03,P028,20,14,0,False
2025-04-13,ST04,P028,13,14,0,False
2025-04-13,ST05,P028,28,14,4,True
2025-04-13,ST01,P029,67,16,0,False
2025-04-13,ST02,P029,64,16,0,False
2025-04-13,ST03,P029,66,16,0,False
2025-04-13,ST04,P029,29,16,0,False
2025-04-13,ST05,P029,43,16,0,False
2025-04-13,ST01,P030,53,14,0,False
2025-04-13,ST02,P030,31,14,0,False
2025-04-13,ST03,P030,49,14,0,False
2025-04-13,ST04,P030,27,14,0,False
2025-04-13,ST05,P030,34,14,0,False
2025-04-13,ST01,P031,17,12,0,False
2025-04-13,ST02,P031,17,12,0,False
2025-04-13,ST03,P031,25,12,0,False
2025-04-13,ST04,P031,28,12,0,False
2025-04-13,ST05,P031,13,12,0,False
2025-04-13,ST01,P032,23,8,0,False
2025-04-13,ST02,P032,25,8,0,False
2025-04-13,ST03,P032,67,8,0,False
2025-04-13,ST04,P032,73,8,0,False
2025-04-13,ST05,P032,20,8,0,False
2025-04-13,ST01,P033,6,13,0,False
2025-04-13,ST02,P033,9,13,0,False
2025-04-13,ST03,P033,30,13,0,False
2025-04-13,ST04,P033,28,13,0,False
2025-04-13,ST05,P033,20,13,0,False
2025-04-13,ST01,P034,20,9,0,False
2025-04-13,ST02,P034,18,9,0,False
2025-04-13,ST03,P034,19,9,0,False
2025-04-13,ST04,P034,10,9,0,False
2025-04-13,ST05,P034,36,9,0,False
2025-04-13,ST01,P035,20,13,0,False
2025-04-13,ST02,P035,48,13,0,False
2025-04-13,ST03,P035,24,13,0,False
2025-04-13,ST04,P035,43,13,0,False
2025-04-13,ST05,P035,38,13,0,False
2025-04-13,ST01,P036,36,11,0,False
2025-04-13,ST02,P036,29,11,0,False
2025-04-13,ST03,P036,36,11,0,False
2025-04-13,ST04,P036,54,11,0,False
2025-04-13,ST05,P036,44,11,0,False
2025-04-13,ST01,P037,31,7,0,False
2025-04-13,ST02,P037,45,7,0,False
2025-04-13,ST03,P037,35,7,0,False
2025-04-13,ST04,P037,64,7,0,False
2025-04-13,ST05,P037,36,7,0,False
2025-04-13,ST01,P038,32,9,0,False
2025-04-13,ST02,P038,15,9,0,False
2025-04-13,ST03,P038,9,9,0,False
2025-04-13,ST04,P038,35,9,0,False
2025-04-13,ST05,P038,25,9,0,False
2025-04-13,ST01,P039,61,10,0,False
2025-04-13,ST02,P039,63,10,0,False
2025-04-13,ST03,P039,23,10,0,False
2025-04-13,ST04,P039,23,10,0,False
2025-04-13,ST05,P039,61,10,0,False
2025-04-13,ST01,P040,25,14,0,False
2025-04-13,ST02,P040,33,14,0,False
2025-04-13,ST03,P040,29,14,0,False
2025-04-13,ST04,P040,29,14,0,False
2025-04-13,ST05,P040,35,14,0,False
2025-04-20,ST01,P001,23,16,0,False
2025-04-20,ST02,P001,29,16,0,False
2025-04-20,ST03,P001,16,16,0,False
2025-04-20,ST04,P001,27,16,0,False
2025-04-20,ST05,P001,36,16,0,False
2025-04-20,ST01,P002,3,12,0,False
2025-04-20,ST02,P002,32,12,0,False
2025-04-20,ST03,P002,14,12,0,False
2025-04-20,ST04,P002,19,12,0,False
2025-04-20,ST05,P002,28,12,0,False
2025-04-20,ST01,P003,18,13,0,False
2025-04-20,ST02,P003,15,13,0,False
2025-04-20,ST03,P003,22,13,0,False
2025-04-20,ST04,P003,5,13,0,False
2025-04-20,ST05,P003,4,13,0,False
2025-04-20,ST01,P004,0,11,1,True
2025-04-20,ST02,P004,24,11,1,True
2025-04-20,ST03,P004,0,11,3,True
2025-04-20,ST04,P004,18,11,0,False
2025-04-20,ST05,P004,0,11,5,True
2025-04-20,ST01,P005,63,11,0,False
2025-04-20,ST02,P005,50,11,0,False
2025-04-20,ST03,P005,62,11,0,False
2025-04-20,ST04,P005,66,11,0,False
2025-04-20,ST05,P005,50,11,0,False
2025-04-20,ST01,P006,6,15,0,False
2025-04-20,ST02,P006,22,15,0,False
2025-04-20,ST03,P006,45,15,0,False
2025-04-20,ST04,P006,14,15,0,False
2025-04-20,ST05,P006,28,15,0,False
2025-04-20,ST01,P007,59,8,5,True
2025-04-20,ST02,P007,18,8,0,False
2025-04-20,ST03,P007,51,8,0,False
2025-04-20,ST04,P007,39,8,0,False
2025-04-20,ST05,P007,43,8,0,False
2025-04-20,ST01,P008,17,8,0,False
2025-04-20,ST02,P008,25,8,0,False
2025-04-20,ST03,P008,26,8,0,False
2025-04-20,ST04,P008,27,8,0,False
2025-04-20,ST05,P008,12,8,0,False
2025-04-20,ST01,P009,39,14,0,False
2025-04-20,ST02,P009,44,14,0,False
2025-04-20,ST03,P009,29,14,0,False
2025-04-20,ST04,P009,15,14,0,False
2025-04-20,ST05,P009,15,14,0,False
2025-04-20,ST01,P010,11,7,0,False
2025-04-20,ST02,P010,30,7,0,False
2025-04-20,ST03,P010,29,7,0,False
2025-04-20,ST04,P010,34,7,0,False
2025-04-20,ST05,P010,11,7,0,False
2025-04-20,ST01,P011,61,13,0,False
2025-04-20,ST02,P011,40,13,0,False
2025-04-20,ST03,P011,47,13,0,False
2025-04-20,ST04,P011,17,13,0,False
2025-04-20,ST05,P011,18,13,0,False
2025-04-20,ST01,P012,20,7,1,True
2025-04-20,ST02,P012,16,7,0,False
2025-04-20,ST03,P012,1,7,0,False
2025-04-20,ST04,P012,27,7,0,False
2025-04-20,ST05,P012,20,7,1,True
2025-04-20,ST01,P013,37,7,0,False
2025-04-20,ST02,P013,19,7,0,False
2025-04-20,ST03,P013,55,7,0,False
2025-04-20,ST04,P013,48,7,0,False
2025-04-20,ST05,P013,37,7,0,False
2025-04-20,ST01,P014,9,13,0,False
2025-04-20,ST02,P014,4,13,0,False
2025-04-20,ST03,P014,41,13,0,False
2025-04-20,ST04,P014,9,13,0,False
2025-04-20,ST05,P014,26,13,0,False
2025-04-20,ST01,P015,39,7,0,False
2025-04-20,ST02,P015,8,7,0,False
2025-04-20,ST03,P015,43,7,0,False
2025-04-20,ST04,P015,5,7,0,False
2025-04-20,ST05,P015,23,7,0,False
2025-04-20,ST01,P016,42,14,0,False
2025-04-20,ST02,P016,52,14,1,True
2025-04-20,ST03,P016,41,14,0,False
2025-04-20,ST04,P016,20,14,0,False
2025-04-20,ST05,P016,43,14,0,False
2025-04-20,ST01,P017,0,13,2,True
2025-04-20,ST02,P017,5,13,0,False
2025-04-20,ST03,P017,9,13,0,False
2025-04-20,ST04,P017,22,13,0,False
2025-04-20,ST05,P017,0,13,2,True
2025-04-20,ST01,P018,28,8,0,False
2025-04-20,ST02,P018,35,8,0,False
2025-04-20,ST03,P018,40,8,0,False
2025-04-20,ST04,P018,44,8,0,False
2025-04-20,ST05,P018,40,8,0,False
2025-04-20,ST01,P019,36,15,0,False
2025-04-20,ST02,P019,72,15,0,False
2025-04-20,ST03,P019,64,15,0,False
2025-04-20,ST04,P019,77,15,0,False
2025-04-20,ST05,P019,62,15,0,False
2025-04-20,ST01,P020,25,13,0,False
2025-04-20,ST02,P020,15,13,0,False
2025-04-20,ST03,P020,8,13,0,False
2025-04-20,ST04,P020,41,13,0,False
2025-04-20,ST05,P020,35,13,0,False
2025-04-20,ST01,P021,14,13,0,False
2025-04-20,ST02,P021,26,13,0,False
2025-04-20,ST03,P021,38,13,0,False
2025-04-20,ST04,P021,32,13,0,False
2025-04-20,ST05,P021,10,13,0,False
2025-04-20,ST01,P022,17,8,0,False
2025-04-20,ST02,P022,13,8,0,False
2025-04-20,ST03,P022,12,8,0,False
2025-04-20,ST04,P022,30,8,0,False
2025-04-20,ST05,P022,5,8,0,False
2025-04-20,ST01,P023,3,6,0,False
2025-04-20,ST02,P023,2,6,0,False
2025-04-20,ST03,P023,26,6,0,False
2025-04-20,ST04,P023,11,6,0,False
2025-04-20,ST05,P023,0,6,2,True
2025-04-20,ST01,P024,28,16,3,True
2025-04-20,ST02,P024,0,16,6,True
2025-04-20,ST03,P024,0,16,1,True
2025-04-20,ST04,P024,35,16,0,False
2025-04-20,ST05,P024,0,16,3,True
2025-04-20,ST01,P025,31,12,0,False
2025-04-20,ST02,P025,36,12,0,False
2025-04-20,ST03,P025,26,12,0,False
2025-04-20,ST04,P025,35,12,0,False
2025-04-20,ST05,P025,11,12,0,False
2025-04-20,ST01,P026,47,16,0,False
2025-04-20,ST02,P026,15,16,0,False
2025-04-20,ST03,P026,47,16,0,False
2025-04-20,ST04,P026,25,16,0,False
2025-04-20,ST05,P026,8,16,0,False
2025-04-20,ST01,P027,0,8,4,True
2025-04-20,ST02,P027,45,8,1,True
2025-04-20,ST03,P027,41,8,1,True
2025-04-20,ST04,P027,10,8,0,False
2025-04-20,ST05,P027,25,8,0,False
2025-04-20,ST01,P028,13,14,1,True
2025-04-20,ST02,P028,0,14,6,True
2025-04-20,ST03,P028,13,14,0,False
2025-04-20,ST04,P028,12,14,0,False
2025-04-20,ST05,P028,11,14,0,False
2025-04-20,ST01,P029,67,16,0,False
2025-04-20,ST02,P029,64,16,0,False
2025-04-20,ST03,P029,66,16,0,False
2025-04-20,ST04,P029,29,16,0,False
2025-04-20,ST05,P029,41,16,0,False
2025-04-20,ST01,P030,47,14,0,False
2025-04-20,ST02,P030,28,14,0,False
2025-04-20,ST03,P030,43,14,0,False
2025-04-20,ST04,P030,23,14,0,False
2025-04-20,ST05,P030,27,14,0,False
2025-04-20,ST01,P031,16,12,0,False
2025-04-20,ST02,P031,15,12,0,False
2025-04-20,ST03,P031,25,12,0,False
2025-04-20,ST04,P031,27,12,0,False
2025-04-20,ST05,P031,13,12,0,False
2025-04-20,ST01,P032,22,8,0,False
2025-04-20,ST02,P032,25,8,0,False
2025-04-20,ST03,P032,67,8,0,False
2025-04-20,ST04,P032,72,8,0,False
2025-04-20,ST05,P032,20,8,0,False
2025-04-20,ST01,P033,68,13,0,False
2025-04-20,ST02,P033,72,13,0,False
2025-04-20,ST03,P033,30,13,0,False
2025-04-20,ST04,P033,25,13,0,False
2025-04-20,ST05,P033,16,13,0,False
2025-04-20,ST01,P034,11,9,0,False
2025-04-20,ST02,P034,8,9,0,False
2025-04-20,ST03,P034,16,9,0,False
2025-04-20,ST04,P034,44,9,0,False
2025-04-20,ST05,P034,30,9,0,False
2025-04-20,ST01,P035,13,13,0,False
2025-04-20,ST02,P035,38,13,0,False
2025-04-20,ST03,P035,17,13,0,False
2025-04-20,ST04,P035,37,13,0,False
2025-04-20,ST05,P035,33,13,0,False
2025-04-20,ST01,P036,32,11,0,False
2025-04-20,ST02,P036,27,11,0,False
2025-04-20,ST03,P036,36,11,0,False
2025-04-20,ST04,P036,53,11,0,False
2025-04-20,ST05,P036,41,11,0,False
2025-04-20,ST01,P037,27,7,0,False
2025-04-20,ST02,P037,38,7,0,False
2025-04-20,ST03,P037,34,7,0,False
2025-04-20,ST04,P037,60,7,0,False
2025-04-20,ST05,P037,30,7,0,False
2025-04-20,ST01,P038,29,9,0,False
2025-04-20,ST02,P038,15,9,0,False
2025-04-20,ST03,P038,44,9,0,False
2025-04-20,ST04,P038,35,9,0,False
2025-04-20,ST05,P038,22,9,0,False
2025-04-20,ST01,P039,60,10,0,False
2025-04-20,ST02,P039,61,10,0,False
2025-04-20,ST03,P039,20,10,0,False
2025-04-20,ST04,P039,23,10,0,False
2025-04-20,ST05,P039,60,10,0,False
2025-04-20,ST01,P040,25,14,0,False
2025-04-20,ST02,P040,32,14,0,False
2025-04-20,ST03,P040,28,14,0,False
2025-04-20,ST04,P040,28,14,0,False
2025-04-20,ST05,P040,33,14,0,False
2025-04-27,ST01,P001,17,16,0,False
2025-04-27,ST02,P001,25,16,0,False
2025-04-27,ST03,P001,15,16,0,False
2025-04-27,ST04,P001,27,16,0,False
2025-04-27,ST05,P001,33,16,0,False
2025-04-27,ST01,P002,21,12,0,False
2025-04-27,ST02,P002,19,12,0,False
2025-04-27,ST03,P002,8,12,0,False
2025-04-27,ST04,P002,14,12,0,False
2025-04-27,ST05,P002,22,12,0,False
2025-04-27,ST01,P003,8,13,0,False
2025-04-27,ST02,P003,10,13,0,False
2025-04-27,ST03,P003,19,13,0,False
2025-04-27,ST04,P003,29,13,0,False
2025-04-27,ST05,P003,0,13,2,True
2025-04-27,ST01,P004,22,11,2,True
2025-04-27,ST02,P004,15,11,0,False
2025-04-27,ST03,P004,20,11,2,True
2025-04-27,ST04,P004,13,11,0,False
2025-04-27,ST05,P004,15,11,2,True
2025-04-27,ST01,P005,52,11,0,False
2025-04-27,ST02,P005,41,11,0,False
2025-04-27,ST03,P005,53,11,0,False
2025-04-27,ST04,P005,62,11,0,False
2025-04-27,ST05,P005,42,11,0,False
2025-04-27,ST01,P006,2,15,0,False
2025-04-27,ST02,P006,20,15,0,False
2025-04-27,ST03,P006,41,15,0,False
2025-04-27,ST04,P006,9,15,0,False
2025-04-27,ST05,P006,25,15,0,False
2025-04-27,ST01,P007,46,8,0,False
2025-04-27,ST02,P007,8,8,0,False
2025-04-27,ST03,P007,44,8,0,False
2025-04-27,ST04,P007,36,8,0,False
2025-04-27,ST05,P007,31,8,0,False
2025-04-27,ST01,P008,16,8,0,False
2025-04-27,ST02,P008,23,8,0,False
2025-04-27,ST03,P008,23,8,0,False
2025-04-27,ST04,P008,24,8,0,False
2025-04-27,ST05,P008,7,8,0,False
2025-04-27,ST01,P009,32,14,0,False
2025-04-27,ST02,P009,37,14,0,False
2025-04-27,ST03,P009,24,14,0,False
2025-04-27,ST04,P009,13,14,0,False
2025-04-27,ST05,P009,14,14,0,False
2025-04-27,ST01,P010,6,7,0,False
2025-04-27,ST02,P010,23,7,0,False
2025-04-27,ST03,P010,22,7,0,False
2025-04-27,ST04,P010,30,7,0,False
2025-04-27,ST05,P010,3,7,0,False
2025-04-27,ST01,P011,55,13,0,False
2025-04-27,ST02,P011,32,13,0,False
2025-04-27,ST03,P011,41,13,0,False
2025-04-27,ST04,P011,14,13,0,False
2025-04-27,ST05,P011,11,13,0,False
2025-04-27,ST01,P012,11,7,0,False
2025-04-27,ST02,P012,7,7,0,False
2025-04-27,ST03,P012,25,7,1,True
2025-04-27,ST04,P012,20,7,0,False
2025-04-27,ST05,P012,15,7,0,False
2025-04-27,ST01,P013,33,7,0,False
2025-04-27,ST02,P013,16,7,0,False
2025-04-27,ST03,P013,51,7,0,False
2025-04-27,ST04,P013,46,7,0,False
2025-04-27,ST05,P013,36,7,0,False
2025-04-27,ST01,P014,0,13,1,True
2025-04-27,ST02,P014,39,13,0,False
2025-04-27,ST03,P014,30,13,0,False
2025-04-27,ST04,P014,3,13,0,False
2025-04-27,ST05,P014,11,13,0,False
2025-04-27,ST01,P015,31,7,0,False
2025-04-27,ST02,P015,48,7,0,False
2025-04-27,ST03,P015,39,7,0,False
2025-04-27,ST04,P015,52,7,0,False
2025-04-27,ST05,P015,14,7,0,False
2025-04-27,ST01,P016,33,14,0,False
2025-04-27,ST02,P016,46,14,0,False
2025-04-27,ST03,P016,36,14,0,False
2025-04-27,ST04,P016,16,14,0,False
2025-04-27,ST05,P016,27,14,0,False
2025-04-27,ST01,P017,21,13,3,True
2025-04-27,ST02,P017,0,13,3,True
2025-04-27,ST03,P017,24,13,1,True
2025-04-27,ST04,P017,21,13,0,False
2025-04-27,ST05,P017,0,13,6,True
2025-04-27,ST01,P018,26,8,0,False
2025-04-27,ST02,P018,33,8,0,False
2025-04-27,ST03,P018,37,8,0,False
2025-04-27,ST04,P018,43,8,0,False
2025-04-27,ST05,P018,36,8,0,False
2025-04-27,ST01,P019,36,15,0,False
2025-04-27,ST02,P019,69,15,0,False
2025-04-27,ST03,P019,62,15,0,False
2025-04-27,ST04,P019,75,15,0,False
2025-04-27,ST05,P019,59,15,0,False
2025-04-27,ST01,P020,18,13,0,False
2025-04-27,ST02,P020,12,13,0,False
2025-04-27,ST03,P020,5,13,0,False
2025-04-27,ST04,P020,40,13,0,False
2025-04-27,ST05,P020,31,13,0,False
2025-04-27,ST01,P021,9,13,0,False
2025-04-27,ST02,P021,15,13,0,False
2025-04-27,ST03,P021,36,13,0,False
2025-04-27,ST04,P021,29,13,0,False
2025-04-27,ST05,P021,71,13,0,False
2025-04-27,ST01,P022,6,8,0,False
2025-04-27,ST02,P022,5,8,0,False
2025-04-27,ST03,P022,2,8,0,False
2025-04-27,ST04,P022,22,8,0,False
2025-04-27,ST05,P022,21,8,0,False
2025-04-27,ST01,P023,19,6,2,True
2025-04-27,ST02,P023,23,6,0,False
2025-04-27,ST03,P023,15,6,0,False
2025-04-27,ST04,P023,3,6,0,False
2025-04-27,ST05,P023,17,6,0,False
2025-04-27,ST01,P024,11,16,0,False
2025-04-27,ST02,P024,15,16,0,False
2025-04-27,ST03,P024,16,16,0,False
2025-04-27,ST04,P024,17,16,0,False
2025-04-27,ST05,P024,0,16,2,True
2025-04-27,ST01,P025,27,12,0,False
2025-04-27,ST02,P025,32,12,0,False
2025-04-27,ST03,P025,22,12,0,False
2025-04-27,ST04,P025,35,12,0,False
2025-04-27,ST05,P025,55,12,0,False
2025-04-27,ST01,P026,37,16,0,False
2025-04-27,ST02,P026,10,16,0,False
2025-04-27,ST03,P026,38,16,0,False
2025-04-27,ST04,P026,24,16,0,False
2025-04-27,ST05,P026,52,16,0,False
2025-04-27,ST01,P027,37,8,3,True
2025-04-27,ST02,P027,40,8,0,False
2025-04-27,ST03,P027,31,8,0,False
2025-04-27,ST04,P027,5,8,0,False
2025-04-27,ST05,P027,17,8,0,False
2025-04-27,ST01,P028,0,14,5,True
2025-04-27,ST02,P028,1,14,0,False
2025-04-27,ST03,P028,0,14,1,True
2025-04-27,ST04,P028,28,14,0,False
2025-04-27,ST05,P028,1,14,0,False
2025-04-27,ST01,P029,64,16,0,False
2025-04-27,ST02,P029,60,16,0,False
2025-04-27,ST03,P029,65,16,0,False
2025-04-27,ST04,P029,28,16,0,False
2025-04-27,ST05,P029,40,16,0,False
2025-04-27,ST01,P030,41,14,0,False
2025-04-27,ST02,P030,20,14,0,False
2025-04-27,ST03,P030,34,14,0,False
2025-04-27,ST04,P030,18,14,0,False
2025-04-27,ST05,P030,15,14,0,False
2025-04-27,ST01,P031,13,12,0,False
2025-04-27,ST02,P031,13,12,0,False
2025-04-27,ST03,P031,25,12,0,False
2025-04-27,ST04,P031,26,12,0,False
2025-04-27,ST05,P031,10,12,0,False
2025-04-27,ST01,P032,18,8,0,False
2025-04-27,ST02,P032,24,8,0,False
2025-04-27,ST03,P032,65,8,0,False
2025-04-27,ST04,P032,72,8,0,False
2025-04-27,ST05,P032,18,8,0,False
2025-04-27,ST01,P033,65,13,0,False
2025-04-27,ST02,P033,63,13,0,False
2025-04-27,ST03,P033,25,13,0,False
2025-04-27,ST04,P033,22,13,0,False
2025-04-27,ST05,P033,12,13,0,False
2025-04-27,ST01,P034,5,9,0,False
2025-04-27,ST02,P034,33,9,0,False
2025-04-27,ST03,P034,12,9,0,False
2025-04-27,ST04,P034,40,9,0,False
2025-04-27,ST05,P034,27,9,0,False
2025-04-27,ST01,P035,0,13,2,True
2025-04-27,ST02,P035,35,13,0,False
2025-04-27,ST03,P035,12,13,0,False
2025-04-27,ST04,P035,35,13,0,False
2025-04-27,ST05,P035,19,13,0,False
2025-04-27,ST01,P036,31,11,0,False
2025-04-27,ST02,P036,24,11,0,False
2025-04-27,ST03,P036,36,11,0,False
2025-04-27,ST04,P036,50,11,0,False
2025-04-27,ST05,P036,40,11,0,False
2025-04-27,ST01,P037,22,7,0,False
2025-04-27,ST02,P037,37,7,0,False
2025-04-27,ST03,P037,28,7,0,False
2025-04-27,ST04,P037,59,7,0,False
2025-04-27,ST05,P037,23,7,0,False
2025-04-27,ST01,P038,26,9,0,False
2025-04-27,ST02,P038,11,9,0,False
2025-04-27,ST03,P038,41,9,0,False
2025-04-27,ST04,P038,32,9,0,False
2025-04-27,ST05,P038,21,9,0,False
2025-04-27,ST01,P039,59,10,0,False
2025-04-27,ST02,P039,61,10,0,False
2025-04-27,ST03,P039,18,10,0,False
2025-04-27,ST04,P039,22,10,0,False
2025-04-27,ST05,P039,60,10,0,False
2025-04-27,ST01,P040,24,14,0,False
2025-04-27,ST02,P040,27,14,0,False
2025-04-27,ST03,P040,26,14,0,False
2025-04-27,ST04,P040,28,14,0,False
2025-04-27,ST05,P040,31,14,0,False
2025-05-04,ST01,P001,13,16,0,False
2025-05-04,ST02,P001,24,16,0,False
2025-05-04,ST03,P001,14,16,0,False
2025-05-04,ST04,P001,25,16,0,False
2025-05-04,ST05,P001,26,16,0,False
2025-05-04,ST01,P002,11,12,0,False
2025-05-04,ST02,P002,1,12,0,False
2025-05-04,ST03,P002,36,12,0,False
2025-05-04,ST04,P002,10,12,0,False
2025-05-04,ST05,P002,2,12,0,False
2025-05-04,ST01,P003,2,13,0,False
2025-05-04,ST02,P003,8,13,0,False
2025-05-04,ST03,P003,15,13,0,False
2025-05-04,ST04,P003,29,13,0,False
2025-05-04,ST05,P003,27,13,1,True
2025-05-04,ST01,P004,10,11,0,False
2025-05-04,ST02,P004,1,11,0,False
2025-05-04,ST03,P004,4,11,0,False
2025-05-04,ST04,P004,5,11,0,False
2025-05-04,ST05,P004,10,11,0,False
2025-05-04,ST01,P005,32,11,0,False
2025-05-04,ST02,P005,32,11,0,False
2025-05-04,ST03,P005,43,11,0,False
2025-05-04,ST04,P005,57,11,0,False
2025-05-04,ST05,P005,28,11,0,False
2025-05-04,ST01,P006,51,15,0,False
2025-05-04,ST02,P006,13,15,0,False
2025-05-04,ST03,P006,38,15,0,False
2025-05-04,ST04,P006,58,15,0,False
2025-05-04,ST05,P006,21,15,0,False
2025-05-04,ST01,P007,36,8,0,False
2025-05-04,ST02,P007,0,8,1,True
2025-05-04,ST03,P007,34,8,0,False
2025-05-04,ST04,P007,32,8,0,False
2025-05-04,ST05,P007,28,8,0,False
2025-05-04,ST01,P008,8,8,0,False
2025-05-04,ST02,P008,11,8,0,False
2025-05-04,ST03,P008,23,8,0,False
2025-05-04,ST04,P008,21,8,0,False
2025-05-04,ST05,P008,0,8,0,False
2025-05-04,ST01,P009,32,14,0,False
2025-05-04,ST02,P009,32,14,0,False
2025-05-04,ST03,P009,19,14,0,False
2025-05-04,ST04,P009,9,14,0,False
2025-05-04,ST05,P009,51,14,0,False
2025-05-04,ST01,P010,0,7,4,True
2025-05-04,ST02,P010,18,7,0,False
2025-05-04,ST03,P010,17,7,0,False
2025-05-04,ST04,P010,25,7,0,False
2025-05-04,ST05,P010,0,7,5,True
2025-05-04,ST01,P011,39,13,0,False
2025-05-04,ST02,P011,26,13,0,False
2025-05-04,ST03,P011,38,13,0,False
2025-05-04,ST04,P011,70,13,0,False
2025-05-04,ST05,P011,59,13,0,False
2025-05-04,ST01,P012,27,7,1,True
2025-05-04,ST02,P012,21,7,3,True
2025-05-04,ST03,P012,16,7,0,False
2025-05-04,ST04,P012,15,7,0,False
2025-05-04,ST05,P012,0,7,1,True
2025-05-04,ST01,P013,31,7,0,False
2025-05-04,ST02,P013,14,7,0,False
2025-05-04,ST03,P013,51,7,0,False
2025-05-04,ST04,P013,45,7,0,False
2025-05-04,ST05,P013,30,7,0,False
2025-05-04,ST01,P014,0,13,5,True
2025-05-04,ST02,P014,27,13,0,False
2025-05-04,ST03,P014,17,13,0,False
2025-05-04,ST04,P014,24,13,2,True
2025-05-04,ST05,P014,7,13,0,False
2025-05-04,ST01,P015,22,7,0,False
2025-05-04,ST02,P015,46,7,0,False
2025-05-04,ST03,P015,33,7,0,False
2025-05-04,ST04,P015,49,7,0,False
2025-05-04,ST05,P015,9,7,0,False
2025-05-04,ST01,P016,17,14,0,False
2025-05-04,ST02,P016,38,14,0,False
2025-05-04,ST03,P016,33,14,0,False
2025-05-04,ST04,P016,4,14,0,False
2025-05-04,ST05,P016,16,14,0,False
2025-05-04,ST01,P017,11,13,0,False
2025-05-04,ST02,P017,24,13,2,True
2025-05-04,ST03,P017,15,13,0,False
2025-05-04,ST04,P017,17,13,0,False
2025-05-04,ST05,P017,11,13,0,False
2025-05-04,ST01,P018,24,8,0,False
2025-05-04,ST02,P018,32,8,0,False
2025-05-04,ST03,P018,35,8,0,False
2025-05-04,ST04,P018,43,8,0,False
2025-05-04,ST05,P018,33,8,0,False
2025-05-04,ST01,P019,32,15,0,False
2025-05-04,ST02,P019,67,15,0,False
2025-05-04,ST03,P019,60,15,0,False
2025-05-04,ST04,P019,73,15,0,False
2025-05-04,ST05,P019,59,15,0,False
2025-05-04,ST01,P020,13,13,0,False
2025-05-04,ST02,P020,43,13,0,False
2025-05-04,ST03,P020,35,13,0,False
2025-05-04,ST04,P020,37,13,0,False
2025-05-04,ST05,P020,24,13,0,False
2025-05-04,ST01,P021,66,13,0,False
2025-05-04,ST02,P021,14,13,0,False
2025-05-04,ST03,P021,30,13,0,False
2025-05-04,ST04,P021,26,13,0,False
2025-05-04,ST05,P021,67,13,0,False
2025-05-04,ST01,P022,16,8,0,False
2025-05-04,ST02,P022,19,8,1,True
2025-05-04,ST03,P022,11,8,0,False
2025-05-04,ST04,P022,14,8,0,False
2025-05-04,ST05,P022,4,8,0,False
2025-05-04,ST01,P023,2,6,0,False
2025-05-04,ST02,P023,14,6,0,False
2025-05-04,ST03,P023,5,6,0,False
2025-05-04,ST04,P023,30,6,0,False
2025-05-04,ST05,P023,7,6,0,False
2025-05-04,ST01,P024,22,16,0,False
2025-05-04,ST02,P024,16,16,0,False
2025-05-04,ST03,P024,24,16,1,True
2025-05-04,ST04,P024,43,16,0,False
2025-05-04,ST05,P024,21,16,2,True
2025-05-04,ST01,P025,16,12,0,False
2025-05-04,ST02,P025,25,12,0,False
2025-05-04,ST03,P025,19,12,0,False
2025-05-04,ST04,P025,32,12,0,False
2025-05-04,ST05,P025,49,12,0,False
2025-05-04,ST01,P026,32,16,0,False
2025-05-04,ST02,P026,58,16,0,False
2025-05-04,ST03,P026,33,16,0,False
2025-05-04,ST04,P026,19,16,0,False
2025-05-04,ST05,P026,48,16,0,False
2025-05-04,ST01,P027,30,8,0,False
2025-05-04,ST02,P027,35,8,0,False
2025-05-04,ST03,P027,22,8,0,False
2025-05-04,ST04,P027,48,8,0,False
2025-05-04,ST05,P027,11,8,0,False
2025-05-04,ST01,P028,0,14,6,True
2025-05-04,ST02,P028,0,14,6,True
2025-05-04,ST03,P028,14,14,0,False
2025-05-04,ST04,P028,23,14,0,False
2025-05-04,ST05,P028,21,14,2,True
2025-05-04,ST01,P029,64,16,0,False
2025-05-04,ST02,P029,60,16,0,False
2025-05-04,ST03,P029,63,16,0,False
2025-05-04,ST04,P029,28,16,0,False
2025-05-04,ST05,P029,38,16,0,False
2025-05-04,ST01,P030,34,14,0,False
2025-05-04,ST02,P030,63,14,0,False
2025-05-04,ST03,P030,29,14,0,False
2025-05-04,ST04,P030,13,14,0,False
2025-05-04,ST05,P030,58,14,0,False
2025-05-04,ST01,P031,11,12,0,False
2025-05-04,ST02,P031,12,12,0,False
2025-05-04,ST03,P031,25,12,0,False
2025-05-04,ST04,P031,26,12,0,False
2025-05-04,ST05,P031,39,12,0,False
2025-05-04,ST01,P032,18,8,0,False
2025-05-04,ST02,P032,23,8,0,False
2025-05-04,ST03,P032,65,8,0,False
2025-05-04,ST04,P032,72,8,0,False
2025-05-04,ST05,P032,13,8,0,False
2025-05-04,ST01,P033,59,13,0,False
2025-05-04,ST02,P033,57,13,0,False
2025-05-04,ST03,P033,18,13,0,False
2025-05-04,ST04,P033,18,13,0,False
2025-05-04,ST05,P033,74,13,0,False
2025-05-04,ST01,P034,39,9,0,False
2025-05-04,ST02,P034,26,9,0,False
2025-05-04,ST03,P034,8,9,0,False
2025-05-04,ST04,P034,38,9,0,False
2025-05-04,ST05,P034,18,9,0,False
2025-05-04,ST01,P035,34,13,2,True
2025-05-04,ST02,P035,30,13,0,False
2025-05-04,ST03,P035,51,13,0,False
2025-05-04,ST04,P035,29,13,0,False
2025-05-04,ST05,P035,11,13,0,False
2025-05-04,ST01,P036,28,11,0,False
2025-05-04,ST02,P036,19,11,0,False
2025-05-04,ST03,P036,33,11,0,False
2025-05-04,ST04,P036,48,11,0,False
2025-05-04,ST05,P036,38,11,0,False
2025-05-04,ST01,P037,12,7,0,False
2025-05-04,ST02,P037,32,7,0,False
2025-05-04,ST03,P037,24,7,0,False
2025-05-04,ST04,P037,55,7,0,False
2025-05-04,ST05,P037,13,7,0,False
2025-05-04,ST01,P038,25,9,0,False
2025-05-04,ST02,P038,11,9,0,False
2025-05-04,ST03,P038,37,9,0,False
2025-05-04,ST04,P038,30,9,0,False
2025-05-04,ST05,P038,18,9,0,False
2025-05-04,ST01,P039,58,10,0,False
2025-05-04,ST02,P039,61,10,0,False
2025-05-04,ST03,P039,18,10,0,False
2025-05-04,ST04,P039,21,10,0,False
2025-05-04,ST05,P039,59,10,0,False
2025-05-04,ST01,P040,21,14,0,False
2025-05-04,ST02,P040,25,14,0,False
2025-05-04,ST03,P040,25,14,0,False
2025-05-04,ST04,P040,26,14,0,False
2025-05-04,ST05,P040,30,14,0,False
2025-05-11,ST01,P001,8,16,0,False
2025-05-11,ST02,P001,22,16,0,False
2025-05-11,ST03,P001,45,16,0,False
2025-05-11,ST04,P001,22,16,0,False
2025-05-11,ST05,P001,22,16,0,False
2025-05-11,ST01,P002,37,12,0,False
2025-05-11,ST02,P002,31,12,0,False
2025-05-11,ST03,P002,29,12,0,False
2025-05-11,ST04,P002,40,12,0,False
2025-05-11,ST05,P002,27,12,2,True
2025-05-11,ST01,P003,0,13,4,True
2025-05-11,ST02,P003,31,13,0,False
2025-05-11,ST03,P003,14,13,0,False
2025-05-11,ST04,P003,28,13,0,False
2025-05-11,ST05,P003,20,13,0,False
2025-05-11,ST01,P004,4,11,0,False
2025-05-11,ST02,P004,22,11,3,True
2025-05-11,ST03,P004,24,11,2,True
2025-05-11,ST04,P004,0,11,1,True
2025-05-11,ST05,P004,28,11,0,False
2025-05-11,ST01,P005,26,11,0,False
2025-05-11,ST02,P005,22,11,0,False
2025-05-11,ST03,P005,37,11,0,False
2025-05-11,ST04,P005,50,11,0,False
2025-05-11,ST05,P005,23,11,0,False
2025-05-11,ST01,P006,46,15,0,False
2025-05-11,ST02,P006,61,15,0,False
2025-05-11,ST03,P006,34,15,0,False
2025-05-11,ST04,P006,57,15,0,False
2025-05-11,ST05,P006,20,15,0,False
2025-05-11,ST01,P007,22,8,0,False
2025-05-11,ST02,P007,62,8,1,True
2025-05-11,ST03,P007,27,8,0,False
2025-05-11,ST04,P007,25,8,0,False
2025-05-11,ST05,P007,24,8,0,False
2025-05-11,ST01,P008,7,8,0,False
2025-05-11,ST02,P008,3,8,0,False
2025-05-11,ST03,P008,21,8,0,False
2025-05-11,ST04,P008,20,8,0,False
2025-05-11,ST05,P008,30,8,1,True
2025-05-11,ST01,P009,26,14,0,False
2025-05-11,ST02,P009,30,14,0,False
2025-05-11,ST03,P009,15,14,0,False
2025-05-11,ST04,P009,45,14,0,False
2025-05-11,ST05,P009,49,14,0,False
2025-05-11,ST01,P010,33,7,1,True
2025-05-11,ST02,P010,13,7,0,False
2025-05-11,ST03,P010,11,7,0,False
2025-05-11,ST04,P010,21,7,0,False
2025-05-11,ST05,P010,40,7,1,True
2025-05-11,ST01,P011,30,13,0,False
2025-05-11,ST02,P011,16,13,0,False
2025-05-11,ST03,P011,35,13,0,False
2025-05-11,ST04,P011,66,13,0,False
2025-05-11,ST05,P011,51,13,0,False
2025-05-11,ST01,P012,6,7,0,False
2025-05-11,ST02,P012,11,7,0,False
2025-05-11,ST03,P012,0,7,1,True
2025-05-11,ST04,P012,6,7,0,False
2025-05-11,ST05,P012,24,7,2,True
2025-05-11,ST01,P013,26,7,0,False
2025-05-11,ST02,P013,13,7,0,False
2025-05-11,ST03,P013,49,7,0,False
2025-05-11,ST04,P013,45,7,0,False
2025-05-11,ST05,P013,23,7,0,False
2025-05-11,ST01,P014,21,13,1,True
2025-05-11,ST02,P014,16,13,0,False
2025-05-11,ST03,P014,4,13,0,False
2025-05-11,ST04,P014,16,13,0,False
2025-05-11,ST05,P014,36,13,0,False
2025-05-11,ST01,P015,14,7,0,False
2025-05-11,ST02,P015,41,7,0,False
2025-05-11,ST03,P015,30,7,0,False
2025-05-11,ST04,P015,47,7,0,False
2025-05-11,ST05,P015,5,7,0,False
2025-05-11,ST01,P016,1,14,0,False
2025-05-11,ST02,P016,31,14,0,False
2025-05-11,ST03,P016,22,14,0,False
2025-05-11,ST04,P016,0,14,1,True
2025-05-11,ST05,P016,11,14,0,False
2025-05-11,ST01,P017,4,13,0,False
2025-05-11,ST02,P017,6,13,0,False
2025-05-11,ST03,P017,7,13,0,False
2025-05-11,ST04,P017,13,13,0,False
2025-05-11,ST05,P017,3,13,0,False
2025-05-11,ST01,P018,21,8,0,False
2025-05-11,ST02,P018,25,8,0,False
2025-05-11,ST03,P018,34,8,0,False
2025-05-11,ST04,P018,42,8,0,False
2025-05-11,ST05,P018,30,8,0,False
2025-05-11,ST01,P019,31,15,0,False
2025-05-11,ST02,P019,61,15,0,False
2025-05-11,ST03,P019,58,15,0,False
2025-05-11,ST04,P019,72,15,0,False
2025-05-11,ST05,P019,56,15,0,False
2025-05-11,ST01,P020,44,13,0,False
2025-05-11,ST02,P020,38,13,0,False
2025-05-11,ST03,P020,29,13,0,False
2025-05-11,ST04,P020,31,13,0,False
2025-05-11,ST05,P020,15,13,0,False
2025-05-11,ST01,P021,62,13,0,False
2025-05-11,ST02,P021,11,13,0,False
2025-05-11,ST03,P021,24,13,0,False
2025-05-11,ST04,P021,22,13,0,False
2025-05-11,ST05,P021,61,13,0,False
2025-05-11,ST01,P022,1,8,0,False
2025-05-11,ST02,P022,9,8,0,False
2025-05-11,ST03,P022,0,8,1,True
2025-05-11,ST04,P022,9,8,0,False
2025-05-11,ST05,P022,19,8,1,True
2025-05-11,ST01,P023,11,6,2,True
2025-05-11,ST02,P023,6,6,0,False
2025-05-11,ST03,P023,25,6,2,True
2025-05-11,ST04,P023,24,6,0,False
2025-05-11,ST05,P023,27,6,0,False
2025-05-11,ST01,P024,37,16,0,False
2025-05-11,ST02,P024,36,16,0,False
2025-05-11,ST03,P024,2,16,0,False
2025-05-11,ST04,P024,27,16,0,False
2025-05-11,ST05,P024,7,16,0,False
2025-05-11,ST01,P025,2,12,0,False
2025-05-11,ST02,P025,14,12,0,False
2025-05-11,ST03,P025,9,12,0,False
2025-05-11,ST04,P025,25,12,0,False
2025-05-11,ST05,P025,37,12,0,False
2025-05-11,ST01,P026,26,16,0,False
2025-05-11,ST02,P026,48,16,0,False
2025-05-11,ST03,P026,29,16,0,False
2025-05-11,ST04,P026,15,16,0,False
2025-05-11,ST05,P026,41,16,0,False
2025-05-11,ST01,P027,25,8,0,False
2025-05-11,ST02,P027,30,8,0,False
2025-05-11,ST03,P027,13,8,0,False
2025-05-11,ST04,P027,41,8,0,False
2025-05-11,ST05,P027,2,8,0,False
2025-05-11,ST01,P028,24,14,4,True
2025-05-11,ST02,P028,21,14,0,False
2025-05-11,ST03,P028,5,14,0,False
2025-05-11,ST04,P028,17,14,0,False
2025-05-11,ST05,P028,0,14,1,True
2025-05-11,ST01,P029,63,16,0,False
2025-05-11,ST02,P029,59,16,0,False
2025-05-11,ST03,P029,63,16,0,False
2025-05-11,ST04,P029,26,16,0,False
2025-05-11,ST05,P029,35,16,0,False
2025-05-11,ST01,P030,27,14,0,False
2025-05-11,ST02,P030,60,14,0,False
2025-05-11,ST03,P030,25,14,0,False
2025-05-11,ST04,P030,59,14,0,False
2025-05-11,ST05,P030,54,14,0,False
2025-05-11,ST01,P031,36,12,0,False
2025-05-11,ST02,P031,41,12,0,False
2025-05-11,ST03,P031,25,12,0,False
2025-05-11,ST04,P031,25,12,0,False
2025-05-11,ST05,P031,38,12,0,False
2025-05-11,ST01,P032,16,8,0,False
2025-05-11,ST02,P032,21,8,0,False
2025-05-11,ST03,P032,65,8,0,False
2025-05-11,ST04,P032,72,8,0,False
2025-05-11,ST05,P032,13,8,0,False
2025-05-11,ST01,P033,56,13,0,False
2025-05-11,ST02,P033,53,13,0,False
2025-05-11,ST03,P033,15,13,0,False
2025-05-11,ST04,P033,18,13,0,False
2025-05-11,ST05,P033,71,13,0,False
2025-05-11,ST01,P034,33,9,0,False
2025-05-11,ST02,P034,19,9,0,False
2025-05-11,ST03,P034,34,9,0,False
2025-05-11,ST04,P034,33,9,0,False
2025-05-11,ST05,P034,14,9,0,False
2025-05-11,ST01,P035,26,13,0,False
2025-05-11,ST02,P035,22,13,0,False
2025-05-11,ST03,P035,45,13,0,False
2025-05-11,ST04,P035,25,13,0,False
2025-05-11,ST05,P035,48,13,0,False
2025-05-11,ST01,P036,24,11,0,False
2025-05-11,ST02,P036,19,11,0,False
2025-05-11,ST03,P036,33,11,0,False
2025-05-11,ST04,P036,48,11,0,False
2025-05-11,ST05,P036,35,11,0,False
2025-05-11,ST01,P037,10,7,0,False
2025-05-11,ST02,P037,31,7,0,False
2025-05-11,ST03,P037,21,7,0,False
2025-05-11,ST04,P037,54,7,0,False
2025-05-11,ST05,P037,7,7,0,False
2025-05-11,ST01,P038,22,9,0,False
2025-05-11,ST02,P038,10,9,0,False
2025-05-11,ST03,P038,36,9,0,False
2025-05-11,ST04,P038,28,9,0,False
2025-05-11,ST05,P038,15,9,0,False
2025-05-11,ST01,P039,57,10,0,False
2025-05-11,ST02,P039,58,10,0,False
2025-05-11,ST03,P039,17,10,0,False
2025-05-11,ST04,P039,20,10,0,False
2025-05-11,ST05,P039,58,10,0,False
2025-05-11,ST01,P040,17,14,0,False
2025-05-11,ST02,P040,24,14,0,False
2025-05-11,ST03,P040,23,14,0,False
2025-05-11,ST04,P040,24,14,0,False
2025-05-11,ST05,P040,28,14,0,False
2025-05-18,ST01,P001,3,16,0,False
2025-05-18,ST02,P001,18,16,0,False
2025-05-18,ST03,P001,41,16,0,False
2025-05-18,ST04,P001,19,16,0,False
2025-05-18,ST05,P001,20,16,0,False
2025-05-18,ST01,P002,28,12,0,False
2025-05-18,ST02,P002,25,12,0,False
2025-05-18,ST03,P002,21,12,0,False
2025-05-18,ST04,P002,34,12,0,False
2025-05-18,ST05,P002,19,12,0,False
2025-05-18,ST01,P003,26,13,2,True
2025-05-18,ST02,P003,28,13,0,False
2025-05-18,ST03,P003,7,13,0,False
2025-05-18,ST04,P003,28,13,0,False
2025-05-18,ST05,P003,16,13,0,False
2025-05-18,ST01,P004,21,11,0,False
2025-05-18,ST02,P004,3,11,0,False
2025-05-18,ST03,P004,11,11,0,False
2025-05-18,ST04,P004,25,11,5,True
2025-05-18,ST05,P004,22,11,0,False
2025-05-18,ST01,P005,21,11,0,False
2025-05-18,ST02,P005,18,11,0,False
2025-05-18,ST03,P005,31,11,0,False
2025-05-18,ST04,P005,43,11,0,False
2025-05-18,ST05,P005,18,11,0,False
2025-05-18,ST01,P006,38,15,0,False
2025-05-18,ST02,P006,56,15,0,False
2025-05-18,ST03,P006,30,15,0,False
2025-05-18,ST04,P006,55,15,0,False
2025-05-18,ST05,P006,15,15,0,False
2025-05-18,ST01,P007,14,8,0,False
2025-05-18,ST02,P007,53,8,0,False
2025-05-18,ST03,P007,24,8,0,False
2025-05-18,ST04,P007,22,8,0,False
2025-05-18,ST05,P007,12,8,0,False
2025-05-18,ST01,P008,32,8,0,False
2025-05-18,ST02,P008,2,8,0,False
2025-05-18,ST03,P008,18,8,0,False
2025-05-18,ST04,P008,16,8,0,False
2025-05-18,ST05,P008,28,8,0,False
2025-05-18,ST01,P009,24,14,0,False
2025-05-18,ST02,P009,25,14,0,False
2025-05-18,ST03,P009,51,14,0,False
2025-05-18,ST04,P009,44,14,0,False
2025-05-18,ST05,P009,46,14,0,False
2025-05-18,ST01,P010,27,7,0,False
2025-05-18,ST02,P010,11,7,0,False
2025-05-18,ST03,P010,5,7,0,False
2025-05-18,ST04,P010,18,7,0,False
2025-05-18,ST05,P010,32,7,0,False
2025-05-18,ST01,P011,20,13,0,False
2025-05-18,ST02,P011,11,13,0,False
2025-05-18,ST03,P011,30,13,0,False
2025-05-18,ST04,P011,62,13,0,False
2025-05-18,ST05,P011,43,13,0,False
2025-05-18,ST01,P012,29,7,0,False
2025-05-18,ST02,P012,30,7,2,True
2025-05-18,ST03,P012,25,7,1,True
2025-05-18,ST04,P012,31,7,0,False
2025-05-18,ST05,P012,5,7,0,False
2025-05-18,ST01,P013,17,7,0,False
2025-05-18,ST02,P013,11,7,0,False
2025-05-18,ST03,P013,49,7,0,False
2025-05-18,ST04,P013,44,7,0,False
2025-05-18,ST05,P013,21,7,0,False
2025-05-18,ST01,P014,9,13,0,False
2025-05-18,ST02,P014,3,13,0,False
2025-05-18,ST03,P014,36,13,3,True
2025-05-18,ST04,P014,9,13,0,False
2025-05-18,ST05,P014,26,13,0,False
2025-05-18,ST01,P015,8,7,0,False
2025-05-18,ST02,P015,27,7,0,False
2025-05-18,ST03,P015,27,7,0,False
2025-05-18,ST04,P015,44,7,0,False
2025-05-18,ST05,P015,48,7,0,False
2025-05-18,ST01,P016,0,14,5,True
2025-05-18,ST02,P016,22,14,0,False
2025-05-18,ST03,P016,16,14,0,False
2025-05-18,ST04,P016,51,14,0,False
2025-05-18,ST05,P016,0,14,1,True
2025-05-18,ST01,P017,20,13,0,False
2025-05-18,ST02,P017,24,13,1,True
2025-05-18,ST03,P017,16,13,0,False
2025-05-18,ST04,P017,2,13,0,False
2025-05-18,ST05,P017,13,13,2,True
2025-05-18,ST01,P018,19,8,0,False
2025-05-18,ST02,P018,21,8,0,False
2025-05-18,ST03,P018,33,8,0,False
2025-05-18,ST04,P018,41,8,0,False
2025-05-18,ST05,P018,28,8,0,False
2025-05-18,ST01,P019,27,15,0,False
2025-05-18,ST02,P019,60,15,0,False
2025-05-18,ST03,P019,54,15,0,False
2025-05-18,ST04,P019,71,15,0,False
2025-05-18,ST05,P019,53,15,0,False
2025-05-18,ST01,P020,38,13,0,False
2025-05-18,ST02,P020,35,13,0,False
2025-05-18,ST03,P020,26,13,0,False
2025-05-18,ST04,P020,31,13,0,False
2025-05-18,ST05,P020,46,13,0,False
2025-05-18,ST01,P021,62,13,0,False
2025-05-18,ST02,P021,69,13,0,False
2025-05-18,ST03,P021,21,13,0,False
2025-05-18,ST04,P021,20,13,0,False
2025-05-18,ST05,P021,58,13,0,False
2025-05-18,ST01,P022,18,8,3,True
2025-05-18,ST02,P022,0,8,0,False
2025-05-18,ST03,P022,13,8,0,False
2025-05-18,ST04,P022,4,8,0,False
2025-05-18,ST05,P022,9,8,0,False
2025-05-18,ST01,P023,2,6,0,False
2025-05-18,ST02,P023,27,6,0,False
2025-05-18,ST03,P023,17,6,0,False
2025-05-18,ST04,P023,21,6,0,False
2025-05-18,ST05,P023,18,6,0,False
2025-05-18,ST01,P024,3,16,0,False
2025-05-18,ST02,P024,15,16,0,False
2025-05-18,ST03,P024,0,16,1,True
2025-05-18,ST04,P024,15,16,0,False
2025-05-18,ST05,P024,0,16,5,True
2025-05-18,ST01,P025,56,12,2,True
2025-05-18,ST02,P025,7,12,0,False
2025-05-18,ST03,P025,4,12,0,False
2025-05-18,ST04,P025,21,12,0,False
2025-05-18,ST05,P025,26,12,0,False
2025-05-18,ST01,P026,19,16,0,False
2025-05-18,ST02,P026,40,16,0,False
2025-05-18,ST03,P026,24,16,0,False
2025-05-18,ST04,P026,65,16,0,False
2025-05-18,ST05,P026,35,16,0,False
2025-05-18,ST01,P027,18,8,0,False
2025-05-18,ST02,P027,24,8,0,False
2025-05-18,ST03,P027,3,8,0,False
2025-05-18,ST04,P027,33,8,0,False
2025-05-18,ST05,P027,45,8,4,True
2025-05-18,ST01,P028,0,14,1,True
2025-05-18,ST02,P028,12,14,0,False
2025-05-18,ST03,P028,0,14,3,True
2025-05-18,ST04,P028,8,14,0,False
2025-05-18,ST05,P028,27,14,5,True
2025-05-18,ST01,P029,61,16,0,False
2025-05-18,ST02,P029,58,16,0,False
2025-05-18,ST03,P029,60,16,0,False
2025-05-18,ST04,P029,25,16,0,False
2025-05-18,ST05,P029,33,16,0,False
2025-05-18,ST01,P030,20,14,0,False
2025-05-18,ST02,P030,57,14,0,False
2025-05-18,ST03,P030,19,14,0,False
2025-05-18,ST04,P030,56,14,0,False
2025-05-18,ST05,P030,45,14,0,False
2025-05-18,ST01,P031,34,12,0,False
2025-05-18,ST02,P031,40,12,0,False
2025-05-18,ST03,P031,22,12,0,False
2025-05-18,ST04,P031,23,12,0,False
2025-05-18,ST05,P031,38,12,0,False
2025-05-18,ST01,P032,16,8,0,False
2025-05-18,ST02,P032,21,8,0,False
2025-05-18,ST03,P032,63,8,0,False
2025-05-18,ST04,P032,72,8,0,False
2025-05-18,ST05,P032,12,8,0,False
2025-05-18,ST01,P033,50,13,0,False
2025-05-18,ST02,P033,50,13,0,False
2025-05-18,ST03,P033,12,13,0,False
2025-05-18,ST04,P033,17,13,0,False
2025-05-18,ST05,P033,66,13,0,False
2025-05-18,ST01,P034,32,9,0,False
2025-05-18,ST02,P034,15,9,0,False
2025-05-18,ST03,P034,31,9,0,False
2025-05-18,ST04,P034,31,9,0,False
2025-05-18,ST05,P034,8,9,0,False
2025-05-18,ST01,P035,18,13,0,False
2025-05-18,ST02,P035,18,13,0,False
2025-05-18,ST03,P035,40,13,0,False
2025-05-18,ST04,P035,21,13,0,False
2025-05-18,ST05,P035,35,13,0,False
2025-05-18,ST01,P036,20,11,0,False
2025-05-18,ST02,P036,16,11,0,False
2025-05-18,ST03,P036,29,11,0,False
2025-05-18,ST04,P036,46,11,0,False
2025-05-18,ST05,P036,34,11,0,False
2025-05-18,ST01,P037,71,7,0,False
2025-05-18,ST02,P037,27,7,0,False
2025-05-18,ST03,P037,18,7,0,False
2025-05-18,ST04,P037,51,7,0,False
2025-05-18,ST05,P037,74,7,0,False
2025-05-18,ST01,P038,19,9,0,False
2025-05-18,ST02,P038,8,9,0,False
2025-05-18,ST03,P038,35,9,0,False
2025-05-18,ST04,P038,26,9,0,False
2025-05-18,ST05,P038,12,9,0,False
2025-05-18,ST01,P039,56,10,0,False
2025-05-18,ST02,P039,58,10,0,False
2025-05-18,ST03,P039,16,10,0,False
2025-05-18,ST04,P039,20,10,0,False
2025-05-18,ST05,P039,58,10,0,False
2025-05-18,ST01,P040,10,14,0,False
2025-05-18,ST02,P040,22,14,0,False
2025-05-18,ST03,P040,19,14,0,False
2025-05-18,ST04,P040,23,14,0,False
2025-05-18,ST05,P040,26,14,0,False
2025-05-25,ST01,P001,28,16,2,True
2025-05-25,ST02,P001,17,16,0,False
2025-05-25,ST03,P001,35,16,0,False
2025-05-25,ST04,P001,16,16,0,False
2025-05-25,ST05,P001,19,16,0,False
2025-05-25,ST01,P002,15,12,0,False
2025-05-25,ST02,P002,14,12,0,False
2025-05-25,ST03,P002,7,12,0,False
2025-05-25,ST04,P002,30,12,0,False
2025-05-25,ST05,P002,8,12,0,False
2025-05-25,ST01,P003,26,13,0,False
2025-05-25,ST02,P003,23,13,0,False
2025-05-25,ST03,P003,6,13,0,False
2025-05-25,ST04,P003,24,13,0,False
2025-05-25,ST05,P003,12,13,0,False
2025-05-25,ST01,P004,3,11,0,False
2025-05-25,ST02,P004,0,11,4,True
2025-05-25,ST03,P004,0,11,1,True
2025-05-25,ST04,P004,15,11,0,False
2025-05-25,ST05,P004,15,11,0,False
2025-05-25,ST01,P005,17,11,0,False
2025-05-25,ST02,P005,9,11,0,False
2025-05-25,ST03,P005,17,11,0,False
2025-05-25,ST04,P005,42,11,0,False
2025-05-25,ST05,P005,67,11,0,False
2025-05-25,ST01,P006,36,15,0,False
2025-05-25,ST02,P006,54,15,0,False
2025-05-25,ST03,P006,30,15,0,False
2025-05-25,ST04,P006,55,15,0,False
2025-05-25,ST05,P006,8,15,0,False
2025-05-25,ST01,P007,3,8,0,False
2025-05-25,ST02,P007,47,8,0,False
2025-05-25,ST03,P007,21,8,0,False
2025-05-25,ST04,P007,19,8,0,False
2025-05-25,ST05,P007,0,8,0,False
2025-05-25,ST01,P008,30,8,0,False
2025-05-25,ST02,P008,32,8,0,False
2025-05-25,ST03,P008,15,8,0,False
2025-05-25,ST04,P008,12,8,0,False
2025-05-25,ST05,P008,26,8,0,False
2025-05-25,ST01,P009,10,14,0,False
2025-05-25,ST02,P009,21,14,0,False
2025-05-25,ST03,P009,48,14,0,False
2025-05-25,ST04,P009,43,14,0,False
2025-05-25,ST05,P009,45,14,0,False
2025-05-25,ST01,P010,20,7,0,False
2025-05-25,ST02,P010,6,7,0,False
2025-05-25,ST03,P010,0,7,2,True
2025-05-25,ST04,P010,17,7,0,False
2025-05-25,ST05,P010,29,7,0,False
2025-05-25,ST01,P011,15,13,0,False
2025-05-25,ST02,P011,63,13,0,False
2025-05-25,ST03,P011,22,13,0,False
2025-05-25,ST04,P011,54,13,0,False
2025-05-25,ST05,P011,37,13,0,False
2025-05-25,ST01,P012,21,7,0,False
2025-05-25,ST02,P012,13,7,0,False
2025-05-25,ST03,P012,10,7,0,False
2025-05-25,ST04,P012,28,7,0,False
2025-05-25,ST05,P012,28,7,3,True
2025-05-25,ST01,P013,15,7,0,False
2025-05-25,ST02,P013,10,7,0,False
2025-05-25,ST03,P013,48,7,0,False
2025-05-25,ST04,P013,42,7,0,False
2025-05-25,ST05,P013,21,7,0,False
2025-05-25,ST01,P014,41,13,0,False
2025-05-25,ST02,P014,0,13,5,True
2025-05-25,ST03,P014,30,13,0,False
2025-05-25,ST04,P014,41,13,0,False
2025-05-25,ST05,P014,17,13,0,False
2025-05-25,ST01,P015,52,7,0,False
2025-05-25,ST02,P015,21,7,0,False
2025-05-25,ST03,P015,19,7,0,False
2025-05-25,ST04,P015,43,7,0,False
2025-05-25,ST05,P015,41,7,0,False
2025-05-25,ST01,P016,41,14,1,True
2025-05-25,ST02,P016,15,14,0,False
2025-05-25,ST03,P016,12,14,0,False
2025-05-25,ST04,P016,38,14,0,False
2025-05-25,ST05,P016,41,14,1,True
2025-05-25,ST01,P017,0,13,2,True
2025-05-25,ST02,P017,11,13,0,False
2025-05-25,ST03,P017,8,13,0,False
2025-05-25,ST04,P017,23,13,0,False
2025-05-25,ST05,P017,1,13,0,False
2025-05-25,ST01,P018,15,8,0,False
2025-05-25,ST02,P018,18,8,0,False
2025-05-25,ST03,P018,31,8,0,False
2025-05-25,ST04,P018,40,8,0,False
2025-05-25,ST05,P018,18,8,0,False
2025-05-25,ST01,P019,25,15,0,False
2025-05-25,ST02,P019,59,15,0,False
2025-05-25,ST03,P019,50,15,0,False
2025-05-25,ST04,P019,69,15,0,False
2025-05-25,ST05,P019,52,15,0,False
2025-05-25,ST01,P020,37,13,0,False
2025-05-25,ST02,P020,32,13,0,False
2025-05-25,ST03,P020,23,13,0,False
2025-05-25,ST04,P020,26,13,0,False
2025-05-25,ST05,P020,42,13,0,False
2025-05-25,ST01,P021,60,13,0,False
2025-05-25,ST02,P021,64,13,0,False
2025-05-25,ST03,P021,17,13,0,False
2025-05-25,ST04,P021,15,13,0,False
2025-05-25,ST05,P021,55,13,0,False
2025-05-25,ST01,P022,8,8,0,False
2025-05-25,ST02,P022,19,8,0,False
2025-05-25,ST03,P022,1,8,0,False
2025-05-25,ST04,P022,0,8,3,True
2025-05-25,ST05,P022,0,8,2,True
2025-05-25,ST01,P023,23,6,1,True
2025-05-25,ST02,P023,19,6,0,False
2025-05-25,ST03,P023,12,6,0,False
2025-05-25,ST04,P023,12,6,0,False
2025-05-25,ST05,P023,9,6,0,False
2025-05-25,ST01,P024,16,16,0,False
2025-05-25,ST02,P024,32,16,0,False
2025-05-25,ST03,P024,15,16,2,True
2025-05-25,ST04,P024,37,16,0,False
2025-05-25,ST05,P024,16,16,3,True
2025-05-25,ST01,P025,45,12,0,False
2025-05-25,ST02,P025,54,12,0,False
2025-05-25,ST03,P025,54,12,0,False
2025-05-25,ST04,P025,17,12,0,False
2025-05-25,ST05,P025,17,12,0,False
2025-05-25,ST01,P026,13,16,0,False
2025-05-25,ST02,P026,32,16,0,False
2025-05-25,ST03,P026,20,16,0,False
2025-05-25,ST04,P026,60,16,0,False
2025-05-25,ST05,P026,29,16,0,False
2025-05-25,ST01,P027,10,8,0,False
2025-05-25,ST02,P027,12,8,0,False
2025-05-25,ST03,P027,0,8,1,True
2025-05-25,ST04,P027,29,8,0,False
2025-05-25,ST05,P027,34,8,0,False
2025-05-25,ST01,P028,26,14,4,True
2025-05-25,ST02,P028,0,14,3,True
2025-05-25,ST03,P028,24,14,3,True
2025-05-25,ST04,P028,31,14,0,False
2025-05-25,ST05,P028,6,14,0,False
2025-05-25,ST01,P029,60,16,0,False
2025-05-25,ST02,P029,57,16,0,False
2025-05-25,ST03,P029,60,16,0,False
2025-05-25,ST04,P029,25,16,0,False
2025-05-25,ST05,P029,32,16,0,False
2025-05-25,ST01,P030,11,14,0,False
2025-05-25,ST02,P030,51,14,0,False
2025-05-25,ST03,P030,18,14,0,False
2025-05-25,ST04,P030,53,14,0,False
2025-05-25,ST05,P030,39,14,0,False
2025-05-25,ST01,P031,31,12,0,False
2025-05-25,ST02,P031,39,12,0,False
2025-05-25,ST03,P031,20,12,0,False
2025-05-25,ST04,P031,22,12,0,False
2025-05-25,ST05,P031,37,12,0,False
2025-05-25,ST01,P032,14,8,0,False
2025-05-25,ST02,P032,21,8,0,False
2025-05-25,ST03,P032,63,8,0,False
2025-05-25,ST04,P032,71,8,0,False
2025-05-25,ST05,P032,10,8,0,False
2025-05-25,ST01,P033,46,13,0,False
2025-05-25,ST02,P033,47,13,0,False
2025-05-25,ST03,P033,7,13,0,False
2025-05-25,ST04,P033,17,13,0,False
2025-05-25,ST05,P033,61,13,0,False
2025-05-25,ST01,P034,28,9,0,False
2025-05-25,ST02,P034,10,9,0,False
2025-05-25,ST03,P034,24,9,0,False
2025-05-25,ST04,P034,28,9,0,False
2025-05-25,ST05,P034,42,9,0,False
2025-05-25,ST01,P035,7,13,0,False
2025-05-25,ST02,P035,14,13,0,False
2025-05-25,ST03,P035,25,13,0,False
2025-05-25,ST04,P035,15,13,0,False
2025-05-25,ST05,P035,27,13,0,False
2025-05-25,ST01,P036,18,11,0,False
2025-05-25,ST02,P036,14,11,0,False
2025-05-25,ST03,P036,28,11,0,False
2025-05-25,ST04,P036,46,11,0,False
2025-05-25,ST05,P036,33,11,0,False
2025-05-25,ST01,P037,69,7,0,False
2025-05-25,ST02,P037,23,7,0,False
2025-05-25,ST03,P037,15,7,0,False
2025-05-25,ST04,P037,50,7,0,False
2025-05-25,ST05,P037,69,7,0,False
2025-05-25,ST01,P038,15,9,0,False
2025-05-25,ST02,P038,41,9,0,False
2025-05-25,ST03,P038,34,9,0,False
2025-05-25,ST04,P038,25,9,0,False
2025-05-25,ST05,P038,11,9,0,False
2025-05-25,ST01,P039,54,10,0,False
2025-05-25,ST02,P039,58,10,0,False
2025-05-25,ST03,P039,14,10,0,False
2025-05-25,ST04,P039,18,10,0,False
2025-05-25,ST05,P039,55,10,0,False
2025-05-25,ST01,P040,7,14,0,False
2025-05-25,ST02,P040,19,14,0,False
2025-05-25,ST03,P040,17,14,0,False
2025-05-25,ST04,P040,22,14,0,False
2025-05-25,ST05,P040,24,14,0,False
2025-06-01,ST01,P001,21,16,0,False
2025-06-01,ST02,P001,14,16,0,False
2025-06-01,ST03,P001,30,16,0,False
2025-06-01,ST04,P001,15,16,0,False
2025-06-01,ST05,P001,13,16,0,False
2025-06-01,ST01,P002,1,12,0,False
2025-06-01,ST02,P002,8,12,0,False
2025-06-01,ST03,P002,34,12,0,False
2025-06-01,ST04,P002,26,12,0,False
2025-06-01,ST05,P002,34,12,0,False
2025-06-01,ST01,P003,25,13,0,False
2025-06-01,ST02,P003,18,13,0,False
2025-06-01,ST03,P003,33,13,0,False
2025-06-01,ST04,P003,20,13,0,False
2025-06-01,ST05,P003,2,13,0,False
2025-06-01,ST01,P004,23,11,3,True
2025-06-01,ST02,P004,15,11,1,True
2025-06-01,ST03,P004,13,11,1,True
2025-06-01,ST04,P004,7,11,0,False
2025-06-01,ST05,P004,2,11,0,False
2025-06-01,ST01,P005,11,11,0,False
2025-06-01,ST02,P005,0,11,0,False
2025-06-01,ST03,P005,11,11,0,False
2025-06-01,ST04,P005,41,11,0,False
2025-06-01,ST05,P005,54,11,0,False
2025-06-01,ST01,P006,32,15,0,False
2025-06-01,ST02,P006,52,15,0,False
2025-06-01,ST03,P006,28,15,0,False
2025-06-01,ST04,P006,54,15,0,False
2025-06-01,ST05,P006,59,15,0,False
2025-06-01,ST01,P007,0,8,4,True
2025-06-01,ST02,P007,28,8,0,False
2025-06-01,ST03,P007,13,8,0,False
2025-06-01,ST04,P007,11,8,0,False
2025-06-01,ST05,P007,61,8,4,True
2025-06-01,ST01,P008,28,8,0,False
2025-06-01,ST02,P008,29,8,0,False
2025-06-01,ST03,P008,14,8,0,False
2025-06-01,ST04,P008,10,8,0,False
2025-06-01,ST05,P008,19,8,0,False
2025-06-01,ST01,P009,45,14,0,False
2025-06-01,ST02,P009,13,14,0,False
2025-06-01,ST03,P009,45,14,0,False
2025-06-01,ST04,P009,41,14,0,False
2025-06-01,ST05,P009,40,14,0,False
2025-06-01,ST01,P010,18,7,0,False
2025-06-01,ST02,P010,2,7,0,False
2025-06-01,ST03,P010,42,7,1,True
2025-06-01,ST04,P010,8,7,0,False
2025-06-01,ST05,P010,25,7,0,False
2025-06-01,ST01,P011,56,13,0,False
2025-06-01,ST02,P011,58,13,0,False
2025-06-01,ST03,P011,20,13,0,False
2025-06-01,ST04,P011,48,13,0,False
2025-06-01,ST05,P011,30,13,0,False
2025-06-01,ST01,P012,7,7,0,False
2025-06-01,ST02,P012,29,7,1,True
2025-06-01,ST03,P012,22,7,0,False
2025-06-01,ST04,P012,27,7,0,False
2025-06-01,ST05,P012,21,7,0,False
2025-06-01,ST01,P013,14,7,0,False
2025-06-01,ST02,P013,7,7,0,False
2025-06-01,ST03,P013,47,7,0,False
2025-06-01,ST04,P013,40,7,0,False
2025-06-01,ST05,P013,18,7,0,False
2025-06-01,ST01,P014,29,13,0,False
2025-06-01,ST02,P014,30,13,3,True
2025-06-01,ST03,P014,20,13,0,False
2025-06-01,ST04,P014,35,13,0,False
2025-06-01,ST05,P014,8,13,0,False
2025-06-01,ST01,P015,47,7,0,False
2025-06-01,ST02,P015,14,7,0,False
2025-06-01,ST03,P015,17,7,0,False
2025-06-01,ST04,P015,38,7,0,False
2025-06-01,ST05,P015,38,7,0,False
2025-06-01,ST01,P016,32,14,0,False
2025-06-01,ST02,P016,12,14,0,False
2025-06-01,ST03,P016,5,14,0,False
2025-06-01,ST04,P016,33,14,0,False
2025-06-01,ST05,P016,35,14,0,False
2025-06-01,ST01,P017,17,13,2,True
2025-06-01,ST02,P017,0,13,2,True
2025-06-01,ST03,P017,23,13,0,False
2025-06-01,ST04,P017,6,13,0,False
2025-06-01,ST05,P017,16,13,0,False
2025-06-01,ST01,P018,10,8,0,False
2025-06-01,ST02,P018,17,8,0,False
2025-06-01,ST03,P018,29,8,0,False
2025-06-01,ST04,P018,39,8,0,False
2025-06-01,ST05,P018,17,8,0,False
2025-06-01,ST01,P019,22,15,0,False
2025-06-01,ST02,P019,58,15,0,False
2025-06-01,ST03,P019,49,15,0,False
2025-06-01,ST04,P019,69,15,0,False
2025-06-01,ST05,P019,50,15,0,False
2025-06-01,ST01,P020,28,13,0,False
2025-06-01,ST02,P020,25,13,0,False
2025-06-01,ST03,P020,15,13,0,False
2025-06-01,ST04,P020,15,13,0,False
2025-06-01,ST05,P020,34,13,0,False
2025-06-01,ST01,P021,56,13,0,False
2025-06-01,ST02,P021,60,13,0,False
2025-06-01,ST03,P021,15,13,0,False
2025-06-01,ST04,P021,13,13,0,False
2025-06-01,ST05,P021,50,13,0,False
2025-06-01,ST01,P022,24,8,1,True
2025-06-01,ST02,P022,11,8,0,False
2025-06-01,ST03,P022,19,8,1,True
2025-06-01,ST04,P022,22,8,3,True
2025-06-01,ST05,P022,14,8,0,False
2025-06-01,ST01,P023,7,6,0,False
2025-06-01,ST02,P023,10,6,0,False
2025-06-01,ST03,P023,0,6,3,True
2025-06-01,ST04,P023,3,6,0,False
2025-06-01,ST05,P023,0,6,0,False
2025-06-01,ST01,P024,12,16,3,True
2025-06-01,ST02,P024,13,16,0,False
2025-06-01,ST03,P024,35,16,0,False
2025-06-01,ST04,P024,23,16,0,False
2025-06-01,ST05,P024,23,16,3,True
2025-06-01,ST01,P025,31,12,0,False
2025-06-01,ST02,P025,51,12,0,False
2025-06-01,ST03,P025,51,12,0,False
2025-06-01,ST04,P025,15,12,0,False
2025-06-01,ST05,P025,11,12,0,False
2025-06-01,ST01,P026,5,16,0,False
2025-06-01,ST02,P026,27,16,0,False
2025-06-01,ST03,P026,13,16,0,False
2025-06-01,ST04,P026,54,16,0,False
2025-06-01,ST05,P026,27,16,0,False
2025-06-01,ST01,P027,0,8,4,True
2025-06-01,ST02,P027,4,8,0,False
2025-06-01,ST03,P027,42,8,0,False
2025-06-01,ST04,P027,23,8,0,False
2025-06-01,ST05,P027,20,8,0,False
2025-06-01,ST01,P028,3,14,0,False
2025-06-01,ST02,P028,23,14,1,True
2025-06-01,ST03,P028,13,14,0,False
2025-06-01,ST04,P028,27,14,0,False
2025-06-01,ST05,P028,0,14,4,True
2025-06-01,ST01,P029,59,16,0,False
2025-06-01,ST02,P029,55,16,0,False
2025-06-01,ST03,P029,55,16,0,False
2025-06-01,ST04,P029,25,16,0,False
2025-06-01,ST05,P029,31,16,0,False
2025-06-01,ST01,P030,57,14,0,False
2025-06-01,ST02,P030,49,14,0,False
2025-06-01,ST03,P030,12,14,0,False
2025-06-01,ST04,P030,50,14,0,False
2025-06-01,ST05,P030,27,14,0,False
2025-06-01,ST01,P031,29,12,0,False
2025-06-01,ST02,P031,39,12,0,False
2025-06-01,ST03,P031,20,12,0,False
2025-06-01,ST04,P031,21,12,0,False
2025-06-01,ST05,P031,37,12,0,False
2025-06-01,ST01,P032,13,8,0,False
2025-06-01,ST02,P032,21,8,0,False
2025-06-01,ST03,P032,62,8,0,False
2025-06-01,ST04,P032,71,8,0,False
2025-06-01,ST05,P032,10,8,0,False
2025-06-01,ST01,P033,41,13,0,False
2025-06-01,ST02,P033,44,13,0,False
2025-06-01,ST03,P033,0,13,0,False
2025-06-01,ST04,P033,14,13,0,False
2025-06-01,ST05,P033,50,13,0,False
2025-06-01,ST01,P034,27,9,0,False
2025-06-01,ST02,P034,6,9,0,False
2025-06-01,ST03,P034,19,9,0,False
2025-06-01,ST04,P034,24,9,0,False
2025-06-01,ST05,P034,40,9,0,False
2025-06-01,ST01,P035,39,13,0,False
2025-06-01,ST02,P035,9,13,0,False
2025-06-01,ST03,P035,19,13,0,False
2025-06-01,ST04,P035,9,13,0,False
2025-06-01,ST05,P035,18,13,0,False
2025-06-01,ST01,P036,15,11,0,False
2025-06-01,ST02,P036,11,11,0,False
2025-06-01,ST03,P036,26,11,0,False
2025-06-01,ST04,P036,45,11,0,False
2025-06-01,ST05,P036,24,11,0,False
2025-06-01,ST01,P037,65,7,0,False
2025-06-01,ST02,P037,21,7,0,False
2025-06-01,ST03,P037,13,7,0,False
2025-06-01,ST04,P037,50,7,0,False
2025-06-01,ST05,P037,58,7,0,False
2025-06-01,ST01,P038,15,9,0,False
2025-06-01,ST02,P038,39,9,0,False
2025-06-01,ST03,P038,32,9,0,False
2025-06-01,ST04,P038,25,9,0,False
2025-06-01,ST05,P038,9,9,0,False
2025-06-01,ST01,P039,52,10,0,False
2025-06-01,ST02,P039,56,10,0,False
2025-06-01,ST03,P039,12,10,0,False
2025-06-01,ST04,P039,18,10,0,False
2025-06-01,ST05,P039,54,10,0,False
2025-06-01,ST01,P040,35,14,0,False
2025-06-01,ST02,P040,18,14,0,False
2025-06-01,ST03,P040,17,14,0,False
2025-06-01,ST04,P040,21,14,0,False
2025-06-01,ST05,P040,23,14,0,False
2025-06-08,ST01,P001,18,16,0,False
2025-06-08,ST02,P001,9,16,0,False
2025-06-08,ST03,P001,28,16,0,False
2025-06-08,ST04,P001,44,16,0,False
2025-06-08,ST05,P001,13,16,0,False
2025-06-08,ST01,P002,29,12,2,True
2025-06-08,ST02,P002,33,12,0,False
2025-06-08,ST03,P002,18,12,0,False
2025-06-08,ST04,P002,20,12,0,False
2025-06-08,ST05,P002,11,12,0,False
2025-06-08,ST01,P003,21,13,0,False
2025-06-08,ST02,P003,14,13,0,False
2025-06-08,ST03,P003,28,13,0,False
2025-06-08,ST04,P003,15,13,0,False
2025-06-08,ST05,P003,26,13,1,True
2025-06-08,ST01,P004,7,11,0,False
2025-06-08,ST02,P004,6,11,0,False
2025-06-08,ST03,P004,2,11,0,False
2025-06-08,ST04,P004,0,11,0,False
2025-06-08,ST05,P004,25,11,2,True
2025-06-08,ST01,P005,71,11,0,False
2025-06-08,ST02,P005,63,11,1,True
2025-06-08,ST03,P005,72,11,0,False
2025-06-08,ST04,P005,37,11,0,False
2025-06-08,ST05,P005,50,11,0,False
2025-06-08,ST01,P006,27,15,0,False
2025-06-08,ST02,P006,51,15,0,False
2025-06-08,ST03,P006,26,15,0,False
2025-06-08,ST04,P006,53,15,0,False
2025-06-08,ST05,P006,58,15,0,False
2025-06-08,ST01,P007,63,8,0,False
2025-06-08,ST02,P007,18,8,0,False
2025-06-08,ST03,P007,4,8,0,False
2025-06-08,ST04,P007,6,8,0,False
2025-06-08,ST05,P007,50,8,0,False
2025-06-08,ST01,P008,22,8,0,False
2025-06-08,ST02,P008,28,8,0,False
2025-06-08,ST03,P008,11,8,0,False
2025-06-08,ST04,P008,10,8,0,False
2025-06-08,ST05,P008,16,8,0,False
2025-06-08,ST01,P009,43,14,0,False
2025-06-08,ST02,P009,49,14,0,False
2025-06-08,ST03,P009,42,14,0,False
2025-06-08,ST04,P009,41,14,0,False
2025-06-08,ST05,P009,39,14,0,False
2025-06-08,ST01,P010,9,7,0,False
2025-06-08,ST02,P010,40,7,0,False
2025-06-08,ST03,P010,32,7,0,False
2025-06-08,ST04,P010,6,7,0,False
2025-06-08,ST05,P010,17,7,0,False
2025-06-08,ST01,P011,44,13,0,False
2025-06-08,ST02,P011,50,13,0,False
2025-06-08,ST03,P011,67,13,0,False
2025-06-08,ST04,P011,43,13,0,False
2025-06-08,ST05,P011,19,13,0,False
2025-06-08,ST01,P012,25,7,1,True
2025-06-08,ST02,P012,22,7,0,False
2025-06-08,ST03,P012,13,7,0,False
2025-06-08,ST04,P012,23,7,0,False
2025-06-08,ST05,P012,14,7,0,False
2025-06-08,ST01,P013,13,7,0,False
2025-06-08,ST02,P013,55,7,0,False
2025-06-08,ST03,P013,45,7,0,False
2025-06-08,ST04,P013,37,7,0,False
2025-06-08,ST05,P013,18,7,0,False
2025-06-08,ST01,P014,20,13,0,False
2025-06-08,ST02,P014,20,13,0,False
2025-06-08,ST03,P014,4,13,0,False
2025-06-08,ST04,P014,28,13,0,False
2025-06-08,ST05,P014,36,13,2,True
2025-06-08,ST01,P015,43,7,0,False
2025-06-08,ST02,P015,8,7,0,False
2025-06-08,ST03,P015,12,7,0,False
2025-06-08,ST04,P015,34,7,0,False
2025-06-08,ST05,P015,34,7,0,False
2025-06-08,ST01,P016,15,14,0,False
2025-06-08,ST02,P016,5,14,0,False
2025-06-08,ST03,P016,0,14,1,True
2025-06-08,ST04,P016,28,14,0,False
2025-06-08,ST05,P016,29,14,0,False
2025-06-08,ST01,P017,6,13,0,False
2025-06-08,ST02,P017,8,13,1,True
2025-06-08,ST03,P017,9,13,0,False
2025-06-08,ST04,P017,24,13,1,True
2025-06-08,ST05,P017,10,13,0,False
2025-06-08,ST01,P018,9,8,0,False
2025-06-08,ST02,P018,15,8,0,False
2025-06-08,ST03,P018,25,8,0,False
2025-06-08,ST04,P018,39,8,0,False
2025-06-08,ST05,P018,13,8,0,False
2025-06-08,ST01,P019,19,15,0,False
2025-06-08,ST02,P019,57,15,0,False
2025-06-08,ST03,P019,47,15,0,False
2025-06-08,ST04,P019,69,15,0,False
2025-06-08,ST05,P019,49,15,0,False
2025-06-08,ST01,P020,25,13,0,False
2025-06-08,ST02,P020,20,13,0,False
2025-06-08,ST03,P020,47,13,0,False
2025-06-08,ST04,P020,15,13,0,False
2025-06-08,ST05,P020,28,13,0,False
2025-06-08,ST01,P021,50,13,0,False
2025-06-08,ST02,P021,57,13,0,False
2025-06-08,ST03,P021,8,13,0,False
2025-06-08,ST04,P021,69,13,0,False
2025-06-08,ST05,P021,46,13,0,False
2025-06-08,ST01,P022,15,8,0,False
2025-06-08,ST02,P022,0,8,3,True
2025-06-08,ST03,P022,11,8,0,False
2025-06-08,ST04,P022,21,8,0,False
2025-06-08,ST05,P022,6,8,0,False
2025-06-08,ST01,P023,29,6,0,False
2025-06-08,ST02,P023,28,6,0,False
2025-06-08,ST03,P023,22,6,0,False
2025-06-08,ST04,P023,22,6,0,False
2025-06-08,ST05,P023,23,6,2,True
2025-06-08,ST01,P024,28,16,0,False
2025-06-08,ST02,P024,23,16,1,True
2025-06-08,ST03,P024,21,16,0,False
2025-06-08,ST04,P024,10,16,0,False
2025-06-08,ST05,P024,7,16,0,False
2025-06-08,ST01,P025,25,12,0,False
2025-06-08,ST02,P025,45,12,0,False
2025-06-08,ST03,P025,47,12,0,False
2025-06-08,ST04,P025,14,12,0,False
2025-06-08,ST05,P025,0,12,1,True
2025-06-08,ST01,P026,3,16,0,False
2025-06-08,ST02,P026,22,16,0,False
2025-06-08,ST03,P026,6,16,0,False
2025-06-08,ST04,P026,49,16,0,False
2025-06-08,ST05,P026,19,16,0,False
2025-06-08,ST01,P027,0,8,4,True
2025-06-08,ST02,P027,43,8,4,True
2025-06-08,ST03,P027,38,8,0,False
2025-06-08,ST04,P027,18,8,0,False
2025-06-08,ST05,P027,12,8,0,False
2025-06-08,ST01,P028,26,14,1,True
2025-06-08,ST02,P028,1,14,0,False
2025-06-08,ST03,P028,7,14,0,False
2025-06-08,ST04,P028,23,14,0,False
2025-06-08,ST05,P028,18,14,0,False
2025-06-08,ST01,P029,59,16,0,False
2025-06-08,ST02,P029,55,16,0,False
2025-06-08,ST03,P029,55,16,0,False
2025-06-08,ST04,P029,20,16,0,False
2025-06-08,ST05,P029,30,16,0,False
2025-06-08,ST01,P030,50,14,0,False
2025-06-08,ST02,P030,44,14,0,False
2025-06-08,ST03,P030,60,14,0,False
2025-06-08,ST04,P030,48,14,0,False
2025-06-08,ST05,P030,21,14,0,False
2025-06-08,ST01,P031,28,12,0,False
2025-06-08,ST02,P031,37,12,0,False
2025-06-08,ST03,P031,19,12,0,False
2025-06-08,ST04,P031,17,12,0,False
2025-06-08,ST05,P031,34,12,0,False
2025-06-08,ST01,P032,13,8,0,False
2025-06-08,ST02,P032,20,8,0,False
2025-06-08,ST03,P032,62,8,0,False
2025-06-08,ST04,P032,71,8,0,False
2025-06-08,ST05,P032,10,8,0,False
2025-06-08,ST01,P033,38,13,0,False
2025-06-08,ST02,P033,42,13,0,False
2025-06-08,ST03,P033,63,13,0,False
2025-06-08,ST04,P033,9,13,0,False
2025-06-08,ST05,P033,42,13,0,False
2025-06-08,ST01,P034,23,9,0,False
2025-06-08,ST02,P034,38,9,0,False
2025-06-08,ST03,P034,16,9,0,False
2025-06-08,ST04,P034,21,9,0,False
2025-06-08,ST05,P034,37,9,0,False
2025-06-08,ST01,P035,28,13,0,False
2025-06-08,ST02,P035,48,13,0,False
2025-06-08,ST03,P035,14,13,0,False
2025-06-08,ST04,P035,46,13,0,False
2025-06-08,ST05,P035,14,13,0,False
2025-06-08,ST01,P036,8,11,0,False
2025-06-08,ST02,P036,11,11,0,False
2025-06-08,ST03,P036,23,11,0,False
2025-06-08,ST04,P036,45,11,0,False
2025-06-08,ST05,P036,23,11,0,False
2025-06-08,ST01,P037,64,7,0,False
2025-06-08,ST02,P037,19,7,0,False
2025-06-08,ST03,P037,12,7,0,False
2025-06-08,ST04,P037,49,7,0,False
2025-06-08,ST05,P037,54,7,0,False
2025-06-08,ST01,P038,15,9,0,False
2025-06-08,ST02,P038,36,9,0,False
2025-06-08,ST03,P038,31,9,0,False
2025-06-08,ST04,P038,23,9,0,False
2025-06-08,ST05,P038,42,9,0,False
2025-06-08,ST01,P039,52,10,0,False
2025-06-08,ST02,P039,56,10,0,False
2025-06-08,ST03,P039,11,10,0,False
2025-06-08,ST04,P039,16,10,0,False
2025-06-08,ST05,P039,53,10,0,False
2025-06-08,ST01,P040,34,14,0,False
2025-06-08,ST02,P040,13,14,0,False
2025-06-08,ST03,P040,17,14,0,False
2025-06-08,ST04,P040,19,14,0,False
2025-06-08,ST05,P040,21,14,0,False
2025-06-15,ST01,P001,14,16,0,False
2025-06-15,ST02,P001,41,16,0,False
2025-06-15,ST03,P001,25,16,0,False
2025-06-15,ST04,P001,44,16,0,False
2025-06-15,ST05,P001,41,16,0,False
2025-06-15,ST01,P002,24,12,0,False
2025-06-15,ST02,P002,22,12,0,False
2025-06-15,ST03,P002,7,12,0,False
2025-06-15,ST04,P002,16,12,0,False
2025-06-15,ST05,P002,39,12,0,False
2025-06-15,ST01,P003,16,13,0,False
2025-06-15,ST02,P003,11,13,0,False
2025-06-15,ST03,P003,25,13,0,False
2025-06-15,ST04,P003,15,13,0,False
2025-06-15,ST05,P003,22,13,0,False
2025-06-15,ST01,P004,0,11,0,False
2025-06-15,ST02,P004,25,11,0,False
2025-06-15,ST03,P004,19,11,2,True
2025-06-15,ST04,P004,17,11,0,False
2025-06-15,ST05,P004,11,11,0,False
2025-06-15,ST01,P005,66,11,0,False
2025-06-15,ST02,P005,50,11,0,False
2025-06-15,ST03,P005,65,11,0,False
2025-06-15,ST04,P005,36,11,0,False
2025-06-15,ST05,P005,43,11,0,False
2025-06-15,ST01,P006,25,15,0,False
2025-06-15,ST02,P006,48,15,0,False
2025-06-15,ST03,P006,25,15,0,False
2025-06-15,ST04,P006,53,15,0,False
2025-06-15,ST05,P006,54,15,0,False
2025-06-15,ST01,P007,53,8,0,False
2025-06-15,ST02,P007,13,8,0,False
2025-06-15,ST03,P007,0,8,2,True
2025-06-15,ST04,P007,72,8,0,False
2025-06-15,ST05,P007,37,8,0,False
2025-06-15,ST01,P008,16,8,0,False
2025-06-15,ST02,P008,27,8,0,False
2025-06-15,ST03,P008,11,8,0,False
2025-06-15,ST04,P008,7,8,0,False
2025-06-15,ST05,P008,13,8,0,False
2025-06-15,ST01,P009,43,14,0,False
2025-06-15,ST02,P009,41,14,0,False
2025-06-15,ST03,P009,40,14,0,False
2025-06-15,ST04,P009,38,14,0,False
2025-06-15,ST05,P009,39,14,0,False
2025-06-15,ST01,P010,0,7,1,True
2025-06-15,ST02,P010,33,7,0,False
2025-06-15,ST03,P010,22,7,0,False
2025-06-15,ST04,P010,48,7,0,False
2025-06-15,ST05,P010,11,7,0,False
2025-06-15,ST01,P011,38,13,0,False
2025-06-15,ST02,P011,37,13,0,False
2025-06-15,ST03,P011,57,13,0,False
2025-06-15,ST04,P011,38,13,0,False
2025-06-15,ST05,P011,13,13,0,False
2025-06-15,ST01,P012,6,7,0,False
2025-06-15,ST02,P012,8,7,0,False
2025-06-15,ST03,P012,6,7,0,False
2025-06-15,ST04,P012,15,7,0,False
2025-06-15,ST05,P012,1,7,0,False
2025-06-15,ST01,P013,10,7,0,False
2025-06-15,ST02,P013,53,7,0,False
2025-06-15,ST03,P013,43,7,0,False
2025-06-15,ST04,P013,35,7,0,False
2025-06-15,ST05,P013,18,7,0,False
2025-06-15,ST01,P014,11,13,0,False
2025-06-15,ST02,P014,3,13,0,False
2025-06-15,ST03,P014,0,13,2,True
2025-06-15,ST04,P014,24,13,0,False
2025-06-15,ST05,P014,15,13,0,False
2025-06-15,ST01,P015,40,7,0,False
2025-06-15,ST02,P015,48,7,0,False
2025-06-15,ST03,P015,10,7,0,False
2025-06-15,ST04,P015,27,7,0,False
2025-06-15,ST05,P015,31,7,0,False
2025-06-15,ST01,P016,6,14,0,False
2025-06-15,ST02,P016,48,14,0,False
2025-06-15,ST03,P016,50,14,0,False
2025-06-15,ST04,P016,26,14,0,False
2025-06-15,ST05,P016,21,14,0,False
2025-06-15,ST01,P017,22,13,4,True
2025-06-15,ST02,P017,0,13,1,True
2025-06-15,ST03,P017,3,13,0,False
2025-06-15,ST04,P017,14,13,0,False
2025-06-15,ST05,P017,26,13,0,False
2025-06-15,ST01,P018,6,8,0,False
2025-06-15,ST02,P018,12,8,0,False
2025-06-15,ST03,P018,24,8,0,False
2025-06-15,ST04,P018,39,8,0,False
2025-06-15,ST05,P018,13,8,0,False
2025-06-15,ST01,P019,18,15,0,False
2025-06-15,ST02,P019,57,15,0,False
2025-06-15,ST03,P019,46,15,0,False
2025-06-15,ST04,P019,68,15,0,False
2025-06-15,ST05,P019,48,15,0,False
2025-06-15,ST01,P020,16,13,0,False
2025-06-15,ST02,P020,14,13,0,False
2025-06-15,ST03,P020,43,13,0,False
2025-06-15,ST04,P020,13,13,0,False
2025-06-15,ST05,P020,25,13,0,False
2025-06-15,ST01,P021,49,13,0,False
2025-06-15,ST02,P021,52,13,0,False
2025-06-15,ST03,P021,68,13,0,False
2025-06-15,ST04,P021,66,13,0,False
2025-06-15,ST05,P021,41,13,0,False
2025-06-15,ST01,P022,0,8,2,True
2025-06-15,ST02,P022,14,8,1,True
2025-06-15,ST03,P022,7,8,0,False
2025-06-15,ST04,P022,15,8,0,False
2025-06-15,ST05,P022,18,8,1,True
2025-06-15,ST01,P023,19,6,0,False
2025-06-15,ST02,P023,23,6,0,False
2025-06-15,ST03,P023,13,6,0,False
2025-06-15,ST04,P023,17,6,0,False
2025-06-15,ST05,P023,0,6,0,False
2025-06-15,ST01,P024,39,16,0,False
2025-06-15,ST02,P024,10,16,0,False
2025-06-15,ST03,P024,0,16,1,True
2025-06-15,ST04,P024,0,16,1,True
2025-06-15,ST05,P024,15,16,0,False
2025-06-15,ST01,P025,23,12,0,False
2025-06-15,ST02,P025,41,12,0,False
2025-06-15,ST03,P025,42,12,0,False
2025-06-15,ST04,P025,14,12,0,False
2025-06-15,ST05,P025,52,12,0,False
2025-06-15,ST01,P026,53,16,0,False
2025-06-15,ST02,P026,20,16,0,False
2025-06-15,ST03,P026,53,16,0,False
2025-06-15,ST04,P026,43,16,0,False
2025-06-15,ST05,P026,14,16,0,False
2025-06-15,ST01,P027,41,8,2,True
2025-06-15,ST02,P027,30,8,0,False
2025-06-15,ST03,P027,24,8,0,False
2025-06-15,ST04,P027,16,8,0,False
2025-06-15,ST05,P027,2,8,0,False
2025-06-15,ST01,P028,7,14,0,False
2025-06-15,ST02,P028,27,14,2,True
2025-06-15,ST03,P028,21,14,0,False
2025-06-15,ST04,P028,14,14,0,False
2025-06-15,ST05,P028,8,14,0,False
2025-06-15,ST01,P029,57,16,0,False
2025-06-15,ST02,P029,55,16,0,False
2025-06-15,ST03,P029,53,16,0,False
2025-06-15,ST04,P029,19,16,0,False
2025-06-15,ST05,P029,30,16,0,False
2025-06-15,ST01,P030,41,14,0,False
2025-06-15,ST02,P030,37,14,0,False
2025-06-15,ST03,P030,55,14,0,False
2025-06-15,ST04,P030,43,14,0,False
2025-06-15,ST05,P030,16,14,0,False
2025-06-15,ST01,P031,27,12,0,False
2025-06-15,ST02,P031,37,12,0,False
2025-06-15,ST03,P031,15,12,0,False
2025-06-15,ST04,P031,17,12,0,False
2025-06-15,ST05,P031,30,12,0,False
2025-06-15,ST01,P032,11,8,0,False
2025-06-15,ST02,P032,19,8,0,False
2025-06-15,ST03,P032,61,8,0,False
2025-06-15,ST04,P032,71,8,0,False
2025-06-15,ST05,P032,9,8,0,False
2025-06-15,ST01,P033,35,13,0,False
2025-06-15,ST02,P033,38,13,0,False
2025-06-15,ST03,P033,62,13,0,False
2025-06-15,ST04,P033,70,13,0,False
2025-06-15,ST05,P033,38,13,0,False
2025-06-15,ST01,P034,16,9,0,False
2025-06-15,ST02,P034,33,9,0,False
2025-06-15,ST03,P034,16,9,0,False
2025-06-15,ST04,P034,20,9,0,False
2025-06-15,ST05,P034,33,9,0,False
2025-06-15,ST01,P035,20,13,0,False
2025-06-15,ST02,P035,43,13,0,False
2025-06-15,ST03,P035,10,13,0,False
2025-06-15,ST04,P035,43,13,0,False
2025-06-15,ST05,P035,12,13,0,False
2025-06-15,ST01,P036,7,11,0,False
2025-06-15,ST02,P036,58,11,0,False
2025-06-15,ST03,P036,22,11,0,False
2025-06-15,ST04,P036,44,11,0,False
2025-06-15,ST05,P036,22,11,0,False
2025-06-15,ST01,P037,59,7,0,False
2025-06-15,ST02,P037,18,7,0,False
2025-06-15,ST03,P037,6,7,0,False
2025-06-15,ST04,P037,49,7,0,False
2025-06-15,ST05,P037,53,7,0,False
2025-06-15,ST01,P038,15,9,0,False
2025-06-15,ST02,P038,34,9,0,False
2025-06-15,ST03,P038,30,9,0,False
2025-06-15,ST04,P038,21,9,0,False
2025-06-15,ST05,P038,40,9,0,False
2025-06-15,ST01,P039,49,10,0,False
2025-06-15,ST02,P039,55,10,0,False
2025-06-15,ST03,P039,9,10,0,False
2025-06-15,ST04,P039,15,10,0,False
2025-06-15,ST05,P039,53,10,0,False
2025-06-15,ST01,P040,32,14,0,False
2025-06-15,ST02,P040,10,14,0,False
2025-06-15,ST03,P040,15,14,0,False
2025-06-15,ST04,P040,19,14,0,False
2025-06-15,ST05,P040,16,14,0,False
2025-06-22,ST01,P001,12,16,0,False
2025-06-22,ST02,P001,38,16,0,False
2025-06-22,ST03,P001,17,16,0,False
2025-06-22,ST04,P001,39,16,0,False
2025-06-22,ST05,P001,40,16,0,False
2025-06-22,ST01,P002,13,12,0,False
2025-06-22,ST02,P002,14,12,0,False
2025-06-22,ST03,P002,37,12,0,False
2025-06-22,ST04,P002,13,12,0,False
2025-06-22,ST05,P002,36,12,0,False
2025-06-22,ST01,P003,12,13,0,False
2025-06-22,ST02,P003,10,13,0,False
2025-06-22,ST03,P003,23,13,0,False
2025-06-22,ST04,P003,13,13,0,False
2025-06-22,ST05,P003,19,13,0,False
2025-06-22,ST01,P004,19,11,1,True
2025-06-22,ST02,P004,17,11,0,False
2025-06-22,ST03,P004,10,11,0,False
2025-06-22,ST04,P004,10,11,0,False
2025-06-22,ST05,P004,3,11,0,False
2025-06-22,ST01,P005,62,11,0,False
2025-06-22,ST02,P005,40,11,0,False
2025-06-22,ST03,P005,58,11,0,False
2025-06-22,ST04,P005,30,11,0,False
2025-06-22,ST05,P005,37,11,0,False
2025-06-22,ST01,P006,24,15,0,False
2025-06-22,ST02,P006,45,15,0,False
2025-06-22,ST03,P006,22,15,0,False
2025-06-22,ST04,P006,52,15,0,False
2025-06-22,ST05,P006,50,15,0,False
2025-06-22,ST01,P007,40,8,0,False
2025-06-22,ST02,P007,5,8,0,False
2025-06-22,ST03,P007,62,8,0,False
2025-06-22,ST04,P007,66,8,0,False
2025-06-22,ST05,P007,31,8,0,False
2025-06-22,ST01,P008,10,8,0,False
2025-06-22,ST02,P008,26,8,0,False
2025-06-22,ST03,P008,10,8,0,False
2025-06-22,ST04,P008,7,8,0,False
2025-06-22,ST05,P008,8,8,0,False
2025-06-22,ST01,P009,43,14,0,False
2025-06-22,ST02,P009,38,14,0,False
2025-06-22,ST03,P009,34,14,0,False
2025-06-22,ST04,P009,35,14,0,False
2025-06-22,ST05,P009,35,14,0,False
2025-06-22,ST01,P010,42,7,2,True
2025-06-22,ST02,P010,29,7,0,False
2025-06-22,ST03,P010,16,7,0,False
2025-06-22,ST04,P010,47,7,0,False
2025-06-22,ST05,P010,10,7,0,False
2025-06-22,ST01,P011,32,13,0,False
2025-06-22,ST02,P011,29,13,0,False
2025-06-22,ST03,P011,46,13,0,False
2025-06-22,ST04,P011,32,13,0,False
2025-06-22,ST05,P011,65,13,0,False
2025-06-22,ST01,P012,27,7,0,False
2025-06-22,ST02,P012,28,7,1,True
2025-06-22,ST03,P012,27,7,0,False
2025-06-22,ST04,P012,13,7,0,False
2025-06-22,ST05,P012,26,7,0,False
2025-06-22,ST01,P013,4,7,0,False
2025-06-22,ST02,P013,52,7,0,False
2025-06-22,ST03,P013,42,7,0,False
2025-06-22,ST04,P013,33,7,0,False
2025-06-22,ST05,P013,16,7,0,False
2025-06-22,ST01,P014,0,13,1,True
2025-06-22,ST02,P014,35,13,2,True
2025-06-22,ST03,P014,36,13,0,False
2025-06-22,ST04,P014,21,13,0,False
2025-06-22,ST05,P014,2,13,0,False
2025-06-22,ST01,P015,37,7,0,False
2025-06-22,ST02,P015,45,7,0,False
2025-06-22,ST03,P015,8,7,0,False
2025-06-22,ST04,P015,26,7,0,False
2025-06-22,ST05,P015,28,7,0,False
2025-06-22,ST01,P016,2,14,0,False
2025-06-22,ST02,P016,42,14,0,False
2025-06-22,ST03,P016,46,14,0,False
2025-06-22,ST04,P016,20,14,0,False
2025-06-22,ST05,P016,0,14,1,True
2025-06-22,ST01,P017,13,13,0,False
2025-06-22,ST02,P017,12,13,0,False
2025-06-22,ST03,P017,20,13,0,False
2025-06-22,ST04,P017,11,13,0,False
2025-06-22,ST05,P017,8,13,0,False
2025-06-22,ST01,P018,46,8,0,False
2025-06-22,ST02,P018,9,8,0,False
2025-06-22,ST03,P018,23,8,0,False
2025-06-22,ST04,P018,38,8,0,False
2025-06-22,ST05,P018,11,8,0,False
2025-06-22,ST01,P019,18,15,0,False
2025-06-22,ST02,P019,56,15,0,False
2025-06-22,ST03,P019,42,15,0,False
2025-06-22,ST04,P019,66,15,0,False
2025-06-22,ST05,P019,47,15,0,False
2025-06-22,ST01,P020,46,13,0,False
2025-06-22,ST02,P020,9,13,0,False
2025-06-22,ST03,P020,35,13,0,False
2025-06-22,ST04,P020,47,13,0,False
2025-06-22,ST05,P020,17,13,0,False
2025-06-22,ST01,P021,46,13,0,False
2025-06-22,ST02,P021,47,13,0,False
2025-06-22,ST03,P021,62,13,0,False
2025-06-22,ST04,P021,65,13,0,False
2025-06-22,ST05,P021,35,13,0,False
2025-06-22,ST01,P022,14,8,0,False
2025-06-22,ST02,P022,7,8,0,False
2025-06-22,ST03,P022,25,8,0,False
2025-06-22,ST04,P022,11,8,0,False
2025-06-22,ST05,P022,15,8,0,False
2025-06-22,ST01,P023,6,6,0,False
2025-06-22,ST02,P023,16,6,0,False
2025-06-22,ST03,P023,6,6,0,False
2025-06-22,ST04,P023,8,6,0,False
2025-06-22,ST05,P023,22,6,1,True
2025-06-22,ST01,P024,19,16,0,False
2025-06-22,ST02,P024,31,16,0,False
2025-06-22,ST03,P024,19,16,0,False
2025-06-22,ST04,P024,27,16,2,True
2025-06-22,ST05,P024,25,16,2,True
2025-06-22,ST01,P025,18,12,0,False
2025-06-22,ST02,P025,40,12,0,False
2025-06-22,ST03,P025,42,12,0,False
2025-06-22,ST04,P025,12,12,0,False
2025-06-22,ST05,P025,48,12,0,False
2025-06-22,ST01,P026,46,16,0,False
2025-06-22,ST02,P026,13,16,0,False
2025-06-22,ST03,P026,51,16,0,False
2025-06-22,ST04,P026,39,16,0,False
2025-06-22,ST05,P026,61,16,0,False
2025-06-22,ST01,P027,31,8,0,False
2025-06-22,ST02,P027,22,8,0,False
2025-06-22,ST03,P027,16,8,0,False
2025-06-22,ST04,P027,13,8,0,False
2025-06-22,ST05,P027,0,8,3,True
2025-06-22,ST01,P028,0,14,1,True
2025-06-22,ST02,P028,17,14,0,False
2025-06-22,ST03,P028,0,14,1,True
2025-06-22,ST04,P028,5,14,0,False
2025-06-22,ST05,P028,23,14,1,True
2025-06-22,ST01,P029,55,16,0,False
2025-06-22,ST02,P029,54,16,0,False
2025-06-22,ST03,P029,51,16,0,False
2025-06-22,ST04,P029,19,16,0,False
2025-06-22,ST05,P029,30,16,0,False
2025-06-22,ST01,P030,33,14,0,False
2025-06-22,ST02,P030,32,14,0,False
2025-06-22,ST03,P030,48,14,0,False
2025-06-22,ST04,P030,42,14,0,False
2025-06-22,ST05,P030,58,14,0,False
2025-06-22,ST01,P031,25,12,0,False
2025-06-22,ST02,P031,36,12,0,False
2025-06-22,ST03,P031,13,12,0,False
2025-06-22,ST04,P031,16,12,0,False
2025-06-22,ST05,P031,30,12,0,False
2025-06-22,ST01,P032,11,8,0,False
2025-06-22,ST02,P032,19,8,0,False
2025-06-22,ST03,P032,60,8,0,False
2025-06-22,ST04,P032,70,8,0,False
2025-06-22,ST05,P032,8,8,0,False
2025-06-22,ST01,P033,33,13,0,False
2025-06-22,ST02,P033,34,13,0,False
2025-06-22,ST03,P033,60,13,0,False
2025-06-22,ST04,P033,68,13,0,False
2025-06-22,ST05,P033,34,13,0,False
2025-06-22,ST01,P034,9,9,0,False
2025-06-22,ST02,P034,29,9,0,False
2025-06-22,ST03,P034,15,9,0,False
2025-06-22,ST04,P034,19,9,0,False
2025-06-22,ST05,P034,30,9,0,False
2025-06-22,ST01,P035,17,13,0,False
2025-06-22,ST02,P035,36,13,0,False
2025-06-22,ST03,P035,47,13,0,False
2025-06-22,ST04,P035,38,13,0,False
2025-06-22,ST05,P035,48,13,0,False
2025-06-22,ST01,P036,6,11,0,False
2025-06-22,ST02,P036,56,11,0,False
2025-06-22,ST03,P036,21,11,0,False
2025-06-22,ST04,P036,42,11,0,False
2025-06-22,ST05,P036,19,11,0,False
2025-06-22,ST01,P037,57,7,0,False
2025-06-22,ST02,P037,18,7,0,False
2025-06-22,ST03,P037,70,7,0,False
2025-06-22,ST04,P037,46,7,0,False
2025-06-22,ST05,P037,48,7,0,False
2025-06-22,ST01,P038,13,9,0,False
2025-06-22,ST02,P038,30,9,0,False
2025-06-22,ST03,P038,25,9,0,False
2025-06-22,ST04,P038,21,9,0,False
2025-06-22,ST05,P038,38,9,0,False
2025-06-22,ST01,P039,44,10,0,False
2025-06-22,ST02,P039,54,10,0,False
2025-06-22,ST03,P039,9,10,0,False
2025-06-22,ST04,P039,15,10,0,False
2025-06-22,ST05,P039,51,10,0,False
2025-06-22,ST01,P040,31,14,0,False
2025-06-22,ST02,P040,39,14,0,False
2025-06-22,ST03,P040,14,14,0,False
2025-06-22,ST04,P040,17,14,0,False
2025-06-22,ST05,P040,13,14,0,False
2025-06-29,ST01,P001,42,16,0,False
2025-06-29,ST02,P001,36,16,0,False
2025-06-29,ST03,P001,14,16,0,False
2025-06-29,ST04,P001,38,16,0,False
2025-06-29,ST05,P001,34,16,0,False
2025-06-29,ST01,P002,2,12,0,False
2025-06-29,ST02,P002,4,12,0,False
2025-06-29,ST03,P002,30,12,0,False
2025-06-29,ST04,P002,11,12,0,False
2025-06-29,ST05,P002,29,12,0,False
2025-06-29,ST01,P003,7,13,0,False
2025-06-29,ST02,P003,36,13,0,False
2025-06-29,ST03,P003,18,13,0,False
2025-06-29,ST04,P003,5,13,0,False
2025-06-29,ST05,P003,18,13,0,False
2025-06-29,ST01,P004,5,11,0,False
2025-06-29,ST02,P004,11,11,0,False
2025-06-29,ST03,P004,3,11,0,False
2025-06-29,ST04,P004,2,11,0,False
2025-06-29,ST05,P004,22,11,0,False
2025-06-29,ST01,P005,60,11,0,False
2025-06-29,ST02,P005,38,11,0,False
2025-06-29,ST03,P005,54,11,0,False
2025-06-29,ST04,P005,18,11,0,False
2025-06-29,ST05,P005,32,11,0,False
2025-06-29,ST01,P006,23,15,0,False
2025-06-29,ST02,P006,44,15,0,False
2025-06-29,ST03,P006,21,15,0,False
2025-06-29,ST04,P006,49,15,0,False
2025-06-29,ST05,P006,45,15,0,False
2025-06-29,ST01,P007,32,8,0,False
2025-06-29,ST02,P007,65,8,1,True
2025-06-29,ST03,P007,50,8,0,False
2025-06-29,ST04,P007,64,8,0,False
2025-06-29,ST05,P007,22,8,0,False
2025-06-29,ST01,P008,6,8,0,False
2025-06-29,ST02,P008,24,8,0,False
2025-06-29,ST03,P008,8,8,0,False
2025-06-29,ST04,P008,37,8,0,False
2025-06-29,ST05,P008,7,8,0,False
2025-06-29,ST01,P009,37,14,0,False
2025-06-29,ST02,P009,37,14,0,False
2025-06-29,ST03,P009,33,14,0,False
2025-06-29,ST04,P009,32,14,0,False
2025-06-29,ST05,P009,35,14,0,False
2025-06-29,ST01,P010,38,7,0,False
2025-06-29,ST02,P010,22,7,0,False
2025-06-29,ST03,P010,11,7,0,False
2025-06-29,ST04,P010,45,7,0,False
2025-06-29,ST05,P010,3,7,0,False
2025-06-29,ST01,P011,18,13,0,False
2025-06-29,ST02,P011,25,13,0,False
2025-06-29,ST03,P011,35,13,0,False
2025-06-29,ST04,P011,29,13,0,False
2025-06-29,ST05,P011,57,13,0,False
2025-06-29,ST01,P012,14,7,0,False
2025-06-29,ST02,P012,22,7,0,False
2025-06-29,ST03,P012,24,7,0,False
2025-06-29,ST04,P012,7,7,0,False
2025-06-29,ST05,P012,11,7,0,False
2025-06-29,ST01,P013,51,7,0,False
2025-06-29,ST02,P013,50,7,0,False
2025-06-29,ST03,P013,42,7,0,False
2025-06-29,ST04,P013,30,7,0,False
2025-06-29,ST05,P013,14,7,0,False
2025-06-29,ST01,P014,20,13,0,False
2025-06-29,ST02,P014,19,13,0,False
2025-06-29,ST03,P014,25,13,0,False
2025-06-29,ST04,P014,20,13,0,False
2025-06-29,ST05,P014,37,13,2,True
2025-06-29,ST01,P015,32,7,0,False
2025-06-29,ST02,P015,39,7,0,False
2025-06-29,ST03,P015,7,7,0,False
2025-06-29,ST04,P015,24,7,0,False
2025-06-29,ST05,P015,26,7,0,False
2025-06-29,ST01,P016,42,14,0,False
2025-06-29,ST02,P016,33,14,0,False
2025-06-29,ST03,P016,41,14,0,False
2025-06-29,ST04,P016,18,14,0,False
2025-06-29,ST05,P016,0,14,5,True
2025-06-29,ST01,P017,0,13,3,True
2025-06-29,ST02,P017,5,13,0,False
2025-06-29,ST03,P017,6,13,0,False
2025-06-29,ST04,P017,30,13,0,False
2025-06-29,ST05,P017,3,13,0,False
2025-06-29,ST01,P018,42,8,0,False
2025-06-29,ST02,P018,7,8,0,False
2025-06-29,ST03,P018,22,8,0,False
2025-06-29,ST04,P018,38,8,0,False
2025-06-29,ST05,P018,10,8,0,False
2025-06-29,ST01,P019,15,15,0,False
2025-06-29,ST02,P019,54,15,0,False
2025-06-29,ST03,P019,41,15,0,False
2025-06-29,ST04,P019,63,15,0,False
2025-06-29,ST05,P019,47,15,0,False
2025-06-29,ST01,P020,39,13,0,False
2025-06-29,ST02,P020,4,13,0,False
2025-06-29,ST03,P020,29,13,0,False
2025-06-29,ST04,P020,42,13,0,False
2025-06-29,ST05,P020,11,13,0,False
2025-06-29,ST01,P021,38,13,0,False
2025-06-29,ST02,P021,44,13,0,False
2025-06-29,ST03,P021,60,13,0,False
2025-06-29,ST04,P021,63,13,0,False
2025-06-29,ST05,P021,31,13,0,False
2025-06-29,ST01,P022,7,8,0,False
2025-06-29,ST02,P022,26,8,0,False
2025-06-29,ST03,P022,18,8,0,False
2025-06-29,ST04,P022,6,8,0,False
2025-06-29,ST05,P022,9,8,0,False
2025-06-29,ST01,P023,28,6,0,False
2025-06-29,ST02,P023,6,6,0,False
2025-06-29,ST03,P023,29,6,0,False
2025-06-29,ST04,P023,27,6,0,False
2025-06-29,ST05,P023,7,6,0,False
2025-06-29,ST01,P024,22,16,0,False
2025-06-29,ST02,P024,7,16,0,False
2025-06-29,ST03,P024,35,16,0,False
2025-06-29,ST04,P024,16,16,0,False
2025-06-29,ST05,P024,36,16,0,False
2025-06-29,ST01,P025,13,12,0,False
2025-06-29,ST02,P025,30,12,0,False
2025-06-29,ST03,P025,39,12,0,False
2025-06-29,ST04,P025,4,12,0,False
2025-06-29,ST05,P025,47,12,0,False
2025-06-29,ST01,P026,40,16,0,False
2025-06-29,ST02,P026,10,16,0,False
2025-06-29,ST03,P026,44,16,0,False
2025-06-29,ST04,P026,35,16,0,False
2025-06-29,ST05,P026,58,16,0,False
2025-06-29,ST01,P027,23,8,0,False
2025-06-29,ST02,P027,14,8,0,False
2025-06-29,ST03,P027,14,8,0,False
2025-06-29,ST04,P027,10,8,0,False
2025-06-29,ST05,P027,38,8,0,False
2025-06-29,ST01,P028,18,14,1,True
2025-06-29,ST02,P028,8,14,0,False
2025-06-29,ST03,P028,29,14,2,True
2025-06-29,ST04,P028,2,14,0,False
2025-06-29,ST05,P028,13,14,0,False
2025-06-29,ST01,P029,54,16,0,False
2025-06-29,ST02,P029,53,16,0,False
2025-06-29,ST03,P029,49,16,0,False
2025-06-29,ST04,P029,17,16,0,False
2025-06-29,ST05,P029,30,16,0,False
2025-06-29,ST01,P030,31,14,0,False
2025-06-29,ST02,P030,27,14,0,False
2025-06-29,ST03,P030,42,14,0,False
2025-06-29,ST04,P030,41,14,0,False
2025-06-29,ST05,P030,54,14,0,False
2025-06-29,ST01,P031,23,12,0,False
2025-06-29,ST02,P031,36,12,0,False
2025-06-29,ST03,P031,12,12,0,False
2025-06-29,ST04,P031,16,12,0,False
2025-06-29,ST05,P031,29,12,0,False
2025-06-29,ST01,P032,11,8,0,False
2025-06-29,ST02,P032,16,8,0,False
2025-06-29,ST03,P032,58,8,0,False
2025-06-29,ST04,P032,69,8,0,False
2025-06-29,ST05,P032,71,8,0,False
2025-06-29,ST01,P033,26,13,0,False
2025-06-29,ST02,P033,27,13,0,False
2025-06-29,ST03,P033,59,13,0,False
2025-06-29,ST04,P033,66,13,0,False
2025-06-29,ST05,P033,31,13,0,False
2025-06-29,ST01,P034,34,9,0,False
2025-06-29,ST02,P034,28,9,0,False
2025-06-29,ST03,P034,13,9,0,False
2025-06-29,ST04,P034,15,9,0,False
2025-06-29,ST05,P034,24,9,0,False
2025-06-29,ST01,P035,5,13,0,False
2025-06-29,ST02,P035,29,13,0,False
2025-06-29,ST03,P035,45,13,0,False
2025-06-29,ST04,P035,33,13,0,False
2025-06-29,ST05,P035,46,13,0,False
2025-06-29,ST01,P036,53,11,0,False
2025-06-29,ST02,P036,55,11,0,False
2025-06-29,ST03,P036,19,11,0,False
2025-06-29,ST04,P036,42,11,0,False
2025-06-29,ST05,P036,16,11,0,False
2025-06-29,ST01,P037,53,7,0,False
2025-06-29,ST02,P037,17,7,0,False
2025-06-29,ST03,P037,70,7,0,False
2025-06-29,ST04,P037,45,7,0,False
2025-06-29,ST05,P037,41,7,0,False
2025-06-29,ST01,P038,12,9,0,False
2025-06-29,ST02,P038,29,9,0,False
2025-06-29,ST03,P038,25,9,0,False
2025-06-29,ST04,P038,21,9,0,False
2025-06-29,ST05,P038,36,9,0,False
2025-06-29,ST01,P039,43,10,0,False
2025-06-29,ST02,P039,52,10,0,False
2025-06-29,ST03,P039,67,10,0,False
2025-06-29,ST04,P039,14,10,0,False
2025-06-29,ST05,P039,49,10,0,False
2025-06-29,ST01,P040,29,14,0,False
2025-06-29,ST02,P040,38,14,0,False
2025-06-29,ST03,P040,12,14,0,False
2025-06-29,ST04,P040,16,14,0,False
2025-06-29,ST05,P040,12,14,0,False
2025-07-06,ST01,P001,39,16,0,False
2025-07-06,ST02,P001,30,16,0,False
2025-07-06,ST03,P001,13,16,0,False
2025-07-06,ST04,P001,37,16,0,False
2025-07-06,ST05,P001,33,16,0,False
2025-07-06,ST01,P002,28,12,0,False
2025-07-06,ST02,P002,35,12,0,False
2025-07-06,ST03,P002,28,12,0,False
2025-07-06,ST04,P002,40,12,0,False
2025-07-06,ST05,P002,14,12,0,False
2025-07-06,ST01,P003,31,13,0,False
2025-07-06,ST02,P003,32,13,0,False
2025-07-06,ST03,P003,16,13,0,False
2025-07-06,ST04,P003,31,13,0,False
2025-07-06,ST05,P003,15,13,0,False
2025-07-06,ST01,P004,25,11,4,True
2025-07-06,ST02,P004,0,11,0,False
2025-07-06,ST03,P004,25,11,0,False
2025-07-06,ST04,P004,21,11,0,False
2025-07-06,ST05,P004,1,11,0,False
2025-07-06,ST01,P005,52,11,0,False
2025-07-06,ST02,P005,26,11,0,False
2025-07-06,ST03,P005,50,11,0,False
2025-07-06,ST04,P005,14,11,0,False
2025-07-06,ST05,P005,24,11,0,False
2025-07-06,ST01,P006,20,15,0,False
2025-07-06,ST02,P006,42,15,0,False
2025-07-06,ST03,P006,18,15,0,False
2025-07-06,ST04,P006,49,15,0,False
2025-07-06,ST05,P006,42,15,0,False
2025-07-06,ST01,P007,22,8,0,False
2025-07-06,ST02,P007,55,8,0,False
2025-07-06,ST03,P007,50,8,0,False
2025-07-06,ST04,P007,59,8,0,False
2025-07-06,ST05,P007,17,8,0,False
2025-07-06,ST01,P008,6,8,0,False
2025-07-06,ST02,P008,22,8,0,False
2025-07-06,ST03,P008,6,8,0,False
2025-07-06,ST04,P008,36,8,0,False
2025-07-06,ST05,P008,6,8,0,False
2025-07-06,ST01,P009,34,14,0,False
2025-07-06,ST02,P009,34,14,0,False
2025-07-06,ST03,P009,33,14,0,False
2025-07-06,ST04,P009,29,14,0,False
2025-07-06,ST05,P009,27,14,0,False
2025-07-06,ST01,P010,34,7,0,False
2025-07-06,ST02,P010,18,7,0,False
2025-07-06,ST03,P010,2,7,0,False
2025-07-06,ST04,P010,43,7,0,False
2025-07-06,ST05,P010,43,7,1,True
2025-07-06,ST01,P011,61,13,0,False
2025-07-06,ST02,P011,23,13,0,False
2025-07-06,ST03,P011,20,13,0,False
2025-07-06,ST04,P011,24,13,0,False
2025-07-06,ST05,P011,46,13,0,False
2025-07-06,ST01,P012,2,7,0,False
2025-07-06,ST02,P012,13,7,0,False
2025-07-06,ST03,P012,19,7,0,False
2025-07-06,ST04,P012,28,7,1,True
2025-07-06,ST05,P012,24,7,1,True
2025-07-06,ST01,P013,50,7,0,False
2025-07-06,ST02,P013,49,7,0,False
2025-07-06,ST03,P013,41,7,0,False
2025-07-06,ST04,P013,29,7,0,False
2025-07-06,ST05,P013,12,7,0,False
2025-07-06,ST01,P014,8,13,0,False
2025-07-06,ST02,P014,10,13,0,False
2025-07-06,ST03,P014,15,13,0,False
2025-07-06,ST04,P014,12,13,0,False
2025-07-06,ST05,P014,31,13,0,False
2025-07-06,ST01,P015,28,7,0,False
2025-07-06,ST02,P015,35,7,0,False
2025-07-06,ST03,P015,52,7,0,False
2025-07-06,ST04,P015,22,7,0,False
2025-07-06,ST05,P015,23,7,0,False
2025-07-06,ST01,P016,34,14,0,False
2025-07-06,ST02,P016,31,14,0,False
2025-07-06,ST03,P016,32,14,0,False
2025-07-06,ST04,P016,13,14,0,False
2025-07-06,ST05,P016,43,14,1,True
2025-07-06,ST01,P017,10,13,0,False
2025-07-06,ST02,P017,22,13,0,False
2025-07-06,ST03,P017,25,13,0,False
2025-07-06,ST04,P017,22,13,0,False
2025-07-06,ST05,P017,16,13,0,False
2025-07-06,ST01,P018,39,8,0,False
2025-07-06,ST02,P018,47,8,0,False
2025-07-06,ST03,P018,19,8,0,False
2025-07-06,ST04,P018,37,8,0,False
2025-07-06,ST05,P018,7,8,0,False
2025-07-06,ST01,P019,76,15,0,False
2025-07-06,ST02,P019,49,15,0,False
2025-07-06,ST03,P019,41,15,0,False
2025-07-06,ST04,P019,62,15,0,False
2025-07-06,ST05,P019,44,15,0,False
2025-07-06,ST01,P020,37,13,0,False
2025-07-06,ST02,P020,38,13,0,False
2025-07-06,ST03,P020,22,13,0,False
2025-07-06,ST04,P020,37,13,0,False
2025-07-06,ST05,P020,39,13,0,False
2025-07-06,ST01,P021,34,13,0,False
2025-07-06,ST02,P021,42,13,0,False
2025-07-06,ST03,P021,58,13,0,False
2025-07-06,ST04,P021,60,13,0,False
2025-07-06,ST05,P021,26,13,0,False
2025-07-06,ST01,P022,26,8,0,False
2025-07-06,ST02,P022,16,8,0,False
2025-07-06,ST03,P022,14,8,0,False
2025-07-06,ST04,P022,28,8,0,False
2025-07-06,ST05,P022,0,8,1,True
2025-07-06,ST01,P023,24,6,0,False
2025-07-06,ST02,P023,28,6,0,False
2025-07-06,ST03,P023,23,6,0,False
2025-07-06,ST04,P023,24,6,0,False
2025-07-06,ST05,P023,27,6,1,True
2025-07-06,ST01,P024,29,16,0,False
2025-07-06,ST02,P024,22,16,0,False
2025-07-06,ST03,P024,23,16,0,False
2025-07-06,ST04,P024,40,16,0,False
2025-07-06,ST05,P024,10,16,0,False
2025-07-06,ST01,P025,5,12,0,False
2025-07-06,ST02,P025,29,12,0,False
2025-07-06,ST03,P025,31,12,0,False
2025-07-06,ST04,P025,57,12,0,False
2025-07-06,ST05,P025,40,12,0,False
2025-07-06,ST01,P026,34,16,0,False
2025-07-06,ST02,P026,9,16,0,False
2025-07-06,ST03,P026,38,16,0,False
2025-07-06,ST04,P026,30,16,0,False
2025-07-06,ST05,P026,51,16,0,False
2025-07-06,ST01,P027,18,8,0,False
2025-07-06,ST02,P027,13,8,0,False
2025-07-06,ST03,P027,11,8,0,False
2025-07-06,ST04,P027,10,8,0,False
2025-07-06,ST05,P027,31,8,0,False
2025-07-06,ST01,P028,6,14,0,False
2025-07-06,ST02,P028,2,14,0,False
2025-07-06,ST03,P028,23,14,0,False
2025-07-06,ST04,P028,29,14,0,False
2025-07-06,ST05,P028,0,14,0,False
2025-07-06,ST01,P029,54,16,0,False
2025-07-06,ST02,P029,50,16,0,False
2025-07-06,ST03,P029,49,16,0,False
2025-07-06,ST04,P029,67,16,0,False
2025-07-06,ST05,P029,29,16,0,False
2025-07-06,ST01,P030,23,14,0,False
2025-07-06,ST02,P030,21,14,0,False
2025-07-06,ST03,P030,36,14,0,False
2025-07-06,ST04,P030,39,14,0,False
2025-07-06,ST05,P030,50,14,0,False
2025-07-06,ST01,P031,23,12,0,False
2025-07-06,ST02,P031,35,12,0,False
2025-07-06,ST03,P031,42,12,0,False
2025-07-06,ST04,P031,16,12,0,False
2025-07-06,ST05,P031,27,12,0,False
2025-07-06,ST01,P032,11,8,0,False
2025-07-06,ST02,P032,16,8,0,False
2025-07-06,ST03,P032,58,8,0,False
2025-07-06,ST04,P032,69,8,0,False
2025-07-06,ST05,P032,71,8,0,False
2025-07-06,ST01,P033,17,13,0,False
2025-07-06,ST02,P033,24,13,0,False
2025-07-06,ST03,P033,55,13,0,False
2025-07-06,ST04,P033,59,13,0,False
2025-07-06,ST05,P033,26,13,0,False
2025-07-06,ST01,P034,30,9,0,False
2025-07-06,ST02,P034,27,9,0,False
2025-07-06,ST03,P034,9,9,0,False
2025-07-06,ST04,P034,13,9,0,False
2025-07-06,ST05,P034,15,9,0,False
2025-07-06,ST01,P035,38,13,0,False
2025-07-06,ST02,P035,20,13,0,False
2025-07-06,ST03,P035,41,13,0,False
2025-07-06,ST04,P035,31,13,0,False
2025-07-06,ST05,P035,43,13,0,False
2025-07-06,ST01,P036,51,11,0,False
2025-07-06,ST02,P036,54,11,0,False
2025-07-06,ST03,P036,18,11,0,False
2025-07-06,ST04,P036,42,11,0,False
2025-07-06,ST05,P036,15,11,0,False
2025-07-06,ST01,P037,53,7,0,False
2025-07-06,ST02,P037,16,7,0,False
2025-07-06,ST03,P037,62,7,0,False
2025-07-06,ST04,P037,43,7,0,False
2025-07-06,ST05,P037,35,7,0,False
2025-07-06,ST01,P038,9,9,0,False
2025-07-06,ST02,P038,29,9,0,False
2025-07-06,ST03,P038,24,9,0,False
2025-07-06,ST04,P038,21,9,0,False
2025-07-06,ST05,P038,32,9,0,False
2025-07-06,ST01,P039,42,10,0,False
2025-07-06,ST02,P039,51,10,0,False
2025-07-06,ST03,P039,66,10,0,False
2025-07-06,ST04,P039,14,10,0,False
2025-07-06,ST05,P039,49,10,0,False
2025-07-06,ST01,P040,27,14,0,False
2025-07-06,ST02,P040,37,14,0,False
2025-07-06,ST03,P040,41,14,0,False
2025-07-06,ST04,P040,16,14,0,False
2025-07-06,ST05,P040,42,14,0,False
2025-07-13,ST01,P001,34,16,0,False
2025-07-13,ST02,P001,23,16,0,False
2025-07-13,ST03,P001,8,16,0,False
2025-07-13,ST04,P001,33,16,0,False
2025-07-13,ST05,P001,28,16,0,False
2025-07-13,ST01,P002,25,12,0,False
2025-07-13,ST02,P002,27,12,0,False
2025-07-13,ST03,P002,19,12,0,False
2025-07-13,ST04,P002,32,12,0,False
2025-07-13,ST05,P002,5,12,0,False
2025-07-13,ST01,P003,27,13,0,False
2025-07-13,ST02,P003,31,13,0,False
2025-07-13,ST03,P003,14,13,0,False
2025-07-13,ST04,P003,27,13,0,False
2025-07-13,ST05,P003,11,13,0,False
2025-07-13,ST01,P004,16,11,0,False
2025-07-13,ST02,P004,20,11,1,True
2025-07-13,ST03,P004,15,11,0,False
2025-07-13,ST04,P004,17,11,0,False
2025-07-13,ST05,P004,0,11,5,True
2025-07-13,ST01,P005,37,11,0,False
2025-07-13,ST02,P005,22,11,0,False
2025-07-13,ST03,P005,44,11,0,False
2025-07-13,ST04,P005,77,11,0,False
2025-07-13,ST05,P005,15,11,0,False
2025-07-13,ST01,P006,18,15,0,False
2025-07-13,ST02,P006,42,15,0,False
2025-07-13,ST03,P006,17,15,0,False
2025-07-13,ST04,P006,49,15,0,False
2025-07-13,ST05,P006,41,15,0,False
2025-07-13,ST01,P007,13,8,0,False
2025-07-13,ST02,P007,49,8,0,False
2025-07-13,ST03,P007,35,8,0,False
2025-07-13,ST04,P007,58,8,0,False
2025-07-13,ST05,P007,7,8,0,False
2025-07-13,ST01,P008,31,8,0,False
2025-07-13,ST02,P008,21,8,0,False
2025-07-13,ST03,P008,33,8,0,False
2025-07-13,ST04,P008,33,8,0,False
2025-07-13,ST05,P008,32,8,0,False
2025-07-13,ST01,P009,33,14,0,False
2025-07-13,ST02,P009,32,14,0,False
2025-07-13,ST03,P009,28,14,0,False
2025-07-13,ST04,P009,27,14,0,False
2025-07-13,ST05,P009,24,14,0,False
2025-07-13,ST01,P010,25,7,0,False
2025-07-13,ST02,P010,10,7,0,False
2025-07-13,ST03,P010,43,7,2,True
2025-07-13,ST04,P010,36,7,0,False
2025-07-13,ST05,P010,38,7,0,False
2025-07-13,ST01,P011,50,13,0,False
2025-07-13,ST02,P011,17,13,0,False
2025-07-13,ST03,P011,18,13,0,False
2025-07-13,ST04,P011,22,13,0,False
2025-07-13,ST05,P011,40,13,0,False
2025-07-13,ST01,P012,23,7,1,True
2025-07-13,ST02,P012,5,7,0,False
2025-07-13,ST03,P012,12,7,0,False
2025-07-13,ST04,P012,25,7,0,False
2025-07-13,ST05,P012,11,7,0,False
2025-07-13,ST01,P013,49,7,0,False
2025-07-13,ST02,P013,48,7,0,False
2025-07-13,ST03,P013,41,7,0,False
2025-07-13,ST04,P013,27,7,0,False
2025-07-13,ST05,P013,10,7,0,False
2025-07-13,ST01,P014,0,13,2,True
2025-07-13,ST02,P014,3,13,0,False
2025-07-13,ST03,P014,7,13,0,False
2025-07-13,ST04,P014,6,13,0,False
2025-07-13,ST05,P014,20,13,0,False
2025-07-13,ST01,P015,22,7,0,False
2025-07-13,ST02,P015,29,7,0,False
2025-07-13,ST03,P015,49,7,0,False
2025-07-13,ST04,P015,19,7,0,False
2025-07-13,ST05,P015,20,7,0,False
2025-07-13,ST01,P016,24,14,0,False
2025-07-13,ST02,P016,25,14,0,False
2025-07-13,ST03,P016,26,14,0,False
2025-07-13,ST04,P016,9,14,0,False
2025-07-13,ST05,P016,38,14,0,False
2025-07-13,ST01,P017,0,13,1,True
2025-07-13,ST02,P017,13,13,0,False
2025-07-13,ST03,P017,13,13,0,False
2025-07-13,ST04,P017,14,13,0,False
2025-07-13,ST05,P017,0,13,2,True
2025-07-13,ST01,P018,34,8,0,False
2025-07-13,ST02,P018,46,8,0,False
2025-07-13,ST03,P018,14,8,0,False
2025-07-13,ST04,P018,37,8,0,False
2025-07-13,ST05,P018,47,8,0,False
2025-07-13,ST01,P019,72,15,0,False
2025-07-13,ST02,P019,49,15,0,False
2025-07-13,ST03,P019,39,15,0,False
2025-07-13,ST04,P019,62,15,0,False
2025-07-13,ST05,P019,44,15,0,False
2025-07-13,ST01,P020,32,13,0,False
2025-07-13,ST02,P020,24,13,0,False
2025-07-13,ST03,P020,21,13,0,False
2025-07-13,ST04,P020,34,13,0,False
2025-07-13,ST05,P020,31,13,0,False
2025-07-13,ST01,P021,29,13,0,False
2025-07-13,ST02,P021,39,13,0,False
2025-07-13,ST03,P021,53,13,0,False
2025-07-13,ST04,P021,59,13,0,False
2025-07-13,ST05,P021,24,13,0,False
2025-07-13,ST01,P022,9,8,0,False
2025-07-13,ST02,P022,8,8,0,False
2025-07-13,ST03,P022,7,8,0,False
2025-07-13,ST04,P022,19,8,0,False
2025-07-13,ST05,P022,16,8,1,True
2025-07-13,ST01,P023,10,6,0,False
2025-07-13,ST02,P023,25,6,0,False
2025-07-13,ST03,P023,21,6,0,False
2025-07-13,ST04,P023,22,6,0,False
2025-07-13,ST05,P023,9,6,0,False
2025-07-13,ST01,P024,10,16,0,False
2025-07-13,ST02,P024,13,16,0,False
2025-07-13,ST03,P024,0,16,1,True
2025-07-13,ST04,P024,19,16,0,False
2025-07-13,ST05,P024,14,16,0,False
2025-07-13,ST01,P025,58,12,0,False
2025-07-13,ST02,P025,27,12,0,False
2025-07-13,ST03,P025,24,12,0,False
2025-07-13,ST04,P025,52,12,0,False
2025-07-13,ST05,P025,37,12,0,False
2025-07-13,ST01,P026,31,16,0,False
2025-07-13,ST02,P026,59,16,0,False
2025-07-13,ST03,P026,36,16,0,False
2025-07-13,ST04,P026,26,16,0,False
2025-07-13,ST05,P026,41,16,0,False
2025-07-13,ST01,P027,6,8,0,False
2025-07-13,ST02,P027,5,8,0,False
2025-07-13,ST03,P027,2,8,0,False
2025-07-13,ST04,P027,6,8,0,False
2025-07-13,ST05,P027,26,8,0,False
2025-07-13,ST01,P028,28,14,2,True
2025-07-13,ST02,P028,16,14,0,False
2025-07-13,ST03,P028,10,14,0,False
2025-07-13,ST04,P028,24,14,0,False
2025-07-13,ST05,P028,19,14,1,True
2025-07-13,ST01,P029,53,16,0,False
2025-07-13,ST02,P029,47,16,0,False
2025-07-13,ST03,P029,49,16,0,False
2025-07-13,ST04,P029,67,16,0,False
2025-07-13,ST05,P029,26,16,0,False
2025-07-13,ST01,P030,19,14,0,False
2025-07-13,ST02,P030,16,14,0,False
2025-07-13,ST03,P030,27,14,0,False
2025-07-13,ST04,P030,34,14,0,False
2025-07-13,ST05,P030,46,14,0,False
2025-07-13,ST01,P031,23,12,0,False
2025-07-13,ST02,P031,33,12,0,False
2025-07-13,ST03,P031,42,12,0,False
2025-07-13,ST04,P031,16,12,0,False
2025-07-13,ST05,P031,24,12,0,False
2025-07-13,ST01,P032,9,8,0,False
2025-07-13,ST02,P032,14,8,0,False
2025-07-13,ST03,P032,58,8,0,False
2025-07-13,ST04,P032,69,8,0,False
2025-07-13,ST05,P032,69,8,0,False
2025-07-13,ST01,P033,10,13,0,False
2025-07-13,ST02,P033,23,13,0,False
2025-07-13,ST03,P033,50,13,0,False
2025-07-13,ST04,P033,57,13,0,False
2025-07-13,ST05,P033,19,13,0,False
2025-07-13,ST01,P034,28,9,0,False
2025-07-13,ST02,P034,23,9,0,False
2025-07-13,ST03,P034,44,9,0,False
2025-07-13,ST04,P034,10,9,0,False
2025-07-13,ST05,P034,14,9,0,False
2025-07-13,ST01,P035,29,13,0,False
2025-07-13,ST02,P035,17,13,0,False
2025-07-13,ST03,P035,35,13,0,False
2025-07-13,ST04,P035,29,13,0,False
2025-07-13,ST05,P035,38,13,0,False
2025-07-13,ST01,P036,50,11,0,False
2025-07-13,ST02,P036,51,11,0,False
2025-07-13,ST03,P036,17,11,0,False
2025-07-13,ST04,P036,42,11,0,False
2025-07-13,ST05,P036,13,11,0,False
2025-07-13,ST01,P037,52,7,0,False
2025-07-13,ST02,P037,13,7,0,False
2025-07-13,ST03,P037,56,7,0,False
2025-07-13,ST04,P037,39,7,0,False
2025-07-13,ST05,P037,32,7,0,False
2025-07-13,ST01,P038,41,9,0,False
2025-07-13,ST02,P038,27,9,0,False
2025-07-13,ST03,P038,24,9,0,False
2025-07-13,ST04,P038,21,9,0,False
2025-07-13,ST05,P038,29,9,0,False
2025-07-13,ST01,P039,40,10,0,False
2025-07-13,ST02,P039,48,10,0,False
2025-07-13,ST03,P039,65,10,0,False
2025-07-13,ST04,P039,14,10,0,False
2025-07-13,ST05,P039,43,10,0,False
2025-07-13,ST01,P040,25,14,0,False
2025-07-13,ST02,P040,36,14,0,False
2025-07-13,ST03,P040,40,14,0,False
2025-07-13,ST04,P040,15,14,0,False
2025-07-13,ST05,P040,42,14,0,False
2025-07-20,ST01,P001,30,16,0,False
2025-07-20,ST02,P001,17,16,0,False
2025-07-20,ST03,P001,36,16,0,False
2025-07-20,ST04,P001,31,16,0,False
2025-07-20,ST05,P001,26,16,0,False
2025-07-20,ST01,P002,17,12,0,False
2025-07-20,ST02,P002,21,12,0,False
2025-07-20,ST03,P002,15,12,0,False
2025-07-20,ST04,P002,30,12,0,False
2025-07-20,ST05,P002,25,12,0,False
2025-07-20,ST01,P003,25,13,0,False
2025-07-20,ST02,P003,28,13,0,False
2025-07-20,ST03,P003,14,13,0,False
2025-07-20,ST04,P003,23,13,0,False
2025-07-20,ST05,P003,9,13,0,False
2025-07-20,ST01,P004,7,11,0,False
2025-07-20,ST02,P004,18,11,0,False
2025-07-20,ST03,P004,9,11,0,False
2025-07-20,ST04,P004,7,11,0,False
2025-07-20,ST05,P004,12,11,0,False
2025-07-20,ST01,P005,24,11,0,False
2025-07-20,ST02,P005,8,11,0,False
2025-07-20,ST03,P005,40,11,0,False
2025-07-20,ST04,P005,73,11,0,False
2025-07-20,ST05,P005,9,11,0,False
2025-07-20,ST01,P006,16,15,0,False
2025-07-20,ST02,P006,37,15,0,False
2025-07-20,ST03,P006,15,15,0,False
2025-07-20,ST04,P006,49,15,0,False
2025-07-20,ST05,P006,40,15,0,False
2025-07-20,ST01,P007,6,8,0,False
2025-07-20,ST02,P007,41,8,0,False
2025-07-20,ST03,P007,31,8,0,False
2025-07-20,ST04,P007,50,8,0,False
2025-07-20,ST05,P007,0,8,2,True
2025-07-20,ST01,P008,28,8,0,False
2025-07-20,ST02,P008,19,8,0,False
2025-07-20,ST03,P008,32,8,0,False
2025-07-20,ST04,P008,31,8,0,False
2025-07-20,ST05,P008,29,8,0,False
2025-07-20,ST01,P009,31,14,0,False
2025-07-20,ST02,P009,29,14,0,False
2025-07-20,ST03,P009,28,14,0,False
2025-07-20,ST04,P009,24,14,0,False
2025-07-20,ST05,P009,19,14,0,False
2025-07-20,ST01,P010,12,7,0,False
2025-07-20,ST02,P010,5,7,0,False
2025-07-20,ST03,P010,41,7,0,False
2025-07-20,ST04,P010,31,7,0,False
2025-07-20,ST05,P010,30,7,0,False
2025-07-20,ST01,P011,40,13,0,False
2025-07-20,ST02,P011,7,13,0,False
2025-07-20,ST03,P011,13,13,0,False
2025-07-20,ST04,P011,17,13,0,False
2025-07-20,ST05,P011,33,13,0,False
2025-07-20,ST01,P012,9,7,0,False
2025-07-20,ST02,P012,20,7,0,False
2025-07-20,ST03,P012,5,7,0,False
2025-07-20,ST04,P012,18,7,0,False
2025-07-20,ST05,P012,5,7,0,False
2025-07-20,ST01,P013,47,7,0,False
2025-07-20,ST02,P013,48,7,0,False
2025-07-20,ST03,P013,41,7,0,False
2025-07-20,ST04,P013,25,7,0,False
2025-07-20,ST05,P013,7,7,0,False
2025-07-20,ST01,P014,33,13,0,False
2025-07-20,ST02,P014,31,13,0,False
2025-07-20,ST03,P014,37,13,2,True
2025-07-20,ST04,P014,41,13,0,False
2025-07-20,ST05,P014,14,13,0,False
2025-07-20,ST01,P015,19,7,0,False
2025-07-20,ST02,P015,26,7,0,False
2025-07-20,ST03,P015,47,7,0,False
2025-07-20,ST04,P015,19,7,0,False
2025-07-20,ST05,P015,12,7,0,False
2025-07-20,ST01,P016,17,14,0,False
2025-07-20,ST02,P016,23,14,0,False
2025-07-20,ST03,P016,14,14,0,False
2025-07-20,ST04,P016,59,14,0,False
2025-07-20,ST05,P016,31,14,0,False
2025-07-20,ST01,P017,17,13,1,True
2025-07-20,ST02,P017,0,13,0,False
2025-07-20,ST03,P017,3,13,0,False
2025-07-20,ST04,P017,7,13,0,False
2025-07-20,ST05,P017,21,13,2,True
2025-07-20,ST01,P018,33,8,0,False
2025-07-20,ST02,P018,43,8,0,False
2025-07-20,ST03,P018,11,8,0,False
2025-07-20,ST04,P018,37,8,0,False
2025-07-20,ST05,P018,43,8,0,False
2025-07-20,ST01,P019,71,15,0,False
2025-07-20,ST02,P019,46,15,0,False
2025-07-20,ST03,P019,37,15,0,False
2025-07-20,ST04,P019,59,15,0,False
2025-07-20,ST05,P019,43,15,0,False
2025-07-20,ST01,P020,25,13,0,False
2025-07-20,ST02,P020,19,13,0,False
2025-07-20,ST03,P020,17,13,0,False
2025-07-20,ST04,P020,30,13,0,False
2025-07-20,ST05,P020,28,13,0,False
2025-07-20,ST01,P021,28,13,0,False
2025-07-20,ST02,P021,36,13,0,False
2025-07-20,ST03,P021,52,13,0,False
2025-07-20,ST04,P021,53,13,0,False
2025-07-20,ST05,P021,19,13,0,False
2025-07-20,ST01,P022,0,8,3,True
2025-07-20,ST02,P022,26,8,0,False
2025-07-20,ST03,P022,28,8,0,False
2025-07-20,ST04,P022,13,8,0,False
2025-07-20,ST05,P022,9,8,0,False
2025-07-20,ST01,P023,0,6,1,True
2025-07-20,ST02,P023,19,6,0,False
2025-07-20,ST03,P023,16,6,0,False
2025-07-20,ST04,P023,15,6,0,False
2025-07-20,ST05,P023,0,6,2,True
2025-07-20,ST01,P024,11,16,1,True
2025-07-20,ST02,P024,33,16,0,False
2025-07-20,ST03,P024,0,16,5,True
2025-07-20,ST04,P024,0,16,0,False
2025-07-20,ST05,P024,9,16,2,True
2025-07-20,ST01,P025,50,12,0,False
2025-07-20,ST02,P025,26,12,0,False
2025-07-20,ST03,P025,19,12,0,False
2025-07-20,ST04,P025,51,12,0,False
2025-07-20,ST05,P025,29,12,0,False
2025-07-20,ST01,P026,26,16,0,False
2025-07-20,ST02,P026,53,16,0,False
2025-07-20,ST03,P026,32,16,0,False
2025-07-20,ST04,P026,24,16,0,False
2025-07-20,ST05,P026,36,16,0,False
2025-07-20,ST01,P027,0,8,2,True
2025-07-20,ST02,P027,45,8,0,False
2025-07-20,ST03,P027,46,8,1,True
2025-07-20,ST04,P027,50,8,0,False
2025-07-20,ST05,P027,16,8,0,False
2025-07-20,ST01,P028,15,14,0,False
2025-07-20,ST02,P028,0,14,1,True
2025-07-20,ST03,P028,0,14,2,True
2025-07-20,ST04,P028,14,14,0,False
2025-07-20,ST05,P028,0,14,2,True
2025-07-20,ST01,P029,51,16,0,False
2025-07-20,ST02,P029,44,16,0,False
2025-07-20,ST03,P029,47,16,0,False
2025-07-20,ST04,P029,67,16,0,False
2025-07-20,ST05,P029,26,16,0,False
2025-07-20,ST01,P030,13,14,0,False
2025-07-20,ST02,P030,62,14,0,False
2025-07-20,ST03,P030,23,14,0,False
2025-07-20,ST04,P030,32,14,0,False
2025-07-20,ST05,P030,42,14,0,False
2025-07-20,ST01,P031,22,12,0,False
2025-07-20,ST02,P031,28,12,0,False
2025-07-20,ST03,P031,42,12,0,False
2025-07-20,ST04,P031,14,12,0,False
2025-07-20,ST05,P031,23,12,0,False
2025-07-20,ST01,P032,9,8,0,False
2025-07-20,ST02,P032,13,8,0,False
2025-07-20,ST03,P032,58,8,0,False
2025-07-20,ST04,P032,69,8,0,False
2025-07-20,ST05,P032,68,8,0,False
2025-07-20,ST01,P033,10,13,0,False
2025-07-20,ST02,P033,22,13,0,False
2025-07-20,ST03,P033,48,13,0,False
2025-07-20,ST04,P033,53,13,0,False
2025-07-20,ST05,P033,14,13,0,False
2025-07-20,ST01,P034,10,9,0,False
2025-07-20,ST02,P034,19,9,0,False
2025-07-20,ST03,P034,43,9,0,False
2025-07-20,ST04,P034,7,9,0,False
2025-07-20,ST05,P034,11,9,0,False
2025-07-20,ST01,P035,22,13,0,False
2025-07-20,ST02,P035,11,13,0,False
2025-07-20,ST03,P035,31,13,0,False
2025-07-20,ST04,P035,26,13,0,False
2025-07-20,ST05,P035,27,13,0,False
2025-07-20,ST01,P036,48,11,0,False
2025-07-20,ST02,P036,51,11,0,False
2025-07-20,ST03,P036,13,11,0,False
2025-07-20,ST04,P036,41,11,0,False
2025-07-20,ST05,P036,10,11,0,False
2025-07-20,ST01,P037,51,7,0,False
2025-07-20,ST02,P037,11,7,0,False
2025-07-20,ST03,P037,51,7,0,False
2025-07-20,ST04,P037,39,7,0,False
2025-07-20,ST05,P037,25,7,0,False
2025-07-20,ST01,P038,40,9,0,False
2025-07-20,ST02,P038,27,9,0,False
2025-07-20,ST03,P038,23,9,0,False
2025-07-20,ST04,P038,21,9,0,False
2025-07-20,ST05,P038,28,9,0,False
2025-07-20,ST01,P039,40,10,0,False
2025-07-20,ST02,P039,48,10,0,False
2025-07-20,ST03,P039,64,10,0,False
2025-07-20,ST04,P039,13,10,0,False
2025-07-20,ST05,P039,43,10,0,False
2025-07-20,ST01,P040,25,14,0,False
2025-07-20,ST02,P040,35,14,0,False
2025-07-20,ST03,P040,39,14,0,False
2025-07-20,ST04,P040,11,14,0,False
2025-07-20,ST05,P040,41,14,0,False
2025-07-27,ST01,P001,26,16,0,False
2025-07-27,ST02,P001,15,16,0,False
2025-07-27,ST03,P001,33,16,0,False
2025-07-27,ST04,P001,27,16,0,False
2025-07-27,ST05,P001,21,16,0,False
2025-07-27,ST01,P002,10,12,0,False
2025-07-27,ST02,P002,12,12,0,False
2025-07-27,ST03,P002,8,12,0,False
2025-07-27,ST04,P002,28,12,0,False
2025-07-27,ST05,P002,22,12,0,False
2025-07-27,ST01,P003,23,13,0,False
2025-07-27,ST02,P003,24,13,0,False
2025-07-27,ST03,P003,12,13,0,False
2025-07-27,ST04,P003,17,13,0,False
2025-07-27,ST05,P003,30,13,0,False
2025-07-27,ST01,P004,3,11,0,False
2025-07-27,ST02,P004,4,11,0,False
2025-07-27,ST03,P004,0,11,2,True
2025-07-27,ST04,P004,0,11,2,True
2025-07-27,ST05,P004,1,11,0,False
2025-07-27,ST01,P005,16,11,0,False
2025-07-27,ST02,P005,0,11,1,True
2025-07-27,ST03,P005,28,11,0,False
2025-07-27,ST04,P005,66,11,0,False
2025-07-27,ST05,P005,69,11,0,False
2025-07-27,ST01,P006,13,15,0,False
2025-07-27,ST02,P006,36,15,0,False
2025-07-27,ST03,P006,12,15,0,False
2025-07-27,ST04,P006,47,15,0,False
2025-07-27,ST05,P006,39,15,0,False
2025-07-27,ST01,P007,0,8,4,True
2025-07-27,ST02,P007,36,8,0,False
2025-07-27,ST03,P007,28,8,0,False
2025-07-27,ST04,P007,48,8,0,False
2025-07-27,ST05,P007,62,8,1,True
2025-07-27,ST01,P008,27,8,0,False
2025-07-27,ST02,P008,15,8,0,False
2025-07-27,ST03,P008,31,8,0,False
2025-07-27,ST04,P008,29,8,0,False
2025-07-27,ST05,P008,24,8,0,False
2025-07-27,ST01,P009,24,14,0,False
2025-07-27,ST02,P009,26,14,0,False
2025-07-27,ST03,P009,28,14,0,False
2025-07-27,ST04,P009,22,14,0,False
2025-07-27,ST05,P009,18,14,0,False
2025-07-27,ST01,P010,1,7,0,False
2025-07-27,ST02,P010,1,7,0,False
2025-07-27,ST03,P010,36,7,0,False
2025-07-27,ST04,P010,29,7,0,False
2025-07-27,ST05,P010,23,7,0,False
2025-07-27,ST01,P011,37,13,0,False
2025-07-27,ST02,P011,2,13,0,False
2025-07-27,ST03,P011,68,13,0,False
2025-07-27,ST04,P011,13,13,0,False
2025-07-27,ST05,P011,27,13,0,False
2025-07-27,ST01,P012,29,7,1,True
2025-07-27,ST02,P012,12,7,0,False
2025-07-27,ST03,P012,28,7,0,False
2025-07-27,ST04,P012,11,7,0,False
2025-07-27,ST05,P012,29,7,0,False
2025-07-27,ST01,P013,45,7,0,False
2025-07-27,ST02,P013,47,7,0,False
2025-07-27,ST03,P013,41,7,0,False
2025-07-27,ST04,P013,25,7,0,False
2025-07-27,ST05,P013,6,7,0,False
2025-07-27,ST01,P014,25,13,0,False
2025-07-27,ST02,P014,18,13,0,False
2025-07-27,ST03,P014,36,13,0,False
2025-07-27,ST04,P014,33,13,0,False
2025-07-27,ST05,P014,9,13,0,False
2025-07-27,ST01,P015,14,7,0,False
2025-07-27,ST02,P015,24,7,0,False
2025-07-27,ST03,P015,47,7,0,False
2025-07-27,ST04,P015,17,7,0,False
2025-07-27,ST05,P015,8,7,0,False
2025-07-27,ST01,P016,9,14,0,False
2025-07-27,ST02,P016,15,14,0,False
2025-07-27,ST03,P016,7,14,0,False
2025-07-27,ST04,P016,53,14,0,False
2025-07-27,ST05,P016,20,14,0,False
2025-07-27,ST01,P017,2,13,0,False
2025-07-27,ST02,P017,21,13,1,True
2025-07-27,ST03,P017,19,13,0,False
2025-07-27,ST04,P017,25,13,0,False
2025-07-27,ST05,P017,10,13,0,False
2025-07-27,ST01,P018,32,8,0,False
2025-07-27,ST02,P018,43,8,0,False
2025-07-27,ST03,P018,11,8,0,False
2025-07-27,ST04,P018,36,8,0,False
2025-07-27,ST05,P018,43,8,0,False
2025-07-27,ST01,P019,70,15,0,False
2025-07-27,ST02,P019,45,15,0,False
2025-07-27,ST03,P019,36,15,0,False
2025-07-27,ST04,P019,58,15,0,False
2025-07-27,ST05,P019,41,15,0,False
2025-07-27,ST01,P020,17,13,0,False
2025-07-27,ST02,P020,17,13,0,False
2025-07-27,ST03,P020,12,13,0,False
2025-07-27,ST04,P020,28,13,0,False
2025-07-27,ST05,P020,19,13,0,False
2025-07-27,ST01,P021,23,13,0,False
2025-07-27,ST02,P021,34,13,0,False
2025-07-27,ST03,P021,48,13,0,False
2025-07-27,ST04,P021,53,13,0,False
2025-07-27,ST05,P021,16,13,0,False
2025-07-27,ST01,P022,17,8,0,False
2025-07-27,ST02,P022,19,8,0,False
2025-07-27,ST03,P022,23,8,0,False
2025-07-27,ST04,P022,6,8,0,False
2025-07-27,ST05,P022,0,8,2,True
2025-07-27,ST01,P023,26,6,1,True
2025-07-27,ST02,P023,10,6,0,False
2025-07-27,ST03,P023,12,6,0,False
2025-07-27,ST04,P023,10,6,0,False
2025-07-27,ST05,P023,15,6,0,False
2025-07-27,ST01,P024,24,16,0,False
2025-07-27,ST02,P024,17,16,0,False
2025-07-27,ST03,P024,23,16,2,True
2025-07-27,ST04,P024,4,16,1,True
2025-07-27,ST05,P024,21,16,0,False
2025-07-27,ST01,P025,45,12,0,False
2025-07-27,ST02,P025,23,12,0,False
2025-07-27,ST03,P025,15,12,0,False
2025-07-27,ST04,P025,47,12,0,False
2025-07-27,ST05,P025,24,12,0,False
2025-07-27,ST01,P026,19,16,0,False
2025-07-27,ST02,P026,50,16,0,False
2025-07-27,ST03,P026,32,16,0,False
2025-07-27,ST04,P026,19,16,0,False
2025-07-27,ST05,P026,31,16,0,False
2025-07-27,ST01,P027,0,8,6,True
2025-07-27,ST02,P027,40,8,0,False
2025-07-27,ST03,P027,39,8,0,False
2025-07-27,ST04,P027,42,8,0,False
2025-07-27,ST05,P027,11,8,0,False
2025-07-27,ST01,P028,2,14,0,False
2025-07-27,ST02,P028,15,14,1,True
2025-07-27,ST03,P028,23,14,0,False
2025-07-27,ST04,P028,7,14,0,False
2025-07-27,ST05,P028,21,14,3,True
2025-07-27,ST01,P029,51,16,0,False
2025-07-27,ST02,P029,44,16,0,False
2025-07-27,ST03,P029,46,16,0,False
2025-07-27,ST04,P029,65,16,0,False
2025-07-27,ST05,P029,26,16,0,False
2025-07-27,ST01,P030,61,14,0,False
2025-07-27,ST02,P030,59,14,0,False
2025-07-27,ST03,P030,21,14,0,False
2025-07-27,ST04,P030,30,14,0,False
2025-07-27,ST05,P030,40,14,0,False
2025-07-27,ST01,P031,21,12,0,False
2025-07-27,ST02,P031,27,12,0,False
2025-07-27,ST03,P031,41,12,0,False
2025-07-27,ST04,P031,14,12,0,False
2025-07-27,ST05,P031,23,12,0,False
2025-07-27,ST01,P032,9,8,0,False
2025-07-27,ST02,P032,13,8,0,False
2025-07-27,ST03,P032,58,8,0,False
2025-07-27,ST04,P032,68,8,0,False
2025-07-27,ST05,P032,68,8,0,False
2025-07-27,ST01,P033,72,13,0,False
2025-07-27,ST02,P033,13,13,0,False
2025-07-27,ST03,P033,46,13,0,False
2025-07-27,ST04,P033,52,13,0,False
2025-07-27,ST05,P033,8,13,0,False
2025-07-27,ST01,P034,37,9,0,False
2025-07-27,ST02,P034,14,9,0,False
2025-07-27,ST03,P034,42,9,0,False
2025-07-27,ST04,P034,4,9,0,False
2025-07-27,ST05,P034,7,9,0,False
2025-07-27,ST01,P035,18,13,0,False
2025-07-27,ST02,P035,46,13,0,False
2025-07-27,ST03,P035,21,13,0,False
2025-07-27,ST04,P035,21,13,0,False
2025-07-27,ST05,P035,17,13,0,False
2025-07-27,ST01,P036,46,11,0,False
2025-07-27,ST02,P036,43,11,0,False
2025-07-27,ST03,P036,12,11,0,False
2025-07-27,ST04,P036,39,11,0,False
2025-07-27,ST05,P036,8,11,0,False
2025-07-27,ST01,P037,48,7,0,False
2025-07-27,ST02,P037,6,7,0,False
2025-07-27,ST03,P037,50,7,0,False
2025-07-27,ST04,P037,38,7,0,False
2025-07-27,ST05,P037,23,7,0,False
2025-07-27,ST01,P038,36,9,0,False
2025-07-27,ST02,P038,26,9,0,False
2025-07-27,ST03,P038,23,9,0,False
2025-07-27,ST04,P038,21,9,0,False
2025-07-27,ST05,P038,25,9,0,False
2025-07-27,ST01,P039,39,10,0,False
2025-07-27,ST02,P039,48,10,0,False
2025-07-27,ST03,P039,64,10,0,False
2025-07-27,ST04,P039,13,10,0,False
2025-07-27,ST05,P039,43,10,0,False
2025-07-27,ST01,P040,25,14,0,False
2025-07-27,ST02,P040,32,14,0,False
2025-07-27,ST03,P040,39,14,0,False
2025-07-27,ST04,P040,11,14,0,False
2025-07-27,ST05,P040,40,14,0,False
2025-08-03,ST01,P001,19,16,0,False
2025-08-03,ST02,P001,11,16,0,False
2025-08-03,ST03,P001,29,16,0,False
2025-08-03,ST04,P001,25,16,0,False
2025-08-03,ST05,P001,20,16,0,False
2025-08-03,ST01,P002,38,12,0,False
2025-08-03,ST02,P002,45,12,0,False
2025-08-03,ST03,P002,38,12,0,False
2025-08-03,ST04,P002,26,12,0,False
2025-08-03,ST05,P002,15,12,0,False
2025-08-03,ST01,P003,20,13,0,False
2025-08-03,ST02,P003,22,13,0,False
2025-08-03,ST03,P003,12,13,0,False
2025-08-03,ST04,P003,17,13,0,False
2025-08-03,ST05,P003,28,13,0,False
2025-08-03,ST01,P004,10,11,0,False
2025-08-03,ST02,P004,0,11,3,True
2025-08-03,ST03,P004,18,11,1,True
2025-08-03,ST04,P004,19,11,1,True
2025-08-03,ST05,P004,19,11,2,True
2025-08-03,ST01,P005,12,11,0,False
2025-08-03,ST02,P005,64,11,0,False
2025-08-03,ST03,P005,17,11,0,False
2025-08-03,ST04,P005,62,11,0,False
2025-08-03,ST05,P005,55,11,0,False
2025-08-03,ST01,P006,62,15,0,False
2025-08-03,ST02,P006,33,15,0,False
2025-08-03,ST03,P006,60,15,0,False
2025-08-03,ST04,P006,45,15,0,False
2025-08-03,ST05,P006,37,15,0,False
2025-08-03,ST01,P007,66,8,4,True
2025-08-03,ST02,P007,30,8,0,False
2025-08-03,ST03,P007,18,8,0,False
2025-08-03,ST04,P007,38,8,0,False
2025-08-03,ST05,P007,53,8,0,False
2025-08-03,ST01,P008,24,8,0,False
2025-08-03,ST02,P008,11,8,0,False
2025-08-03,ST03,P008,30,8,0,False
2025-08-03,ST04,P008,28,8,0,False
2025-08-03,ST05,P008,20,8,0,False
2025-08-03,ST01,P009,19,14,0,False
2025-08-03,ST02,P009,24,14,0,False
2025-08-03,ST03,P009,26,14,0,False
2025-08-03,ST04,P009,22,14,0,False
2025-08-03,ST05,P009,16,14,0,False
2025-08-03,ST01,P010,0,7,2,True
2025-08-03,ST02,P010,42,7,0,False
2025-08-03,ST03,P010,32,7,0,False
2025-08-03,ST04,P010,21,7,0,False
2025-08-03,ST05,P010,22,7,0,False
2025-08-03,ST01,P011,28,13,0,False
2025-08-03,ST02,P011,55,13,0,False
2025-08-03,ST03,P011,57,13,0,False
2025-08-03,ST04,P011,65,13,0,False
2025-08-03,ST05,P011,17,13,0,False
2025-08-03,ST01,P012,20,7,0,False
2025-08-03,ST02,P012,3,7,0,False
2025-08-03,ST03,P012,18,7,0,False
2025-08-03,ST04,P012,6,7,0,False
2025-08-03,ST05,P012,7,7,0,False
2025-08-03,ST01,P013,42,7,0,False
2025-08-03,ST02,P013,41,7,0,False
2025-08-03,ST03,P013,39,7,0,False
2025-08-03,ST04,P013,25,7,0,False
2025-08-03,ST05,P013,56,7,0,False
2025-08-03,ST01,P014,15,13,0,False
2025-08-03,ST02,P014,13,13,0,False
2025-08-03,ST03,P014,21,13,0,False
2025-08-03,ST04,P014,24,13,0,False
2025-08-03,ST05,P014,35,13,0,False
2025-08-03,ST01,P015,12,7,0,False
2025-08-03,ST02,P015,17,7,0,False
2025-08-03,ST03,P015,35,7,0,False
2025-08-03,ST04,P015,15,7,0,False
2025-08-03,ST05,P015,5,7,0,False
2025-08-03,ST01,P016,0,14,2,True
2025-08-03,ST02,P016,6,14,0,False
2025-08-03,ST03,P016,52,14,0,False
2025-08-03,ST04,P016,51,14,0,False
2025-08-03,ST05,P016,11,14,0,False
2025-08-03,ST01,P017,0,13,4,True
2025-08-03,ST02,P017,9,13,0,False
2025-08-03,ST03,P017,14,13,0,False
2025-08-03,ST04,P017,19,13,0,False
2025-08-03,ST05,P017,0,13,2,True
2025-08-03,ST01,P018,31,8,0,False
2025-08-03,ST02,P018,43,8,0,False
2025-08-03,ST03,P018,10,8,0,False
2025-08-03,ST04,P018,35,8,0,False
2025-08-03,ST05,P018,42,8,0,False
2025-08-03,ST01,P019,64,15,0,False
2025-08-03,ST02,P019,44,15,0,False
2025-08-03,ST03,P019,33,15,0,False
2025-08-03,ST04,P019,54,15,0,False
2025-08-03,ST05,P019,37,15,0,False
2025-08-03,ST01,P020,6,13,0,False
2025-08-03,ST02,P020,13,13,0,False
2025-08-03,ST03,P020,42,13,0,False
2025-08-03,ST04,P020,26,13,0,False
2025-08-03,ST05,P020,16,13,0,False
2025-08-03,ST01,P021,18,13,0,False
2025-08-03,ST02,P021,30,13,0,False
2025-08-03,ST03,P021,46,13,0,False
2025-08-03,ST04,P021,51,13,0,False
2025-08-03,ST05,P021,11,13,0,False
2025-08-03,ST01,P022,7,8,0,False
2025-08-03,ST02,P022,16,8,0,False
2025-08-03,ST03,P022,15,8,0,False
2025-08-03,ST04,P022,30,8,0,False
2025-08-03,ST05,P022,19,8,0,False
2025-08-03,ST01,P023,18,6,0,False
2025-08-03,ST02,P023,0,6,1,True
2025-08-03,ST03,P023,6,6,0,False
2025-08-03,ST04,P023,7,6,0,False
2025-08-03,ST05,P023,3,6,0,False
2025-08-03,ST01,P024,1,16,0,False
2025-08-03,ST02,P024,24,16,1,True
2025-08-03,ST03,P024,0,16,2,True
2025-08-03,ST04,P024,26,16,0,False
2025-08-03,ST05,P024,0,16,3,True
2025-08-03,ST01,P025,42,12,0,False
2025-08-03,ST02,P025,20,12,0,False
2025-08-03,ST03,P025,11,12,0,False
2025-08-03,ST04,P025,38,12,0,False
2025-08-03,ST05,P025,16,12,0,False
2025-08-03,ST01,P026,10,16,0,False
2025-08-03,ST02,P026,48,16,0,False
2025-08-03,ST03,P026,30,16,0,False
2025-08-03,ST04,P026,17,16,0,False
2025-08-03,ST05,P026,28,16,0,False
2025-08-03,ST01,P027,42,8,3,True
2025-08-03,ST02,P027,35,8,0,False
2025-08-03,ST03,P027,29,8,0,False
2025-08-03,ST04,P027,41,8,0,False
2025-08-03,ST05,P027,6,8,0,False
2025-08-03,ST01,P028,21,14,0,False
2025-08-03,ST02,P028,0,14,1,True
2025-08-03,ST03,P028,13,14,0,False
2025-08-03,ST04,P028,29,14,0,False
2025-08-03,ST05,P028,0,14,1,True
2025-08-03,ST01,P029,51,16,0,False
2025-08-03,ST02,P029,42,16,0,False
2025-08-03,ST03,P029,46,16,0,False
2025-08-03,ST04,P029,63,16,0,False
2025-08-03,ST05,P029,24,16,0,False
2025-08-03,ST01,P030,58,14,0,False
2025-08-03,ST02,P030,52,14,0,False
2025-08-03,ST03,P030,19,14,0,False
2025-08-03,ST04,P030,28,14,0,False
2025-08-03,ST05,P030,35,14,0,False
2025-08-03,ST01,P031,19,12,0,False
2025-08-03,ST02,P031,24,12,0,False
2025-08-03,ST03,P031,40,12,0,False
2025-08-03,ST04,P031,13,12,0,False
2025-08-03,ST05,P031,19,12,0,False
2025-08-03,ST01,P032,7,8,0,False
2025-08-03,ST02,P032,9,8,0,False
2025-08-03,ST03,P032,58,8,0,False
2025-08-03,ST04,P032,68,8,0,False
2025-08-03,ST05,P032,66,8,0,False
2025-08-03,ST01,P033,65,13,0,False
2025-08-03,ST02,P033,10,13,0,False
2025-08-03,ST03,P033,44,13,0,False
2025-08-03,ST04,P033,50,13,0,False
2025-08-03,ST05,P033,3,13,0,False
2025-08-03,ST01,P034,29,9,0,False
2025-08-03,ST02,P034,8,9,0,False
2025-08-03,ST03,P034,38,9,0,False
2025-08-03,ST04,P034,36,9,0,False
2025-08-03,ST05,P034,32,9,0,False
2025-08-03,ST01,P035,13,13,0,False
2025-08-03,ST02,P035,38,13,0,False
2025-08-03,ST03,P035,15,13,0,False
2025-08-03,ST04,P035,10,13,0,False
2025-08-03,ST05,P035,8,13,0,False
2025-08-03,ST01,P036,46,11,0,False
2025-08-03,ST02,P036,41,11,0,False
2025-08-03,ST03,P036,5,11,0,False
2025-08-03,ST04,P036,38,11,0,False
2025-08-03,ST05,P036,49,11,0,False
2025-08-03,ST01,P037,47,7,0,False
2025-08-03,ST02,P037,72,7,0,False
2025-08-03,ST03,P037,48,7,0,False
2025-08-03,ST04,P037,37,7,0,False
2025-08-03,ST05,P037,22,7,0,False
2025-08-03,ST01,P038,36,9,0,False
2025-08-03,ST02,P038,21,9,0,False
2025-08-03,ST03,P038,22,9,0,False
2025-08-03,ST04,P038,21,9,0,False
2025-08-03,ST05,P038,24,9,0,False
2025-08-03,ST01,P039,38,10,0,False
2025-08-03,ST02,P039,42,10,0,False
2025-08-03,ST03,P039,62,10,0,False
2025-08-03,ST04,P039,13,10,0,False
2025-08-03,ST05,P039,38,10,0,False
2025-08-03,ST01,P040,24,14,0,False
2025-08-03,ST02,P040,31,14,0,False
2025-08-03,ST03,P040,38,14,0,False
2025-08-03,ST04,P040,38,14,0,False
2025-08-03,ST05,P040,36,14,0,False
2025-08-10,ST01,P001,11,16,0,False
2025-08-10,ST02,P001,41,16,0,False
2025-08-10,ST03,P001,28,16,0,False
2025-08-10,ST04,P001,21,16,0,False
2025-08-10,ST05,P001,18,16,0,False
2025-08-10,ST01,P002,22,12,0,False
2025-08-10,ST02,P002,34,12,0,False
2025-08-10,ST03,P002,25,12,0,False
2025-08-10,ST04,P002,18,12,0,False
2025-08-10,ST05,P002,7,12,0,False
2025-08-10,ST01,P003,15,13,0,False
2025-08-10,ST02,P003,18,13,0,False
2025-08-10,ST03,P003,39,13,0,False
2025-08-10,ST04,P003,13,13,0,False
2025-08-10,ST05,P003,23,13,0,False
2025-08-10,ST01,P004,0,11,3,True
2025-08-10,ST02,P004,0,11,5,True
2025-08-10,ST03,P004,13,11,0,False
2025-08-10,ST04,P004,16,11,0,False
2025-08-10,ST05,P004,10,11,0,False
2025-08-10,ST01,P005,70,11,0,False
2025-08-10,ST02,P005,63,11,0,False
2025-08-10,ST03,P005,14,11,0,False
2025-08-10,ST04,P005,56,11,0,False
2025-08-10,ST05,P005,47,11,0,False
2025-08-10,ST01,P006,59,15,0,False
2025-08-10,ST02,P006,31,15,0,False
2025-08-10,ST03,P006,58,15,0,False
2025-08-10,ST04,P006,40,15,0,False
2025-08-10,ST05,P006,35,15,0,False
2025-08-10,ST01,P007,49,8,0,False
2025-08-10,ST02,P007,19,8,0,False
2025-08-10,ST03,P007,13,8,0,False
2025-08-10,ST04,P007,34,8,0,False
2025-08-10,ST05,P007,46,8,0,False
2025-08-10,ST01,P008,23,8,0,False
2025-08-10,ST02,P008,9,8,0,False
2025-08-10,ST03,P008,30,8,0,False
2025-08-10,ST04,P008,27,8,0,False
2025-08-10,ST05,P008,18,8,0,False
2025-08-10,ST01,P009,14,14,0,False
2025-08-10,ST02,P009,21,14,0,False
2025-08-10,ST03,P009,21,14,0,False
2025-08-10,ST04,P009,19,14,0,False
2025-08-10,ST05,P009,10,14,0,False
2025-08-10,ST01,P010,36,7,0,False
2025-08-10,ST02,P010,36,7,0,False
2025-08-10,ST03,P010,25,7,0,False
2025-08-10,ST04,P010,21,7,0,False
2025-08-10,ST05,P010,19,7,0,False
2025-08-10,ST01,P011,24,13,0,False
2025-08-10,ST02,P011,52,13,0,False
2025-08-10,ST03,P011,46,13,0,False
2025-08-10,ST04,P011,60,13,0,False
2025-08-10,ST05,P011,66,13,0,False
2025-08-10,ST01,P012,12,7,0,False
2025-08-10,ST02,P012,16,7,0,False
2025-08-10,ST03,P012,2,7,0,False
2025-08-10,ST04,P012,35,7,0,False
2025-08-10,ST05,P012,26,7,0,False
2025-08-10,ST01,P013,40,7,0,False
2025-08-10,ST02,P013,39,7,0,False
2025-08-10,ST03,P013,38,7,0,False
2025-08-10,ST04,P013,24,7,0,False
2025-08-10,ST05,P013,54,7,0,False
2025-08-10,ST01,P014,9,13,0,False
2025-08-10,ST02,P014,0,13,3,True
2025-08-10,ST03,P014,15,13,0,False
2025-08-10,ST04,P014,12,13,0,False
2025-08-10,ST05,P014,25,13,0,False
2025-08-10,ST01,P015,6,7,0,False
2025-08-10,ST02,P015,15,7,0,False
2025-08-10,ST03,P015,27,7,0,False
2025-08-10,ST04,P015,9,7,0,False
2025-08-10,ST05,P015,46,7,0,False
2025-08-10,ST01,P016,51,14,4,True
2025-08-10,ST02,P016,0,14,2,True
2025-08-10,ST03,P016,46,14,0,False
2025-08-10,ST04,P016,47,14,0,False
2025-08-10,ST05,P016,0,14,0,False
2025-08-10,ST01,P017,17,13,0,False
2025-08-10,ST02,P017,0,13,3,True
2025-08-10,ST03,P017,7,13,0,False
2025-08-10,ST04,P017,15,13,0,False
2025-08-10,ST05,P017,11,13,1,True
2025-08-10,ST01,P018,30,8,0,False
2025-08-10,ST02,P018,42,8,0,False
2025-08-10,ST03,P018,6,8,0,False
2025-08-10,ST04,P018,33,8,0,False
2025-08-10,ST05,P018,40,8,0,False
2025-08-10,ST01,P019,62,15,0,False
2025-08-10,ST02,P019,43,15,0,False
2025-08-10,ST03,P019,32,15,0,False
2025-08-10,ST04,P019,53,15,0,False
2025-08-10,ST05,P019,35,15,0,False
2025-08-10,ST01,P020,0,13,2,True
2025-08-10,ST02,P020,46,13,0,False
2025-08-10,ST03,P020,36,13,0,False
2025-08-10,ST04,P020,20,13,0,False
2025-08-10,ST05,P020,12,13,0,False
2025-08-10,ST01,P021,13,13,0,False
2025-08-10,ST02,P021,27,13,0,False
2025-08-10,ST03,P021,41,13,0,False
2025-08-10,ST04,P021,50,13,0,False
2025-08-10,ST05,P021,66,13,0,False
2025-08-10,ST01,P022,0,8,1,True
2025-08-10,ST02,P022,4,8,0,False
2025-08-10,ST03,P022,0,8,1,True
2025-08-10,ST04,P022,29,8,0,False
2025-08-10,ST05,P022,3,8,0,False
2025-08-10,ST01,P023,0,6,1,True
2025-08-10,ST02,P023,0,6,5,True
2025-08-10,ST03,P023,23,6,0,False
2025-08-10,ST04,P023,2,6,0,False
2025-08-10,ST05,P023,24,6,0,False
2025-08-10,ST01,P024,23,16,3,True
2025-08-10,ST02,P024,5,16,0,False
2025-08-10,ST03,P024,18,16,1,True
2025-08-10,ST04,P024,14,16,0,False
2025-08-10,ST05,P024,30,16,5,True
2025-08-10,ST01,P025,38,12,0,False
2025-08-10,ST02,P025,14,12,0,False
2025-08-10,ST03,P025,64,12,0,False
2025-08-10,ST04,P025,35,12,0,False
2025-08-10,ST05,P025,5,12,0,False
2025-08-10,ST01,P026,53,16,0,False
2025-08-10,ST02,P026,46,16,0,False
2025-08-10,ST03,P026,26,16,0,False
2025-08-10,ST04,P026,13,16,0,False
2025-08-10,ST05,P026,22,16,0,False
2025-08-10,ST01,P027,32,8,0,False
2025-08-10,ST02,P027,28,8,0,False
2025-08-10,ST03,P027,22,8,0,False
2025-08-10,ST04,P027,36,8,0,False
2025-08-10,ST05,P027,0,8,1,True
2025-08-10,ST01,P028,6,14,0,False
2025-08-10,ST02,P028,0,14,5,True
2025-08-10,ST03,P028,4,14,0,False
2025-08-10,ST04,P028,20,14,0,False
2025-08-10,ST05,P028,22,14,3,True
2025-08-10,ST01,P029,46,16,0,False
2025-08-10,ST02,P029,42,16,0,False
2025-08-10,ST03,P029,45,16,0,False
2025-08-10,ST04,P029,62,16,0,False
2025-08-10,ST05,P029,17,16,0,False
2025-08-10,ST01,P030,45,14,0,False
2025-08-10,ST02,P030,39,14,0,False
2025-08-10,ST03,P030,18,14,0,False
2025-08-10,ST04,P030,26,14,0,False
2025-08-10,ST05,P030,29,14,0,False
2025-08-10,ST01,P031,17,12,0,False
2025-08-10,ST02,P031,24,12,0,False
2025-08-10,ST03,P031,36,12,0,False
2025-08-10,ST04,P031,13,12,0,False
2025-08-10,ST05,P031,19,12,0,False
2025-08-10,ST01,P032,72,8,0,False
2025-08-10,ST02,P032,8,8,0,False
2025-08-10,ST03,P032,57,8,0,False
2025-08-10,ST04,P032,68,8,0,False
2025-08-10,ST05,P032,66,8,0,False
2025-08-10,ST01,P033,62,13,0,False
2025-08-10,ST02,P033,7,13,0,False
2025-08-10,ST03,P033,36,13,0,False
2025-08-10,ST04,P033,48,13,0,False
2025-08-10,ST05,P033,64,13,3,True
2025-08-10,ST01,P034,23,9,0,False
2025-08-10,ST02,P034,43,9,0,False
2025-08-10,ST03,P034,32,9,0,False
2025-08-10,ST04,P034,26,9,0,False
2025-08-10,ST05,P034,27,9,0,False
2025-08-10,ST01,P035,43,13,0,False
2025-08-10,ST02,P035,34,13,0,False
2025-08-10,ST03,P035,8,13,0,False
2025-08-10,ST04,P035,44,13,0,False
2025-08-10,ST05,P035,36,13,0,False
2025-08-10,ST01,P036,43,11,0,False
2025-08-10,ST02,P036,34,11,0,False
2025-08-10,ST03,P036,4,11,0,False
2025-08-10,ST04,P036,34,11,0,False
2025-08-10,ST05,P036,45,11,0,False
2025-08-10,ST01,P037,44,7,0,False
2025-08-10,ST02,P037,71,7,0,False
2025-08-10,ST03,P037,43,7,0,False
2025-08-10,ST04,P037,34,7,0,False
2025-08-10,ST05,P037,14,7,0,False
2025-08-10,ST01,P038,34,9,0,False
2025-08-10,ST02,P038,19,9,0,False
2025-08-10,ST03,P038,21,9,0,False
2025-08-10,ST04,P038,20,9,0,False
2025-08-10,ST05,P038,18,9,0,False
2025-08-10,ST01,P039,37,10,0,False
2025-08-10,ST02,P039,41,10,0,False
2025-08-10,ST03,P039,60,10,0,False
2025-08-10,ST04,P039,12,10,0,False
2025-08-10,ST05,P039,38,10,0,False
2025-08-10,ST01,P040,20,14,0,False
2025-08-10,ST02,P040,28,14,0,False
2025-08-10,ST03,P040,37,14,0,False
2025-08-10,ST04,P040,37,14,0,False
2025-08-10,ST05,P040,31,14,0,False
2025-08-17,ST01,P001,0,16,1,True
2025-08-17,ST02,P001,39,16,0,False
2025-08-17,ST03,P001,26,16,0,False
2025-08-17,ST04,P001,18,16,0,False
2025-08-17,ST05,P001,16,16,0,False
2025-08-17,ST01,P002,14,12,0,False
2025-08-17,ST02,P002,17,12,0,False
2025-08-17,ST03,P002,14,12,0,False
2025-08-17,ST04,P002,14,12,0,False
2025-08-17,ST05,P002,29,12,0,False
2025-08-17,ST01,P003,4,13,0,False
2025-08-17,ST02,P003,15,13,0,False
2025-08-17,ST03,P003,37,13,0,False
2025-08-17,ST04,P003,8,13,0,False
2025-08-17,ST05,P003,17,13,0,False
2025-08-17,ST01,P004,20,11,2,True
2025-08-17,ST02,P004,11,11,0,False
2025-08-17,ST03,P004,1,11,0,False
2025-08-17,ST04,P004,11,11,0,False
2025-08-17,ST05,P004,3,11,0,False
2025-08-17,ST01,P005,66,11,0,False
2025-08-17,ST02,P005,59,11,0,False
2025-08-17,ST03,P005,9,11,0,False
2025-08-17,ST04,P005,52,11,0,False
2025-08-17,ST05,P005,34,11,0,False
2025-08-17,ST01,P006,59,15,0,False
2025-08-17,ST02,P006,28,15,0,False
2025-08-17,ST03,P006,58,15,0,False
2025-08-17,ST04,P006,39,15,0,False
2025-08-17,ST05,P006,31,15,0,False
2025-08-17,ST01,P007,36,8,0,False
2025-08-17,ST02,P007,1,8,0,False
2025-08-17,ST03,P007,11,8,0,False
2025-08-17,ST04,P007,25,8,0,False
2025-08-17,ST05,P007,40,8,0,False
2025-08-17,ST01,P008,20,8,0,False
2025-08-17,ST02,P008,8,8,0,False
2025-08-17,ST03,P008,26,8,0,False
2025-08-17,ST04,P008,26,8,0,False
2025-08-17,ST05,P008,12,8,0,False
2025-08-17,ST01,P009,47,14,0,False
2025-08-17,ST02,P009,16,14,0,False
2025-08-17,ST03,P009,18,14,0,False
2025-08-17,ST04,P009,16,14,0,False
2025-08-17,ST05,P009,46,14,0,False
2025-08-17,ST01,P010,23,7,0,False
2025-08-17,ST02,P010,30,7,0,False
2025-08-17,ST03,P010,18,7,0,False
2025-08-17,ST04,P010,16,7,0,False
2025-08-17,ST05,P010,8,7,0,False
2025-08-17,ST01,P011,15,13,0,False
2025-08-17,ST02,P011,43,13,0,False
2025-08-17,ST03,P011,44,13,0,False
2025-08-17,ST04,P011,55,13,0,False
2025-08-17,ST05,P011,56,13,0,False
2025-08-17,ST01,P012,0,7,0,False
2025-08-17,ST02,P012,9,7,0,False
2025-08-17,ST03,P012,0,7,3,True
2025-08-17,ST04,P012,27,7,0,False
2025-08-17,ST05,P012,6,7,0,False
2025-08-17,ST01,P013,35,7,0,False
2025-08-17,ST02,P013,38,7,0,False
2025-08-17,ST03,P013,37,7,0,False
2025-08-17,ST04,P013,24,7,0,False
2025-08-17,ST05,P013,51,7,0,False
2025-08-17,ST01,P014,28,13,2,True
2025-08-17,ST02,P014,32,13,1,True
2025-08-17,ST03,P014,9,13,0,False
2025-08-17,ST04,P014,9,13,0,False
2025-08-17,ST05,P014,5,13,0,False
2025-08-17,ST01,P015,50,7,0,False
2025-08-17,ST02,P015,10,7,0,False
2025-08-17,ST03,P015,23,7,0,False
2025-08-17,ST04,P015,3,7,0,False
2025-08-17,ST05,P015,43,7,0,False
2025-08-17,ST01,P016,45,14,0,False
2025-08-17,ST02,P016,48,14,1,True
2025-08-17,ST03,P016,38,14,0,False
2025-08-17,ST04,P016,42,14,0,False
2025-08-17,ST05,P016,47,14,3,True
2025-08-17,ST01,P017,9,13,0,False
2025-08-17,ST02,P017,10,13,0,False
2025-08-17,ST03,P017,21,13,0,False
2025-08-17,ST04,P017,9,13,0,False
2025-08-17,ST05,P017,0,13,1,True
2025-08-17,ST01,P018,28,8,0,False
2025-08-17,ST02,P018,41,8,0,False
2025-08-17,ST03,P018,45,8,0,False
2025-08-17,ST04,P018,31,8,0,False
2025-08-17,ST05,P018,38,8,0,False
2025-08-17,ST01,P019,59,15,0,False
2025-08-17,ST02,P019,40,15,0,False
2025-08-17,ST03,P019,27,15,0,False
2025-08-17,ST04,P019,52,15,0,False
2025-08-17,ST05,P019,31,15,0,False
2025-08-17,ST01,P020,32,13,0,False
2025-08-17,ST02,P020,41,13,0,False
2025-08-17,ST03,P020,34,13,0,False
2025-08-17,ST04,P020,15,13,0,False
2025-08-17,ST05,P020,41,13,0,False
2025-08-17,ST01,P021,5,13,0,False
2025-08-17,ST02,P021,21,13,0,False
2025-08-17,ST03,P021,36,13,0,False
2025-08-17,ST04,P021,49,13,0,False
2025-08-17,ST05,P021,57,13,0,False
2025-08-17,ST01,P022,23,8,3,True
2025-08-17,ST02,P022,20,8,2,True
2025-08-17,ST03,P022,14,8,2,True
2025-08-17,ST04,P022,23,8,0,False
2025-08-17,ST05,P022,23,8,2,True
2025-08-17,ST01,P023,12,6,0,False
2025-08-17,ST02,P023,27,6,3,True
2025-08-17,ST03,P023,16,6,0,False
2025-08-17,ST04,P023,28,6,0,False
2025-08-17,ST05,P023,6,6,0,False
2025-08-17,ST01,P024,1,16,0,False
2025-08-17,ST02,P024,19,16,0,False
2025-08-17,ST03,P024,0,16,2,True
2025-08-17,ST04,P024,29,16,0,False
2025-08-17,ST05,P024,15,16,0,False
2025-08-17,ST01,P025,27,12,0,False
2025-08-17,ST02,P025,10,12,0,False
2025-08-17,ST03,P025,59,12,0,False
2025-08-17,ST04,P025,33,12,0,False
2025-08-17,ST05,P025,56,12,1,True
2025-08-17,ST01,P026,46,16,0,False
2025-08-17,ST02,P026,41,16,0,False
2025-08-17,ST03,P026,24,16,0,False
2025-08-17,ST04,P026,63,16,0,False
2025-08-17,ST05,P026,17,16,0,False
2025-08-17,ST01,P027,14,8,0,False
2025-08-17,ST02,P027,22,8,0,False
2025-08-17,ST03,P027,16,8,0,False
2025-08-17,ST04,P027,31,8,0,False
2025-08-17,ST05,P027,42,8,1,True
2025-08-17,ST01,P028,0,14,5,True
2025-08-17,ST02,P028,21,14,3,True
2025-08-17,ST03,P028,19,14,0,False
2025-08-17,ST04,P028,10,14,0,False
2025-08-17,ST05,P028,11,14,0,False
2025-08-17,ST01,P029,45,16,0,False
2025-08-17,ST02,P029,40,16,0,False
2025-08-17,ST03,P029,40,16,0,False
2025-08-17,ST04,P029,62,16,0,False
2025-08-17,ST05,P029,15,16,0,False
2025-08-17,ST01,P030,31,14,0,False
2025-08-17,ST02,P030,29,14,0,False
2025-08-17,ST03,P030,60,14,0,False
2025-08-17,ST04,P030,17,14,0,False
2025-08-17,ST05,P030,21,14,0,False
2025-08-17,ST01,P031,15,12,0,False
2025-08-17,ST02,P031,23,12,0,False
2025-08-17,ST03,P031,34,12,0,False
2025-08-17,ST04,P031,12,12,0,False
2025-08-17,ST05,P031,16,12,0,False
2025-08-17,ST01,P032,72,8,0,False
2025-08-17,ST02,P032,5,8,0,False
2025-08-17,ST03,P032,56,8,0,False
2025-08-17,ST04,P032,67,8,0,False
2025-08-17,ST05,P032,65,8,0,False
2025-08-17,ST01,P033,60,13,0,False
2025-08-17,ST02,P033,72,13,0,False
2025-08-17,ST03,P033,33,13,0,False
2025-08-17,ST04,P033,42,13,0,False
2025-08-17,ST05,P033,58,13,0,False
2025-08-17,ST01,P034,15,9,0,False
2025-08-17,ST02,P034,37,9,0,False
2025-08-17,ST03,P034,27,9,0,False
2025-08-17,ST04,P034,23,9,0,False
2025-08-17,ST05,P034,20,9,0,False
2025-08-17,ST01,P035,39,13,0,False
2025-08-17,ST02,P035,26,13,0,False
2025-08-17,ST03,P035,43,13,0,False
2025-08-17,ST04,P035,38,13,0,False
2025-08-17,ST05,P035,31,13,0,False
2025-08-17,ST01,P036,39,11,0,False
2025-08-17,ST02,P036,30,11,0,False
2025-08-17,ST03,P036,50,11,0,False
2025-08-17,ST04,P036,34,11,0,False
2025-08-17,ST05,P036,43,11,0,False
2025-08-17,ST01,P037,40,7,0,False
2025-08-17,ST02,P037,66,7,0,False
2025-08-17,ST03,P037,42,7,0,False
2025-08-17,ST04,P037,30,7,0,False
2025-08-17,ST05,P037,10,7,0,False
2025-08-17,ST01,P038,30,9,0,False
2025-08-17,ST02,P038,16,9,0,False
2025-08-17,ST03,P038,20,9,0,False
2025-08-17,ST04,P038,19,9,0,False
2025-08-17,ST05,P038,17,9,0,False
2025-08-17,ST01,P039,37,10,0,False
2025-08-17,ST02,P039,40,10,0,False
2025-08-17,ST03,P039,59,10,0,False
2025-08-17,ST04,P039,12,10,0,False
2025-08-17,ST05,P039,37,10,0,False
2025-08-17,ST01,P040,20,14,0,False
2025-08-17,ST02,P040,25,14,0,False
2025-08-17,ST03,P040,34,14,0,False
2025-08-17,ST04,P040,36,14,0,False
2025-08-17,ST05,P040,29,14,0,False
2025-08-24,ST01,P001,27,16,0,False
2025-08-24,ST02,P001,37,16,0,False
2025-08-24,ST03,P001,23,16,0,False
2025-08-24,ST04,P001,16,16,0,False
2025-08-24,ST05,P001,10,16,0,False
2025-08-24,ST01,P002,0,12,1,True
2025-08-24,ST02,P002,8,12,0,False
2025-08-24,ST03,P002,0,12,1,True
2025-08-24,ST04,P002,12,12,0,False
2025-08-24,ST05,P002,14,12,0,False
2025-08-24,ST01,P003,0,13,1,True
2025-08-24,ST02,P003,7,13,0,False
2025-08-24,ST03,P003,36,13,0,False
2025-08-24,ST04,P003,34,13,0,False
2025-08-24,ST05,P003,16,13,0,False
2025-08-24,ST01,P004,9,11,0,False
2025-08-24,ST02,P004,3,11,0,False
2025-08-24,ST03,P004,0,11,4,True
2025-08-24,ST04,P004,0,11,2,True
2025-08-24,ST05,P004,20,11,0,False
2025-08-24,ST01,P005,54,11,0,False
2025-08-24,ST02,P005,49,11,0,False
2025-08-24,ST03,P005,71,11,0,False
2025-08-24,ST04,P005,49,11,0,False
2025-08-24,ST05,P005,24,11,0,False
2025-08-24,ST01,P006,58,15,0,False
2025-08-24,ST02,P006,26,15,0,False
2025-08-24,ST03,P006,57,15,0,False
2025-08-24,ST04,P006,37,15,0,False
2025-08-24,ST05,P006,29,15,0,False
2025-08-24,ST01,P007,25,8,0,False
2025-08-24,ST02,P007,0,8,5,True
2025-08-24,ST03,P007,8,8,0,False
2025-08-24,ST04,P007,23,8,0,False
2025-08-24,ST05,P007,26,8,0,False
2025-08-24,ST01,P008,18,8,0,False
2025-08-24,ST02,P008,4,8,0,False
2025-08-24,ST03,P008,24,8,0,False
2025-08-24,ST04,P008,23,8,0,False
2025-08-24,ST05,P008,11,8,0,False
2025-08-24,ST01,P009,44,14,0,False
2025-08-24,ST02,P009,12,14,0,False
2025-08-24,ST03,P009,15,14,0,False
2025-08-24,ST04,P009,14,14,0,False
2025-08-24,ST05,P009,42,14,0,False
2025-08-24,ST01,P010,13,7,0,False
2025-08-24,ST02,P010,21,7,0,False
2025-08-24,ST03,P010,7,7,0,False
2025-08-24,ST04,P010,9,7,0,False
2025-08-24,ST05,P010,1,7,0,False
2025-08-24,ST01,P011,70,13,0,False
2025-08-24,ST02,P011,36,13,0,False
2025-08-24,ST03,P011,39,13,0,False
2025-08-24,ST04,P011,50,13,0,False
2025-08-24,ST05,P011,50,13,0,False
2025-08-24,ST01,P012,26,7,5,True
2025-08-24,ST02,P012,6,7,0,False
2025-08-24,ST03,P012,21,7,1,True
2025-08-24,ST04,P012,20,7,0,False
2025-08-24,ST05,P012,24,7,1,True
2025-08-24,ST01,P013,34,7,0,False
2025-08-24,ST02,P013,37,7,0,False
2025-08-24,ST03,P013,34,7,0,False
2025-08-24,ST04,P013,24,7,0,False
2025-08-24,ST05,P013,45,7,0,False
2025-08-24,ST01,P014,15,13,0,False
2025-08-24,ST02,P014,17,13,0,False
2025-08-24,ST03,P014,33,13,0,False
2025-08-24,ST04,P014,42,13,0,False
2025-08-24,ST05,P014,0,13,4,True
2025-08-24,ST01,P015,44,7,0,False
2025-08-24,ST02,P015,6,7,0,False
2025-08-24,ST03,P015,23,7,0,False
2025-08-24,ST04,P015,47,7,0,False
2025-08-24,ST05,P015,41,7,0,False
2025-08-24,ST01,P016,33,14,0,False
2025-08-24,ST02,P016,41,14,0,False
2025-08-24,ST03,P016,28,14,0,False
2025-08-24,ST04,P016,35,14,0,False
2025-08-24,ST05,P016,27,14,0,False
2025-08-24,ST01,P017,20,13,2,True
2025-08-24,ST02,P017,0,13,2,True
2025-08-24,ST03,P017,12,13,0,False
2025-08-24,ST04,P017,27,13,0,False
2025-08-24,ST05,P017,20,13,2,True
2025-08-24,ST01,P018,24,8,0,False
2025-08-24,ST02,P018,38,8,0,False
2025-08-24,ST03,P018,43,8,0,False
2025-08-24,ST04,P018,30,8,0,False
2025-08-24,ST05,P018,35,8,0,False
2025-08-24,ST01,P019,58,15,0,False
2025-08-24,ST02,P019,40,15,0,False
2025-08-24,ST03,P019,27,15,0,False
2025-08-24,ST04,P019,50,15,0,False
2025-08-24,ST05,P019,30,15,0,False
2025-08-24,ST01,P020,27,13,0,False
2025-08-24,ST02,P020,38,13,0,False
2025-08-24,ST03,P020,27,13,0,False
2025-08-24,ST04,P020,14,13,0,False
2025-08-24,ST05,P020,39,13,0,False
2025-08-24,ST01,P021,64,13,0,False
2025-08-24,ST02,P021,20,13,0,False
2025-08-24,ST03,P021,31,13,0,False
2025-08-24,ST04,P021,48,13,0,False
2025-08-24,ST05,P021,52,13,0,False
2025-08-24,ST01,P022,10,8,0,False
2025-08-24,ST02,P022,8,8,0,False
2025-08-24,ST03,P022,4,8,0,False
2025-08-24,ST04,P022,20,8,0,False
2025-08-24,ST05,P022,14,8,0,False
2025-08-24,ST01,P023,0,6,1,True
2025-08-24,ST02,P023,12,6,0,False
2025-08-24,ST03,P023,10,6,0,False
2025-08-24,ST04,P023,23,6,0,False
2025-08-24,ST05,P023,0,6,3,True
2025-08-24,ST01,P024,17,16,0,False
2025-08-24,ST02,P024,39,16,0,False
2025-08-24,ST03,P024,0,16,7,True
2025-08-24,ST04,P024,20,16,0,False
2025-08-24,ST05,P024,0,16,3,True
2025-08-24,ST01,P025,13,12,0,False
2025-08-24,ST02,P025,5,12,0,False
2025-08-24,ST03,P025,55,12,0,False
2025-08-24,ST04,P025,32,12,0,False
2025-08-24,ST05,P025,47,12,0,False
2025-08-24,ST01,P026,40,16,0,False
2025-08-24,ST02,P026,36,16,0,False
2025-08-24,ST03,P026,18,16,0,False
2025-08-24,ST04,P026,57,16,0,False
2025-08-24,ST05,P026,10,16,0,False
2025-08-24,ST01,P027,0,8,2,True
2025-08-24,ST02,P027,17,8,0,False
2025-08-24,ST03,P027,8,8,0,False
2025-08-24,ST04,P027,26,8,0,False
2025-08-24,ST05,P027,33,8,0,False
2025-08-24,ST01,P028,0,14,7,True
2025-08-24,ST02,P028,6,14,0,False
2025-08-24,ST03,P028,0,14,0,False
2025-08-24,ST04,P028,5,14,0,False
2025-08-24,ST05,P028,0,14,1,True
2025-08-24,ST01,P029,42,16,0,False
2025-08-24,ST02,P029,38,16,0,False
2025-08-24,ST03,P029,36,16,0,False
2025-08-24,ST04,P029,62,16,0,False
2025-08-24,ST05,P029,67,16,0,False
2025-08-24,ST01,P030,24,14,0,False
2025-08-24,ST02,P030,23,14,0,False
2025-08-24,ST03,P030,56,14,0,False
2025-08-24,ST04,P030,12,14,0,False
2025-08-24,ST05,P030,17,14,0,False
2025-08-24,ST01,P031,14,12,0,False
2025-08-24,ST02,P031,23,12,0,False
2025-08-24,ST03,P031,34,12,0,False
2025-08-24,ST04,P031,40,12,0,False
2025-08-24,ST05,P031,13,12,0,False
2025-08-24,ST01,P032,72,8,0,False
2025-08-24,ST02,P032,71,8,0,False
2025-08-24,ST03,P032,55,8,0,False
2025-08-24,ST04,P032,67,8,0,False
2025-08-24,ST05,P032,63,8,0,False
2025-08-24,ST01,P033,56,13,0,False
2025-08-24,ST02,P033,69,13,0,False
2025-08-24,ST03,P033,29,13,0,False
2025-08-24,ST04,P033,37,13,0,False
2025-08-24,ST05,P033,49,13,0,False
2025-08-24,ST01,P034,7,9,0,False
2025-08-24,ST02,P034,32,9,0,False
2025-08-24,ST03,P034,25,9,0,False
2025-08-24,ST04,P034,19,9,0,False
2025-08-24,ST05,P034,13,9,0,False
2025-08-24,ST01,P035,32,13,0,False
2025-08-24,ST02,P035,19,13,0,False
2025-08-24,ST03,P035,36,13,0,False
2025-08-24,ST04,P035,33,13,0,False
2025-08-24,ST05,P035,25,13,0,False
2025-08-24,ST01,P036,37,11,0,False
2025-08-24,ST02,P036,27,11,0,False
2025-08-24,ST03,P036,50,11,0,False
2025-08-24,ST04,P036,33,11,0,False
2025-08-24,ST05,P036,38,11,0,False
2025-08-24,ST01,P037,34,7,0,False
2025-08-24,ST02,P037,60,7,0,False
2025-08-24,ST03,P037,37,7,0,False
2025-08-24,ST04,P037,26,7,0,False
2025-08-24,ST05,P037,7,7,0,False
2025-08-24,ST01,P038,27,9,0,False
2025-08-24,ST02,P038,15,9,0,False
2025-08-24,ST03,P038,17,9,0,False
2025-08-24,ST04,P038,19,9,0,False
2025-08-24,ST05,P038,16,9,0,False
2025-08-24,ST01,P039,35,10,0,False
2025-08-24,ST02,P039,38,10,0,False
2025-08-24,ST03,P039,59,10,0,False
2025-08-24,ST04,P039,12,10,0,False
2025-08-24,ST05,P039,37,10,0,False
2025-08-24,ST01,P040,18,14,0,False
2025-08-24,ST02,P040,23,14,0,False
2025-08-24,ST03,P040,32,14,0,False
2025-08-24,ST04,P040,36,14,0,False
2025-08-24,ST05,P040,26,14,0,False
2025-08-31,ST01,P001,21,16,0,False
2025-08-31,ST02,P001,35,16,0,False
2025-08-31,ST03,P001,20,16,0,False
2025-08-31,ST04,P001,14,16,0,False
2025-08-31,ST05,P001,37,16,0,False
2025-08-31,ST01,P002,19,12,0,False
2025-08-31,ST02,P002,32,12,0,False
2025-08-31,ST03,P002,31,12,2,True
2025-08-31,ST04,P002,38,12,0,False
2025-08-31,ST05,P002,0,12,0,False
2025-08-31,ST01,P003,26,13,0,False
2025-08-31,ST02,P003,3,13,0,False
2025-08-31,ST03,P003,33,13,0,False
2025-08-31,ST04,P003,33,13,0,False
2025-08-31,ST05,P003,14,13,0,False
2025-08-31,ST01,P004,0,11,2,True
2025-08-31,ST02,P004,22,11,1,True
2025-08-31,ST03,P004,21,11,2,True
2025-08-31,ST04,P004,14,11,0,False
2025-08-31,ST05,P004,15,11,0,False
2025-08-31,ST01,P005,39,11,0,False
2025-08-31,ST02,P005,37,11,0,False
2025-08-31,ST03,P005,60,11,0,False
2025-08-31,ST04,P005,45,11,0,False
2025-08-31,ST05,P005,13,11,0,False
2025-08-31,ST01,P006,55,15,0,False
2025-08-31,ST02,P006,24,15,0,False
2025-08-31,ST03,P006,53,15,0,False
2025-08-31,ST04,P006,37,15,0,False
2025-08-31,ST05,P006,26,15,0,False
2025-08-31,ST01,P007,16,8,0,False
2025-08-31,ST02,P007,55,8,1,True
2025-08-31,ST03,P007,3,8,0,False
2025-08-31,ST04,P007,19,8,0,False
2025-08-31,ST05,P007,17,8,0,False
2025-08-31,ST01,P008,16,8,0,False
2025-08-31,ST02,P008,30,8,0,False
2025-08-31,ST03,P008,14,8,0,False
2025-08-31,ST04,P008,22,8,0,False
2025-08-31,ST05,P008,0,8,0,False
2025-08-31,ST01,P009,41,14,0,False
2025-08-31,ST02,P009,49,14,0,False
2025-08-31,ST03,P009,12,14,0,False
2025-08-31,ST04,P009,47,14,0,False
2025-08-31,ST05,P009,33,14,0,False
2025-08-31,ST01,P010,4,7,0,False
2025-08-31,ST02,P010,15,7,0,False
2025-08-31,ST03,P010,4,7,0,False
2025-08-31,ST04,P010,1,7,0,False
2025-08-31,ST05,P010,44,7,2,True
2025-08-31,ST01,P011,61,13,0,False
2025-08-31,ST02,P011,25,13,0,False
2025-08-31,ST03,P011,30,13,0,False
2025-08-31,ST04,P011,39,13,0,False
2025-08-31,ST05,P011,31,13,0,False
2025-08-31,ST01,P012,17,7,0,False
2025-08-31,ST02,P012,32,7,0,False
2025-08-31,ST03,P012,5,7,0,False
2025-08-31,ST04,P012,5,7,0,False
2025-08-31,ST05,P012,13,7,0,False
2025-08-31,ST01,P013,26,7,0,False
2025-08-31,ST02,P013,36,7,0,False
2025-08-31,ST03,P013,32,7,0,False
2025-08-31,ST04,P013,23,7,0,False
2025-08-31,ST05,P013,44,7,0,False
2025-08-31,ST01,P014,4,13,0,False
2025-08-31,ST02,P014,9,13,0,False
2025-08-31,ST03,P014,26,13,0,False
2025-08-31,ST04,P014,31,13,0,False
2025-08-31,ST05,P014,27,13,1,True
2025-08-31,ST01,P015,42,7,0,False
2025-08-31,ST02,P015,49,7,0,False
2025-08-31,ST03,P015,16,7,0,False
2025-08-31,ST04,P015,43,7,0,False
2025-08-31,ST05,P015,32,7,0,False
2025-08-31,ST01,P016,19,14,0,False
2025-08-31,ST02,P016,33,14,0,False
2025-08-31,ST03,P016,26,14,0,False
2025-08-31,ST04,P016,29,14,0,False
2025-08-31,ST05,P016,21,14,0,False
2025-08-31,ST01,P017,6,13,0,False
2025-08-31,ST02,P017,16,13,1,True
2025-08-31,ST03,P017,5,13,0,False
2025-08-31,ST04,P017,16,13,0,False
2025-08-31,ST05,P017,13,13,0,False
2025-08-31,ST01,P018,20,8,0,False
2025-08-31,ST02,P018,37,8,0,False
2025-08-31,ST03,P018,42,8,0,False
2025-08-31,ST04,P018,30,8,0,False
2025-08-31,ST05,P018,33,8,0,False
2025-08-31,ST01,P019,56,15,0,False
2025-08-31,ST02,P019,36,15,0,False
2025-08-31,ST03,P019,26,15,0,False
2025-08-31,ST04,P019,49,15,0,False
2025-08-31,ST05,P019,29,15,0,False
2025-08-31,ST01,P020,20,13,0,False
2025-08-31,ST02,P020,31,13,0,False
2025-08-31,ST03,P020,25,13,0,False
2025-08-31,ST04,P020,45,13,0,False
2025-08-31,ST05,P020,36,13,0,False
2025-08-31,ST01,P021,60,13,0,False
2025-08-31,ST02,P021,16,13,0,False
2025-08-31,ST03,P021,26,13,0,False
2025-08-31,ST04,P021,45,13,0,False
2025-08-31,ST05,P021,46,13,0,False
2025-08-31,ST01,P022,0,8,1,True
2025-08-31,ST02,P022,25,8,1,True
2025-08-31,ST03,P022,21,8,3,True
2025-08-31,ST04,P022,11,8,0,False
2025-08-31,ST05,P022,0,8,3,True
2025-08-31,ST01,P023,21,6,2,True
2025-08-31,ST02,P023,27,6,1,True
2025-08-31,ST03,P023,3,6,0,False
2025-08-31,ST04,P023,12,6,0,False
2025-08-31,ST05,P023,0,6,5,True
2025-08-31,ST01,P024,21,16,4,True
2025-08-31,ST02,P024,13,16,0,False
2025-08-31,ST03,P024,15,16,2,True
2025-08-31,ST04,P024,7,16,0,False
2025-08-31,ST05,P024,0,16,7,True
2025-08-31,ST01,P025,7,12,0,False
2025-08-31,ST02,P025,58,12,0,False
2025-08-31,ST03,P025,51,12,0,False
2025-08-31,ST04,P025,26,12,0,False
2025-08-31,ST05,P025,40,12,0,False
2025-08-31,ST01,P026,32,16,0,False
2025-08-31,ST02,P026,26,16,0,False
2025-08-31,ST03,P026,14,16,0,False
2025-08-31,ST04,P026,54,16,0,False
2025-08-31,ST05,P026,58,16,0,False
2025-08-31,ST01,P027,41,8,4,True
2025-08-31,ST02,P027,10,8,0,False
2025-08-31,ST03,P027,5,8,0,False
2025-08-31,ST04,P027,21,8,0,False
2025-08-31,ST05,P027,28,8,0,False
2025-08-31,ST01,P028,25,14,3,True
2025-08-31,ST02,P028,26,14,1,True
2025-08-31,ST03,P028,24,14,2,True
2025-08-31,ST04,P028,0,14,1,True
2025-08-31,ST05,P028,20,14,5,True
2025-08-31,ST01,P029,41,16,0,False
2025-08-31,ST02,P029,37,16,0,False
2025-08-31,ST03,P029,36,16,0,False
2025-08-31,ST04,P029,60,16,0,False
2025-08-31,ST05,P029,65,16,0,False
2025-08-31,ST01,P030,19,14,0,False
2025-08-31,ST02,P030,14,14,0,False
2025-08-31,ST03,P030,51,14,0,False
2025-08-31,ST04,P030,7,14,0,False
2025-08-31,ST05,P030,10,14,0,False
2025-08-31,ST01,P031,14,12,0,False
2025-08-31,ST02,P031,20,12,0,False
2025-08-31,ST03,P031,34,12,0,False
2025-08-31,ST04,P031,39,12,0,False
2025-08-31,ST05,P031,10,12,0,False
2025-08-31,ST01,P032,71,8,0,False
2025-08-31,ST02,P032,70,8,0,False
2025-08-31,ST03,P032,51,8,0,False
2025-08-31,ST04,P032,66,8,0,False
2025-08-31,ST05,P032,60,8,0,False
2025-08-31,ST01,P033,50,13,0,False
2025-08-31,ST02,P033,67,13,0,False
2025-08-31,ST03,P033,27,13,0,False
2025-08-31,ST04,P033,37,13,0,False
2025-08-31,ST05,P033,40,13,0,False
2025-08-31,ST01,P034,36,9,0,False
2025-08-31,ST02,P034,27,9,0,False
2025-08-31,ST03,P034,20,9,0,False
2025-08-31,ST04,P034,15,9,0,False
2025-08-31,ST05,P034,9,9,0,False
2025-08-31,ST01,P035,28,13,0,False
2025-08-31,ST02,P035,18,13,0,False
2025-08-31,ST03,P035,30,13,0,False
2025-08-31,ST04,P035,23,13,0,False
2025-08-31,ST05,P035,10,13,0,False
2025-08-31,ST01,P036,36,11,0,False
2025-08-31,ST02,P036,25,11,0,False
2025-08-31,ST03,P036,50,11,0,False
2025-08-31,ST04,P036,33,11,0,False
2025-08-31,ST05,P036,38,11,0,False
2025-08-31,ST01,P037,34,7,0,False
2025-08-31,ST02,P037,56,7,0,False
2025-08-31,ST03,P037,35,7,0,False
2025-08-31,ST04,P037,25,7,0,False
2025-08-31,ST05,P037,71,7,0,False
2025-08-31,ST01,P038,25,9,0,False
2025-08-31,ST02,P038,14,9,0,False
2025-08-31,ST03,P038,16,9,0,False
2025-08-31,ST04,P038,19,9,0,False
2025-08-31,ST05,P038,14,9,0,False
2025-08-31,ST01,P039,34,10,0,False
2025-08-31,ST02,P039,38,10,0,False
2025-08-31,ST03,P039,59,10,0,False
2025-08-31,ST04,P039,11,10,0,False
2025-08-31,ST05,P039,36,10,0,False
2025-08-31,ST01,P040,17,14,0,False
2025-08-31,ST02,P040,20,14,0,False
2025-08-31,ST03,P040,32,14,0,False
2025-08-31,ST04,P040,35,14,0,False
2025-08-31,ST05,P040,23,14,0,False
2025-09-07,ST01,P001,15,16,0,False
2025-09-07,ST02,P001,32,16,0,False
2025-09-07,ST03,P001,15,16,0,False
2025-09-07,ST04,P001,43,16,0,False
2025-09-07,ST05,P001,32,16,0,False
2025-09-07,ST01,P002,8,12,0,False
2025-09-07,ST02,P002,21,12,0,False
2025-09-07,ST03,P002,21,12,0,False
2025-09-07,ST04,P002,32,12,0,False
2025-09-07,ST05,P002,0,12,6,True
2025-09-07,ST01,P003,24,13,0,False
2025-09-07,ST02,P003,22,13,0,False
2025-09-07,ST03,P003,30,13,0,False
2025-09-07,ST04,P003,28,13,0,False
2025-09-07,ST05,P003,3,13,0,False
2025-09-07,ST01,P004,3,11,0,False
2025-09-07,ST02,P004,18,11,0,False
2025-09-07,ST03,P004,14,11,0,False
2025-09-07,ST04,P004,6,11,0,False
2025-09-07,ST05,P004,0,11,3,True
2025-09-07,ST01,P005,24,11,0,False
2025-09-07,ST02,P005,26,11,0,False
2025-09-07,ST03,P005,50,11,0,False
2025-09-07,ST04,P005,42,11,0,False
2025-09-07,ST05,P005,72,11,0,False
2025-09-07,ST01,P006,52,15,0,False
2025-09-07,ST02,P006,22,15,0,False
2025-09-07,ST03,P006,49,15,0,False
2025-09-07,ST04,P006,36,15,0,False
2025-09-07,ST05,P006,19,15,0,False
2025-09-07,ST01,P007,6,8,0,False
2025-09-07,ST02,P007,46,8,0,False
2025-09-07,ST03,P007,65,8,0,False
2025-09-07,ST04,P007,14,8,0,False
2025-09-07,ST05,P007,0,8,2,True
2025-09-07,ST01,P008,11,8,0,False
2025-09-07,ST02,P008,27,8,0,False
2025-09-07,ST03,P008,12,8,0,False
2025-09-07,ST04,P008,20,8,0,False
2025-09-07,ST05,P008,0,8,4,True
2025-09-07,ST01,P009,36,14,0,False
2025-09-07,ST02,P009,37,14,0,False
2025-09-07,ST03,P009,49,14,0,False
2025-09-07,ST04,P009,47,14,0,False
2025-09-07,ST05,P009,30,14,0,False
2025-09-07,ST01,P010,0,7,4,True
2025-09-07,ST02,P010,11,7,0,False
2025-09-07,ST03,P010,45,7,0,False
2025-09-07,ST04,P010,42,7,1,True
2025-09-07,ST05,P010,41,7,0,False
2025-09-07,ST01,P011,55,13,0,False
2025-09-07,ST02,P011,18,13,0,False
2025-09-07,ST03,P011,20,13,0,False
2025-09-07,ST04,P011,36,13,0,False
2025-09-07,ST05,P011,24,13,0,False
2025-09-07,ST01,P012,1,7,0,False
2025-09-07,ST02,P012,16,7,0,False
2025-09-07,ST03,P012,25,7,0,False
2025-09-07,ST04,P012,0,7,0,False
2025-09-07,ST05,P012,1,7,0,False
2025-09-07,ST01,P013,23,7,0,False
2025-09-07,ST02,P013,34,7,0,False
2025-09-07,ST03,P013,31,7,0,False
2025-09-07,ST04,P013,22,7,0,False
2025-09-07,ST05,P013,43,7,0,False
2025-09-07,ST01,P014,32,13,2,True
2025-09-07,ST02,P014,38,13,0,False
2025-09-07,ST03,P014,14,13,0,False
2025-09-07,ST04,P014,28,13,0,False
2025-09-07,ST05,P014,0,13,1,True
2025-09-07,ST01,P015,35,7,0,False
2025-09-07,ST02,P015,41,7,0,False
2025-09-07,ST03,P015,7,7,0,False
2025-09-07,ST04,P015,40,7,0,False
2025-09-07,ST05,P015,26,7,0,False
2025-09-07,ST01,P016,10,14,0,False
2025-09-07,ST02,P016,30,14,0,False
2025-09-07,ST03,P016,24,14,0,False
2025-09-07,ST04,P016,25,14,0,False
2025-09-07,ST05,P016,11,14,0,False
2025-09-07,ST01,P017,25,13,0,False
2025-09-07,ST02,P017,3,13,0,False
2025-09-07,ST03,P017,19,13,0,False
2025-09-07,ST04,P017,9,13,0,False
2025-09-07,ST05,P017,0,13,1,True
2025-09-07,ST01,P018,17,8,0,False
2025-09-07,ST02,P018,32,8,0,False
2025-09-07,ST03,P018,36,8,0,False
2025-09-07,ST04,P018,29,8,0,False
2025-09-07,ST05,P018,31,8,0,False
2025-09-07,ST01,P019,54,15,0,False
2025-09-07,ST02,P019,36,15,0,False
2025-09-07,ST03,P019,23,15,0,False
2025-09-07,ST04,P019,43,15,0,False
2025-09-07,ST05,P019,26,15,0,False
2025-09-07,ST01,P020,17,13,0,False
2025-09-07,ST02,P020,22,13,0,False
2025-09-07,ST03,P020,14,13,0,False
2025-09-07,ST04,P020,43,13,0,False
2025-09-07,ST05,P020,30,13,0,False
2025-09-07,ST01,P021,53,13,0,False
2025-09-07,ST02,P021,14,13,0,False
2025-09-07,ST03,P021,23,13,0,False
2025-09-07,ST04,P021,41,13,0,False
2025-09-07,ST05,P021,43,13,0,False
2025-09-07,ST01,P022,14,8,0,False
2025-09-07,ST02,P022,17,8,0,False
2025-09-07,ST03,P022,8,8,0,False
2025-09-07,ST04,P022,4,8,0,False
2025-09-07,ST05,P022,19,8,3,True
2025-09-07,ST01,P023,9,6,0,False
2025-09-07,ST02,P023,15,6,0,False
2025-09-07,ST03,P023,23,6,0,False
2025-09-07,ST04,P023,2,6,0,False
2025-09-07,ST05,P023,20,6,1,True
2025-09-07,ST01,P024,35,16,0,False
2025-09-07,ST02,P024,28,16,0,False
2025-09-07,ST03,P024,30,16,0,False
2025-09-07,ST04,P024,26,16,0,False
2025-09-07,ST05,P024,12,16,0,False
2025-09-07,ST01,P025,56,12,0,False
2025-09-07,ST02,P025,55,12,0,False
2025-09-07,ST03,P025,46,12,0,False
2025-09-07,ST04,P025,23,12,0,False
2025-09-07,ST05,P025,28,12,0,False
2025-09-07,ST01,P026,24,16,0,False
2025-09-07,ST02,P026,17,16,0,False
2025-09-07,ST03,P026,62,16,0,False
2025-09-07,ST04,P026,53,16,0,False
2025-09-07,ST05,P026,50,16,0,False
2025-09-07,ST01,P027,31,8,0,False
2025-09-07,ST02,P027,0,8,1,True
2025-09-07,ST03,P027,41,8,0,False
2025-09-07,ST04,P027,17,8,0,False
2025-09-07,ST05,P027,18,8,0,False
2025-09-07,ST01,P028,15,14,0,False
2025-09-07,ST02,P028,20,14,0,False
2025-09-07,ST03,P028,5,14,0,False
2025-09-07,ST04,P028,26,14,2,True
2025-09-07,ST05,P028,8,14,0,False
2025-09-07,ST01,P029,36,16,0,False
2025-09-07,ST02,P029,37,16,0,False
2025-09-07,ST03,P029,31,16,0,False
2025-09-07,ST04,P029,60,16,0,False
2025-09-07,ST05,P029,62,16,0,False
2025-09-07,ST01,P030,62,14,0,False
2025-09-07,ST02,P030,57,14,0,False
2025-09-07,ST03,P030,45,14,0,False
2025-09-07,ST04,P030,52,14,0,False
2025-09-07,ST05,P030,55,14,0,False
2025-09-07,ST01,P031,11,12,0,False
2025-09-07,ST02,P031,20,12,0,False
2025-09-07,ST03,P031,33,12,0,False
2025-09-07,ST04,P031,37,12,0,False
2025-09-07,ST05,P031,38,12,0,False
2025-09-07,ST01,P032,70,8,0,False
2025-09-07,ST02,P032,68,8,0,False
2025-09-07,ST03,P032,50,8,0,False
2025-09-07,ST04,P032,65,8,0,False
2025-09-07,ST05,P032,60,8,0,False
2025-09-07,ST01,P033,43,13,0,False
2025-09-07,ST02,P033,64,13,0,False
2025-09-07,ST03,P033,14,13,0,False
2025-09-07,ST04,P033,36,13,0,False
2025-09-07,ST05,P033,32,13,0,False
2025-09-07,ST01,P034,29,9,0,False
2025-09-07,ST02,P034,22,9,0,False
2025-09-07,ST03,P034,17,9,0,False
2025-09-07,ST04,P034,12,9,0,False
2025-09-07,ST05,P034,40,9,0,False
2025-09-07,ST01,P035,11,13,0,False
2025-09-07,ST02,P035,13,13,0,False
2025-09-07,ST03,P035,17,13,0,False
2025-09-07,ST04,P035,19,13,0,False
2025-09-07,ST05,P035,46,13,0,False
2025-09-07,ST01,P036,34,11,0,False
2025-09-07,ST02,P036,24,11,0,False
2025-09-07,ST03,P036,48,11,0,False
2025-09-07,ST04,P036,31,11,0,False
2025-09-07,ST05,P036,35,11,0,False
2025-09-07,ST01,P037,28,7,0,False
2025-09-07,ST02,P037,49,7,0,False
2025-09-07,ST03,P037,31,7,0,False
2025-09-07,ST04,P037,25,7,0,False
2025-09-07,ST05,P037,66,7,0,False
2025-09-07,ST01,P038,24,9,0,False
2025-09-07,ST02,P038,14,9,0,False
2025-09-07,ST03,P038,16,9,0,False
2025-09-07,ST04,P038,19,9,0,False
2025-09-07,ST05,P038,13,9,0,False
2025-09-07,ST01,P039,32,10,0,False
2025-09-07,ST02,P039,36,10,0,False
2025-09-07,ST03,P039,59,10,0,False
2025-09-07,ST04,P039,11,10,0,False
2025-09-07,ST05,P039,35,10,0,False
2025-09-07,ST01,P040,13,14,0,False
2025-09-07,ST02,P040,18,14,0,False
2025-09-07,ST03,P040,30,14,0,False
2025-09-07,ST04,P040,33,14,0,False
2025-09-07,ST05,P040,22,14,0,False
2025-09-14,ST01,P001,6,16,0,False
2025-09-14,ST02,P001,27,16,0,False
2025-09-14,ST03,P001,10,16,0,False
2025-09-14,ST04,P001,40,16,0,False
2025-09-14,ST05,P001,29,16,0,False
2025-09-14,ST01,P002,35,12,0,False
2025-09-14,ST02,P002,10,12,0,False
2025-09-14,ST03,P002,11,12,0,False
2025-09-14,ST04,P002,22,12,0,False
2025-09-14,ST05,P002,24,12,1,True
2025-09-14,ST01,P003,17,13,0,False
2025-09-14,ST02,P003,20,13,0,False
2025-09-14,ST03,P003,28,13,0,False
2025-09-14,ST04,P003,26,13,0,False
2025-09-14,ST05,P003,0,13,0,False
2025-09-14,ST01,P004,0,11,5,True
2025-09-14,ST02,P004,5,11,0,False
2025-09-14,ST03,P004,0,11,2,True
2025-09-14,ST04,P004,26,11,0,False
2025-09-14,ST05,P004,24,11,5,True
2025-09-14,ST01,P005,14,11,0,False
2025-09-14,ST02,P005,21,11,0,False
2025-09-14,ST03,P005,44,11,0,False
2025-09-14,ST04,P005,42,11,0,False
2025-09-14,ST05,P005,63,11,0,False
2025-09-14,ST01,P006,48,15,0,False
2025-09-14,ST02,P006,18,15,0,False
2025-09-14,ST03,P006,47,15,0,False
2025-09-14,ST04,P006,36,15,0,False
2025-09-14,ST05,P006,13,15,0,False
2025-09-14,ST01,P007,0,8,2,True
2025-09-14,ST02,P007,37,8,0,False
2025-09-14,ST03,P007,54,8,0,False
2025-09-14,ST04,P007,7,8,0,False
2025-09-14,ST05,P007,59,8,4,True
2025-09-14,ST01,P008,8,8,0,False
2025-09-14,ST02,P008,26,8,0,False
2025-09-14,ST03,P008,5,8,0,False
2025-09-14,ST04,P008,18,8,0,False
2025-09-14,ST05,P008,28,8,1,True
2025-09-14,ST01,P009,27,14,0,False
2025-09-14,ST02,P009,31,14,0,False
2025-09-14,ST03,P009,46,14,0,False
2025-09-14,ST04,P009,45,14,0,False
2025-09-14,ST05,P009,27,14,0,False
2025-09-14,ST01,P010,44,7,3,True
2025-09-14,ST02,P010,7,7,0,False
2025-09-14,ST03,P010,42,7,0,False
2025-09-14,ST04,P010,37,7,0,False
2025-09-14,ST05,P010,35,7,0,False
2025-09-14,ST01,P011,44,13,0,False
2025-09-14,ST02,P011,62,13,0,False
2025-09-14,ST03,P011,13,13,0,False
2025-09-14,ST04,P011,22,13,0,False
2025-09-14,ST05,P011,67,13,0,False
2025-09-14,ST01,P012,23,7,2,True
2025-09-14,ST02,P012,7,7,0,False
2025-09-14,ST03,P012,18,7,0,False
2025-09-14,ST04,P012,24,7,3,True
2025-09-14,ST05,P012,24,7,0,False
2025-09-14,ST01,P013,20,7,0,False
2025-09-14,ST02,P013,34,7,0,False
2025-09-14,ST03,P013,29,7,0,False
2025-09-14,ST04,P013,19,7,0,False
2025-09-14,ST05,P013,42,7,0,False
2025-09-14,ST01,P014,17,13,0,False
2025-09-14,ST02,P014,28,13,0,False
2025-09-14,ST03,P014,10,13,0,False
2025-09-14,ST04,P014,17,13,0,False
2025-09-14,ST05,P014,0,13,4,True
2025-09-14,ST01,P015,31,7,0,False
2025-09-14,ST02,P015,38,7,0,False
2025-09-14,ST03,P015,52,7,0,False
2025-09-14,ST04,P015,34,7,0,False
2025-09-14,ST05,P015,18,7,0,False
2025-09-14,ST01,P016,3,14,0,False
2025-09-14,ST02,P016,19,14,0,False
2025-09-14,ST03,P016,16,14,0,False
2025-09-14,ST04,P016,16,14,0,False
2025-09-14,ST05,P016,1,14,0,False
2025-09-14,ST01,P017,12,13,0,False
2025-09-14,ST02,P017,10,13,1,True
2025-09-14,ST03,P017,4,13,0,False
2025-09-14,ST04,P017,26,13,0,False
2025-09-14,ST05,P017,6,13,1,True
2025-09-14,ST01,P018,15,8,0,False
2025-09-14,ST02,P018,29,8,0,False
2025-09-14,ST03,P018,34,8,0,False
2025-09-14,ST04,P018,27,8,0,False
2025-09-14,ST05,P018,27,8,0,False
2025-09-14,ST01,P019,51,15,0,False
2025-09-14,ST02,P019,33,15,0,False
2025-09-14,ST03,P019,21,15,0,False
2025-09-14,ST04,P019,43,15,0,False
2025-09-14,ST05,P019,26,15,0,False
2025-09-14,ST01,P020,7,13,0,False
2025-09-14,ST02,P020,17,13,0,False
2025-09-14,ST03,P020,13,13,0,False
2025-09-14,ST04,P020,41,13,0,False
2025-09-14,ST05,P020,20,13,0,False
2025-09-14,ST01,P021,44,13,0,False
2025-09-14,ST02,P021,8,13,0,False
2025-09-14,ST03,P021,20,13,0,False
2025-09-14,ST04,P021,38,13,0,False
2025-09-14,ST05,P021,38,13,0,False
2025-09-14,ST01,P022,4,8,0,False
2025-09-14,ST02,P022,0,8,3,True
2025-09-14,ST03,P022,28,8,0,False
2025-09-14,ST04,P022,20,8,1,True
2025-09-14,ST05,P022,5,8,0,False
2025-09-14,ST01,P023,21,6,5,True
2025-09-14,ST02,P023,0,6,1,True
2025-09-14,ST03,P023,11,6,0,False
2025-09-14,ST04,P023,26,6,0,False
2025-09-14,ST05,P023,4,6,0,False
2025-09-14,ST01,P024,0,16,0,False
2025-09-14,ST02,P024,9,16,0,False
2025-09-14,ST03,P024,10,16,0,False
2025-09-14,ST04,P024,15,16,0,False
2025-09-14,ST05,P024,14,16,0,False
2025-09-14,ST01,P025,52,12,0,False
2025-09-14,ST02,P025,48,12,0,False
2025-09-14,ST03,P025,43,12,0,False
2025-09-14,ST04,P025,21,12,0,False
2025-09-14,ST05,P025,20,12,0,False
2025-09-14,ST01,P026,21,16,0,False
2025-09-14,ST02,P026,15,16,0,False
2025-09-14,ST03,P026,56,16,0,False
2025-09-14,ST04,P026,49,16,0,False
2025-09-14,ST05,P026,36,16,0,False
2025-09-14,ST01,P027,25,8,0,False
2025-09-14,ST02,P027,0,8,4,True
2025-09-14,ST03,P027,33,8,0,False
2025-09-14,ST04,P027,7,8,0,False
2025-09-14,ST05,P027,5,8,0,False
2025-09-14,ST01,P028,0,14,2,True
2025-09-14,ST02,P028,0,14,0,False
2025-09-14,ST03,P028,30,14,0,False
2025-09-14,ST04,P028,16,14,0,False
2025-09-14,ST05,P028,25,14,2,True
2025-09-14,ST01,P029,33,16,0,False
2025-09-14,ST02,P029,35,16,0,False
2025-09-14,ST03,P029,29,16,0,False
2025-09-14,ST04,P029,60,16,0,False
2025-09-14,ST05,P029,62,16,0,False
2025-09-14,ST01,P030,55,14,0,False
2025-09-14,ST02,P030,51,14,0,False
2025-09-14,ST03,P030,39,14,0,False
2025-09-14,ST04,P030,47,14,0,False
2025-09-14,ST05,P030,46,14,0,False
2025-09-14,ST01,P031,40,12,0,False
2025-09-14,ST02,P031,18,12,0,False
2025-09-14,ST03,P031,32,12,0,False
2025-09-14,ST04,P031,36,12,0,False
2025-09-14,ST05,P031,37,12,0,False
2025-09-14,ST01,P032,70,8,0,False
2025-09-14,ST02,P032,66,8,0,False
2025-09-14,ST03,P032,50,8,0,False
2025-09-14,ST04,P032,64,8,0,False
2025-09-14,ST05,P032,59,8,0,False
2025-09-14,ST01,P033,34,13,0,False
2025-09-14,ST02,P033,62,13,0,False
2025-09-14,ST03,P033,8,13,0,False
2025-09-14,ST04,P033,33,13,0,False
2025-09-14,ST05,P033,31,13,0,False
2025-09-14,ST01,P034,22,9,0,False
2025-09-14,ST02,P034,18,9,0,False
2025-09-14,ST03,P034,12,9,0,False
2025-09-14,ST04,P034,11,9,0,False
2025-09-14,ST05,P034,31,9,0,False
2025-09-14,ST01,P035,2,13,0,False
2025-09-14,ST02,P035,49,13,0,False
2025-09-14,ST03,P035,11,13,0,False
2025-09-14,ST04,P035,14,13,0,False
2025-09-14,ST05,P035,41,13,0,False
2025-09-14,ST01,P036,33,11,0,False
2025-09-14,ST02,P036,24,11,0,False
2025-09-14,ST03,P036,44,11,0,False
2025-09-14,ST04,P036,28,11,0,False
2025-09-14,ST05,P036,31,11,0,False
2025-09-14,ST01,P037,24,7,0,False
2025-09-14,ST02,P037,49,7,0,False
2025-09-14,ST03,P037,28,7,0,False
2025-09-14,ST04,P037,25,7,0,False
2025-09-14,ST05,P037,64,7,0,False
2025-09-14,ST01,P038,23,9,0,False
2025-09-14,ST02,P038,14,9,0,False
2025-09-14,ST03,P038,15,9,0,False
2025-09-14,ST04,P038,19,9,0,False
2025-09-14,ST05,P038,12,9,0,False
2025-09-14,ST01,P039,32,10,0,False
2025-09-14,ST02,P039,35,10,0,False
2025-09-14,ST03,P039,58,10,0,False
2025-09-14,ST04,P039,10,10,0,False
2025-09-14,ST05,P039,34,10,0,False
2025-09-14,ST01,P040,8,14,0,False
2025-09-14,ST02,P040,17,14,0,False
2025-09-14,ST03,P040,28,14,0,False
2025-09-14,ST04,P040,33,14,0,False
2025-09-14,ST05,P040,21,14,0,False
2025-09-21,ST01,P001,34,16,0,False
2025-09-21,ST02,P001,26,16,0,False
2025-09-21,ST03,P001,36,16,0,False
2025-09-21,ST04,P001,37,16,0,False
2025-09-21,ST05,P001,25,16,0,False
2025-09-21,ST01,P002,23,12,0,False
2025-09-21,ST02,P002,31,12,1,True
2025-09-21,ST03,P002,38,12,0,False
2025-09-21,ST04,P002,19,12,0,False
2025-09-21,ST05,P002,11,12,0,False
2025-09-21,ST01,P003,14,13,0,False
2025-09-21,ST02,P003,17,13,0,False
2025-09-21,ST03,P003,28,13,0,False
2025-09-21,ST04,P003,21,13,0,False
2025-09-21,ST05,P003,23,13,0,False
2025-09-21,ST01,P004,18,11,2,True
2025-09-21,ST02,P004,0,11,4,True
2025-09-21,ST03,P004,0,11,7,True
2025-09-21,ST04,P004,20,11,0,False
2025-09-21,ST05,P004,0,11,3,True
2025-09-21,ST01,P005,77,11,0,False
2025-09-21,ST02,P005,7,11,0,False
2025-09-21,ST03,P005,36,11,0,False
2025-09-21,ST04,P005,31,11,0,False
2025-09-21,ST05,P005,57,11,0,False
2025-09-21,ST01,P006,45,15,0,False
2025-09-21,ST02,P006,14,15,0,False
2025-09-21,ST03,P006,46,15,0,False
2025-09-21,ST04,P006,35,15,0,False
2025-09-21,ST05,P006,13,15,0,False
2025-09-21,ST01,P007,62,8,2,True
2025-09-21,ST02,P007,28,8,0,False
2025-09-21,ST03,P007,43,8,0,False
2025-09-21,ST04,P007,3,8,0,False
2025-09-21,ST05,P007,43,8,0,False
2025-09-21,ST01,P008,5,8,0,False
2025-09-21,ST02,P008,24,8,0,False
2025-09-21,ST03,P008,5,8,0,False
2025-09-21,ST04,P008,13,8,0,False
2025-09-21,ST05,P008,22,8,0,False
2025-09-21,ST01,P009,23,14,0,False
2025-09-21,ST02,P009,27,14,0,False
2025-09-21,ST03,P009,44,14,0,False
2025-09-21,ST04,P009,42,14,0,False
2025-09-21,ST05,P009,25,14,0,False
2025-09-21,ST01,P010,40,7,0,False
2025-09-21,ST02,P010,1,7,0,False
2025-09-21,ST03,P010,41,7,0,False
2025-09-21,ST04,P010,31,7,0,False
2025-09-21,ST05,P010,23,7,0,False
2025-09-21,ST01,P011,35,13,0,False
2025-09-21,ST02,P011,55,13,0,False
2025-09-21,ST03,P011,56,13,0,False
2025-09-21,ST04,P011,17,13,0,False
2025-09-21,ST05,P011,60,13,0,False
2025-09-21,ST01,P012,13,7,0,False
2025-09-21,ST02,P012,28,7,0,False
2025-09-21,ST03,P012,14,7,0,False
2025-09-21,ST04,P012,12,7,0,False
2025-09-21,ST05,P012,13,7,0,False
2025-09-21,ST01,P013,18,7,0,False
2025-09-21,ST02,P013,34,7,0,False
2025-09-21,ST03,P013,27,7,0,False
2025-09-21,ST04,P013,19,7,0,False
2025-09-21,ST05,P013,37,7,0,False
2025-09-21,ST01,P014,0,13,0,False
2025-09-21,ST02,P014,16,13,0,False
2025-09-21,ST03,P014,42,13,0,False
2025-09-21,ST04,P014,12,13,0,False
2025-09-21,ST05,P014,22,13,3,True
2025-09-21,ST01,P015,30,7,0,False
2025-09-21,ST02,P015,36,7,0,False
2025-09-21,ST03,P015,44,7,0,False
2025-09-21,ST04,P015,34,7,0,False
2025-09-21,ST05,P015,8,7,0,False
2025-09-21,ST01,P016,51,14,1,True
2025-09-21,ST02,P016,4,14,0,False
2025-09-21,ST03,P016,9,14,0,False
2025-09-21,ST04,P016,7,14,0,False
2025-09-21,ST05,P016,52,14,4,True
2025-09-21,ST01,P017,0,13,2,True
2025-09-21,ST02,P017,0,13,2,True
2025-09-21,ST03,P017,24,13,4,True
2025-09-21,ST04,P017,19,13,0,False
2025-09-21,ST05,P017,0,13,5,True
2025-09-21,ST01,P018,14,8,0,False
2025-09-21,ST02,P018,26,8,0,False
2025-09-21,ST03,P018,32,8,0,False
2025-09-21,ST04,P018,26,8,0,False
2025-09-21,ST05,P018,24,8,0,False
2025-09-21,ST01,P019,51,15,0,False
2025-09-21,ST02,P019,30,15,0,False
2025-09-21,ST03,P019,20,15,0,False
2025-09-21,ST04,P019,40,15,0,False
2025-09-21,ST05,P019,25,15,0,False
2025-09-21,ST01,P020,37,13,0,False
2025-09-21,ST02,P020,10,13,0,False
2025-09-21,ST03,P020,43,13,0,False
2025-09-21,ST04,P020,37,13,0,False
2025-09-21,ST05,P020,10,13,0,False
2025-09-21,ST01,P021,42,13,0,False
2025-09-21,ST02,P021,67,13,0,False
2025-09-21,ST03,P021,17,13,0,False
2025-09-21,ST04,P021,36,13,0,False
2025-09-21,ST05,P021,29,13,0,False
2025-09-21,ST01,P022,17,8,1,True
2025-09-21,ST02,P022,14,8,1,True
2025-09-21,ST03,P022,22,8,0,False
2025-09-21,ST04,P022,19,8,0,False
2025-09-21,ST05,P022,18,8,0,False
2025-09-21,ST01,P023,11,6,0,False
2025-09-21,ST02,P023,24,6,2,True
2025-09-21,ST03,P023,29,6,1,True
2025-09-21,ST04,P023,21,6,0,False
2025-09-21,ST05,P023,26,6,1,True
2025-09-21,ST01,P024,18,16,2,True
2025-09-21,ST02,P024,17,16,0,False
2025-09-21,ST03,P024,28,16,0,False
2025-09-21,ST04,P024,34,16,0,False
2025-09-21,ST05,P024,19,16,1,True
2025-09-21,ST01,P025,45,12,0,False
2025-09-21,ST02,P025,43,12,0,False
2025-09-21,ST03,P025,40,12,0,False
2025-09-21,ST04,P025,15,12,0,False
2025-09-21,ST05,P025,7,12,0,False
2025-09-21,ST01,P026,17,16,0,False
2025-09-21,ST02,P026,8,16,0,False
2025-09-21,ST03,P026,53,16,0,False
2025-09-21,ST04,P026,41,16,0,False
2025-09-21,ST05,P026,33,16,0,False
2025-09-21,ST01,P027,12,8,0,False
2025-09-21,ST02,P027,45,8,4,True
2025-09-21,ST03,P027,22,8,0,False
2025-09-21,ST04,P027,4,8,0,False
2025-09-21,ST05,P027,0,8,0,False
2025-09-21,ST01,P028,24,14,4,True
2025-09-21,ST02,P028,18,14,2,True
2025-09-21,ST03,P028,11,14,0,False
2025-09-21,ST04,P028,15,14,0,False
2025-09-21,ST05,P028,13,14,0,False
2025-09-21,ST01,P029,33,16,0,False
2025-09-21,ST02,P029,30,16,0,False
2025-09-21,ST03,P029,27,16,0,False
2025-09-21,ST04,P029,59,16,0,False
2025-09-21,ST05,P029,59,16,0,False
2025-09-21,ST01,P030,51,14,0,False
2025-09-21,ST02,P030,44,14,0,False
2025-09-21,ST03,P030,34,14,0,False
2025-09-21,ST04,P030,44,14,0,False
2025-09-21,ST05,P030,41,14,0,False
2025-09-21,ST01,P031,37,12,0,False
2025-09-21,ST02,P031,18,12,0,False
2025-09-21,ST03,P031,32,12,0,False
2025-09-21,ST04,P031,36,12,0,False
2025-09-21,ST05,P031,36,12,0,False
2025-09-21,ST01,P032,70,8,0,False
2025-09-21,ST02,P032,65,8,0,False
2025-09-21,ST03,P032,50,8,0,False
2025-09-21,ST04,P032,63,8,0,False
2025-09-21,ST05,P032,59,8,0,False
2025-09-21,ST01,P033,30,13,0,False
2025-09-21,ST02,P033,61,13,0,False
2025-09-21,ST03,P033,70,13,0,False
2025-09-21,ST04,P033,25,13,0,False
2025-09-21,ST05,P033,23,13,0,False
2025-09-21,ST01,P034,15,9,0,False
2025-09-21,ST02,P034,13,9,0,False
2025-09-21,ST03,P034,7,9,0,False
2025-09-21,ST04,P034,6,9,0,False
2025-09-21,ST05,P034,23,9,0,False
2025-09-21,ST01,P035,0,13,6,True
2025-09-21,ST02,P035,42,13,0,False
2025-09-21,ST03,P035,48,13,0,False
2025-09-21,ST04,P035,14,13,0,False
2025-09-21,ST05,P035,24,13,0,False
2025-09-21,ST01,P036,31,11,0,False
2025-09-21,ST02,P036,22,11,0,False
2025-09-21,ST03,P036,41,11,0,False
2025-09-21,ST04,P036,27,11,0,False
2025-09-21,ST05,P036,28,11,0,False
2025-09-21,ST01,P037,16,7,0,False
2025-09-21,ST02,P037,43,7,0,False
2025-09-21,ST03,P037,26,7,0,False
2025-09-21,ST04,P037,25,7,0,False
2025-09-21,ST05,P037,58,7,0,False
2025-09-21,ST01,P038,17,9,0,False
2025-09-21,ST02,P038,12,9,0,False
2025-09-21,ST03,P038,11,9,0,False
2025-09-21,ST04,P038,19,9,0,False
2025-09-21,ST05,P038,8,9,0,False
2025-09-21,ST01,P039,32,10,0,False
2025-09-21,ST02,P039,35,10,0,False
2025-09-21,ST03,P039,58,10,0,False
2025-09-21,ST04,P039,68,10,0,False
2025-09-21,ST05,P039,32,10,0,False
2025-09-21,ST01,P040,37,14,0,False
2025-09-21,ST02,P040,13,14,0,False
2025-09-21,ST03,P040,25,14,0,False
2025-09-21,ST04,P040,32,14,0,False
2025-09-21,ST05,P040,17,14,0,False
2025-09-28,ST01,P001,31,16,0,False
2025-09-28,ST02,P001,22,16,0,False
2025-09-28,ST03,P001,31,16,0,False
2025-09-28,ST04,P001,36,16,0,False
2025-09-28,ST05,P001,19,16,0,False
2025-09-28,ST01,P002,12,12,0,False
2025-09-28,ST02,P002,23,12,0,False
2025-09-28,ST03,P002,25,12,0,False
2025-09-28,ST04,P002,13,12,0,False
2025-09-28,ST05,P002,39,12,0,False
2025-09-28,ST01,P003,12,13,0,False
2025-09-28,ST02,P003,15,13,0,False
2025-09-28,ST03,P003,23,13,0,False
2025-09-28,ST04,P003,19,13,0,False
2025-09-28,ST05,P003,21,13,0,False
2025-09-28,ST01,P004,6,11,0,False
2025-09-28,ST02,P004,15,11,0,False
2025-09-28,ST03,P004,23,11,2,True
2025-09-28,ST04,P004,17,11,0,False
2025-09-28,ST05,P004,25,11,5,True
2025-09-28,ST01,P005,69,11,0,False
2025-09-28,ST02,P005,72,11,0,False
2025-09-28,ST03,P005,27,11,0,False
2025-09-28,ST04,P005,26,11,0,False
2025-09-28,ST05,P005,48,11,0,False
2025-09-28,ST01,P006,41,15,0,False
2025-09-28,ST02,P006,12,15,0,False
2025-09-28,ST03,P006,45,15,0,False
2025-09-28,ST04,P006,33,15,0,False
2025-09-28,ST05,P006,61,15,0,False
2025-09-28,ST01,P007,51,8,0,False
2025-09-28,ST02,P007,21,8,0,False
2025-09-28,ST03,P007,32,8,0,False
2025-09-28,ST04,P007,68,8,0,False
2025-09-28,ST05,P007,31,8,0,False
2025-09-28,ST01,P008,30,8,0,False
2025-09-28,ST02,P008,18,8,0,False
2025-09-28,ST03,P008,34,8,0,False
2025-09-28,ST04,P008,13,8,0,False
2025-09-28,ST05,P008,18,8,0,False
2025-09-28,ST01,P009,17,14,0,False
2025-09-28,ST02,P009,26,14,0,False
2025-09-28,ST03,P009,43,14,0,False
2025-09-28,ST04,P009,40,14,0,False
2025-09-28,ST05,P009,20,14,0,False
2025-09-28,ST01,P010,29,7,0,False
2025-09-28,ST02,P010,33,7,2,True
2025-09-28,ST03,P010,37,7,0,False
2025-09-28,ST04,P010,26,7,0,False
2025-09-28,ST05,P010,14,7,0,False
2025-09-28,ST01,P011,31,13,0,False
2025-09-28,ST02,P011,48,13,0,False
2025-09-28,ST03,P011,50,13,0,False
2025-09-28,ST04,P011,12,13,0,False
2025-09-28,ST05,P011,49,13,0,False
2025-09-28,ST01,P012,3,7,0,False
2025-09-28,ST02,P012,11,7,0,False
2025-09-28,ST03,P012,7,7,0,False
2025-09-28,ST04,P012,8,7,0,False
2025-09-28,ST05,P012,0,7,1,True
2025-09-28,ST01,P013,14,7,0,False
2025-09-28,ST02,P013,33,7,0,False
2025-09-28,ST03,P013,26,7,0,False
2025-09-28,ST04,P013,18,7,0,False
2025-09-28,ST05,P013,37,7,0,False
2025-09-28,ST01,P014,34,13,4,True
2025-09-28,ST02,P014,10,13,0,False
2025-09-28,ST03,P014,20,13,0,False
2025-09-28,ST04,P014,4,13,0,False
2025-09-28,ST05,P014,0,13,0,False
2025-09-28,ST01,P015,21,7,0,False
2025-09-28,ST02,P015,36,7,0,False
2025-09-28,ST03,P015,38,7,0,False
2025-09-28,ST04,P015,31,7,0,False
2025-09-28,ST05,P015,0,7,1,True
2025-09-28,ST01,P016,37,14,0,False
2025-09-28,ST02,P016,0,14,4,True
2025-09-28,ST03,P016,1,14,0,False
2025-09-28,ST04,P016,3,14,0,False
2025-09-28,ST05,P016,39,14,0,False
2025-09-28,ST01,P017,19,13,1,True
2025-09-28,ST02,P017,10,13,1,True
2025-09-28,ST03,P017,12,13,0,False
2025-09-28,ST04,P017,15,13,0,False
2025-09-28,ST05,P017,18,13,0,False
2025-09-28,ST01,P018,12,8,0,False
2025-09-28,ST02,P018,23,8,0,False
2025-09-28,ST03,P018,28,8,0,False
2025-09-28,ST04,P018,24,8,0,False
2025-09-28,ST05,P018,19,8,0,False
2025-09-28,ST01,P019,49,15,0,False
2025-09-28,ST02,P019,30,15,0,False
2025-09-28,ST03,P019,20,15,0,False
2025-09-28,ST04,P019,38,15,0,False
2025-09-28,ST05,P019,18,15,0,False
2025-09-28,ST01,P020,31,13,0,False
2025-09-28,ST02,P020,43,13,0,False
2025-09-28,ST03,P020,40,13,0,False
2025-09-28,ST04,P020,35,13,0,False
2025-09-28,ST05,P020,36,13,0,False
2025-09-28,ST01,P021,34,13,0,False
2025-09-28,ST02,P021,61,13,0,False
2025-09-28,ST03,P021,12,13,0,False
2025-09-28,ST04,P021,35,13,0,False
2025-09-28,ST05,P021,25,13,0,False
2025-09-28,ST01,P022,4,8,0,False
2025-09-28,ST02,P022,4,8,0,False
2025-09-28,ST03,P022,9,8,0,False
2025-09-28,ST04,P022,16,8,0,False
2025-09-28,ST05,P022,10,8,0,False
2025-09-28,ST01,P023,0,6,2,True
2025-09-28,ST02,P023,2,6,0,False
2025-09-28,ST03,P023,24,6,0,False
2025-09-28,ST04,P023,16,6,0,False
2025-09-28,ST05,P023,12,6,0,False
2025-09-28,ST01,P024,29,16,1,True
2025-09-28,ST02,P024,33,16,0,False
2025-09-28,ST03,P024,8,16,0,False
2025-09-28,ST04,P024,16,16,0,False
2025-09-28,ST05,P024,32,16,0,False
2025-09-28,ST01,P025,39,12,0,False
2025-09-28,ST02,P025,38,12,0,False
2025-09-28,ST03,P025,31,12,0,False
2025-09-28,ST04,P025,12,12,0,False
2025-09-28,ST05,P025,58,12,0,False
2025-09-28,ST01,P026,11,16,0,False
2025-09-28,ST02,P026,0,16,1,True
2025-09-28,ST03,P026,48,16,0,False
2025-09-28,ST04,P026,40,16,0,False
2025-09-28,ST05,P026,26,16,0,False
2025-09-28,ST01,P027,4,8,0,False
2025-09-28,ST02,P027,38,8,0,False
2025-09-28,ST03,P027,16,8,0,False
2025-09-28,ST04,P027,44,8,0,False
2025-09-28,ST05,P027,0,8,5,True
2025-09-28,ST01,P028,5,14,0,False
2025-09-28,ST02,P028,0,14,1,True
2025-09-28,ST03,P028,0,14,2,True
2025-09-28,ST04,P028,8,14,0,False
2025-09-28,ST05,P028,0,14,1,True
2025-09-28,ST01,P029,31,16,0,False
2025-09-28,ST02,P029,25,16,0,False
2025-09-28,ST03,P029,23,16,0,False
2025-09-28,ST04,P029,59,16,0,False
2025-09-28,ST05,P029,54,16,0,False
2025-09-28,ST01,P030,44,14,0,False
2025-09-28,ST02,P030,38,14,0,False
2025-09-28,ST03,P030,29,14,0,False
2025-09-28,ST04,P030,40,14,0,False
2025-09-28,ST05,P030,35,14,0,False
2025-09-28,ST01,P031,35,12,0,False
2025-09-28,ST02,P031,17,12,0,False
2025-09-28,ST03,P031,29,12,0,False
2025-09-28,ST04,P031,36,12,0,False
2025-09-28,ST05,P031,36,12,0,False
2025-09-28,ST01,P032,69,8,0,False
2025-09-28,ST02,P032,64,8,0,False
2025-09-28,ST03,P032,48,8,0,False
2025-09-28,ST04,P032,63,8,0,False
2025-09-28,ST05,P032,57,8,0,False
2025-09-28,ST01,P033,19,13,0,False
2025-09-28,ST02,P033,57,13,0,False
2025-09-28,ST03,P033,66,13,0,False
2025-09-28,ST04,P033,20,13,0,False
2025-09-28,ST05,P033,16,13,0,False
2025-09-28,ST01,P034,9,9,0,False
2025-09-28,ST02,P034,4,9,0,False
2025-09-28,ST03,P034,42,9,0,False
2025-09-28,ST04,P034,1,9,0,False
2025-09-28,ST05,P034,19,9,0,False
2025-09-28,ST01,P035,40,13,2,True
2025-09-28,ST02,P035,35,13,0,False
2025-09-28,ST03,P035,37,13,0,False
2025-09-28,ST04,P035,9,13,0,False
2025-09-28,ST05,P035,17,13,0,False
2025-09-28,ST01,P036,27,11,0,False
2025-09-28,ST02,P036,21,11,0,False
2025-09-28,ST03,P036,40,11,0,False
2025-09-28,ST04,P036,26,11,0,False
2025-09-28,ST05,P036,28,11,0,False
2025-09-28,ST01,P037,12,7,0,False
2025-09-28,ST02,P037,39,7,0,False
2025-09-28,ST03,P037,20,7,0,False
2025-09-28,ST04,P037,21,7,0,False
2025-09-28,ST05,P037,50,7,0,False
2025-09-28,ST01,P038,16,9,0,False
2025-09-28,ST02,P038,9,9,0,False
2025-09-28,ST03,P038,10,9,0,False
2025-09-28,ST04,P038,18,9,0,False
2025-09-28,ST05,P038,43,9,0,False
2025-09-28,ST01,P039,29,10,0,False
2025-09-28,ST02,P039,35,10,0,False
2025-09-28,ST03,P039,58,10,0,False
2025-09-28,ST04,P039,67,10,0,False
2025-09-28,ST05,P039,31,10,0,False
2025-09-28,ST01,P040,31,14,0,False
2025-09-28,ST02,P040,11,14,0,False
2025-09-28,ST03,P040,19,14,0,False
2025-09-28,ST04,P040,31,14,0,False
2025-09-28,ST05,P040,14,14,0,False
2025-10-05,ST01,P001,25,16,0,False
2025-10-05,ST02,P001,18,16,0,False
2025-10-05,ST03,P001,29,16,0,False
2025-10-05,ST04,P001,34,16,0,False
2025-10-05,ST05,P001,18,16,0,False
2025-10-05,ST01,P002,38,12,0,False
2025-10-05,ST02,P002,12,12,0,False
2025-10-05,ST03,P002,15,12,0,False
2025-10-05,ST04,P002,9,12,0,False
2025-10-05,ST05,P002,25,12,0,False
2025-10-05,ST01,P003,4,13,0,False
2025-10-05,ST02,P003,5,13,0,False
2025-10-05,ST03,P003,20,13,0,False
2025-10-05,ST04,P003,19,13,0,False
2025-10-05,ST05,P003,14,13,0,False
2025-10-05,ST01,P004,0,11,2,True
2025-10-05,ST02,P004,5,11,0,False
2025-10-05,ST03,P004,5,11,0,False
2025-10-05,ST04,P004,13,11,0,False
2025-10-05,ST05,P004,14,11,0,False
2025-10-05,ST01,P005,52,11,0,False
2025-10-05,ST02,P005,67,11,0,False
2025-10-05,ST03,P005,20,11,0,False
2025-10-05,ST04,P005,23,11,0,False
2025-10-05,ST05,P005,41,11,0,False
2025-10-05,ST01,P006,37,15,0,False
2025-10-05,ST02,P006,63,15,0,False
2025-10-05,ST03,P006,42,15,0,False
2025-10-05,ST04,P006,28,15,0,False
2025-10-05,ST05,P006,58,15,0,False
2025-10-05,ST01,P007,42,8,0,False
2025-10-05,ST02,P007,6,8,0,False
2025-10-05,ST03,P007,23,8,0,False
2025-10-05,ST04,P007,62,8,0,False
2025-10-05,ST05,P007,21,8,0,False
2025-10-05,ST01,P008,23,8,0,False
2025-10-05,ST02,P008,16,8,0,False
2025-10-05,ST03,P008,32,8,0,False
2025-10-05,ST04,P008,10,8,0,False
2025-10-05,ST05,P008,13,8,0,False
2025-10-05,ST01,P009,14,14,0,False
2025-10-05,ST02,P009,23,14,0,False
2025-10-05,ST03,P009,39,14,0,False
2025-10-05,ST04,P009,39,14,0,False
2025-10-05,ST05,P009,18,14,0,False
2025-10-05,ST01,P010,23,7,0,False
2025-10-05,ST02,P010,28,7,0,False
2025-10-05,ST03,P010,35,7,0,False
2025-10-05,ST04,P010,24,7,0,False
2025-10-05,ST05,P010,6,7,0,False
2025-10-05,ST01,P011,18,13,0,False
2025-10-05,ST02,P011,40,13,0,False
2025-10-05,ST03,P011,46,13,0,False
2025-10-05,ST04,P011,68,13,0,False
2025-10-05,ST05,P011,43,13,0,False
2025-10-05,ST01,P012,13,7,0,False
2025-10-05,ST02,P012,2,7,0,False
2025-10-05,ST03,P012,30,7,0,False
2025-10-05,ST04,P012,32,7,0,False
2025-10-05,ST05,P012,25,7,0,False
2025-10-05,ST01,P013,13,7,0,False
2025-10-05,ST02,P013,33,7,0,False
2025-10-05,ST03,P013,24,7,0,False
2025-10-05,ST04,P013,17,7,0,False
2025-10-05,ST05,P013,36,7,0,False
2025-10-05,ST01,P014,19,13,0,False
2025-10-05,ST02,P014,34,13,0,False
2025-10-05,ST03,P014,9,13,0,False
2025-10-05,ST04,P014,27,13,0,False
2025-10-05,ST05,P014,0,13,4,True
2025-10-05,ST01,P015,16,7,0,False
2025-10-05,ST02,P015,34,7,0,False
2025-10-05,ST03,P015,34,7,0,False
2025-10-05,ST04,P015,27,7,0,False
2025-10-05,ST05,P015,38,7,0,False
2025-10-05,ST01,P016,20,14,0,False
2025-10-05,ST02,P016,0,14,3,True
2025-10-05,ST03,P016,44,14,2,True
2025-10-05,ST04,P016,53,14,0,False
2025-10-05,ST05,P016,22,14,0,False
2025-10-05,ST01,P017,2,13,0,False
2025-10-05,ST02,P017,0,13,2,True
2025-10-05,ST03,P017,0,13,1,True
2025-10-05,ST04,P017,0,13,1,True
2025-10-05,ST05,P017,5,13,0,False
2025-10-05,ST01,P018,11,8,0,False
2025-10-05,ST02,P018,22,8,0,False
2025-10-05,ST03,P018,25,8,0,False
2025-10-05,ST04,P018,22,8,0,False
2025-10-05,ST05,P018,14,8,0,False
2025-10-05,ST01,P019,48,15,0,False
2025-10-05,ST02,P019,27,15,0,False
2025-10-05,ST03,P019,20,15,0,False
2025-10-05,ST04,P019,38,15,0,False
2025-10-05,ST05,P019,17,15,0,False
2025-10-05,ST01,P020,22,13,0,False
2025-10-05,ST02,P020,32,13,0,False
2025-10-05,ST03,P020,34,13,0,False
2025-10-05,ST04,P020,32,13,0,False
2025-10-05,ST05,P020,31,13,0,False
2025-10-05,ST01,P021,28,13,0,False
2025-10-05,ST02,P021,57,13,0,False
2025-10-05,ST03,P021,73,13,0,False
2025-10-05,ST04,P021,34,13,0,False
2025-10-05,ST05,P021,18,13,0,False
2025-10-05,ST01,P022,22,8,0,False
2025-10-05,ST02,P022,0,8,2,True
2025-10-05,ST03,P022,2,8,0,False
2025-10-05,ST04,P022,3,8,0,False
2025-10-05,ST05,P022,6,8,0,False
2025-10-05,ST01,P023,25,6,2,True
2025-10-05,ST02,P023,22,6,1,True
2025-10-05,ST03,P023,16,6,0,False
2025-10-05,ST04,P023,11,6,0,False
2025-10-05,ST05,P023,7,6,0,False
2025-10-05,ST01,P024,7,16,0,False
2025-10-05,ST02,P024,7,16,0,False
2025-10-05,ST03,P024,25,16,0,False
2025-10-05,ST04,P024,41,16,0,False
2025-10-05,ST05,P024,10,16,0,False
2025-10-05,ST01,P025,27,12,0,False
2025-10-05,ST02,P025,31,12,0,False
2025-10-05,ST03,P025,28,12,0,False
2025-10-05,ST04,P025,8,12,0,False
2025-10-05,ST05,P025,48,12,0,False
2025-10-05,ST01,P026,50,16,0,False
2025-10-05,ST02,P026,51,16,0,False
2025-10-05,ST03,P026,41,16,0,False
2025-10-05,ST04,P026,38,16,0,False
2025-10-05,ST05,P026,19,16,0,False
2025-10-05,ST01,P027,0,8,1,True
2025-10-05,ST02,P027,29,8,0,False
2025-10-05,ST03,P027,11,8,0,False
2025-10-05,ST04,P027,39,8,0,False
2025-10-05,ST05,P027,25,8,0,False
2025-10-05,ST01,P028,0,14,5,True
2025-10-05,ST02,P028,24,14,5,True
2025-10-05,ST03,P028,23,14,1,True
2025-10-05,ST04,P028,20,14,0,False
2025-10-05,ST05,P028,21,14,2,True
2025-10-05,ST01,P029,30,16,0,False
2025-10-05,ST02,P029,24,16,0,False
2025-10-05,ST03,P029,21,16,0,False
2025-10-05,ST04,P029,59,16,0,False
2025-10-05,ST05,P029,54,16,0,False
2025-10-05,ST01,P030,40,14,0,False
2025-10-05,ST02,P030,35,14,0,False
2025-10-05,ST03,P030,25,14,0,False
2025-10-05,ST04,P030,34,14,0,False
2025-10-05,ST05,P030,30,14,0,False
2025-10-05,ST01,P031,35,12,0,False
2025-10-05,ST02,P031,16,12,0,False
2025-10-05,ST03,P031,28,12,0,False
2025-10-05,ST04,P031,36,12,0,False
2025-10-05,ST05,P031,33,12,0,False
2025-10-05,ST01,P032,66,8,0,False
2025-10-05,ST02,P032,64,8,0,False
2025-10-05,ST03,P032,47,8,0,False
2025-10-05,ST04,P032,63,8,0,False
2025-10-05,ST05,P032,57,8,0,False
2025-10-05,ST01,P033,14,13,0,False
2025-10-05,ST02,P033,56,13,0,False
2025-10-05,ST03,P033,61,13,0,False
2025-10-05,ST04,P033,17,13,0,False
2025-10-05,ST05,P033,12,13,0,False
2025-10-05,ST01,P034,37,9,0,False
2025-10-05,ST02,P034,34,9,0,False
2025-10-05,ST03,P034,35,9,0,False
2025-10-05,ST04,P034,35,9,0,False
2025-10-05,ST05,P034,14,9,0,False
2025-10-05,ST01,P035,29,13,0,False
2025-10-05,ST02,P035,28,13,0,False
2025-10-05,ST03,P035,31,13,0,False
2025-10-05,ST04,P035,45,13,0,False
2025-10-05,ST05,P035,9,13,0,False
2025-10-05,ST01,P036,24,11,0,False
2025-10-05,ST02,P036,17,11,0,False
2025-10-05,ST03,P036,37,11,0,False
2025-10-05,ST04,P036,23,11,0,False
2025-10-05,ST05,P036,20,11,0,False
2025-10-05,ST01,P037,11,7,0,False
2025-10-05,ST02,P037,35,7,0,False
2025-10-05,ST03,P037,20,7,0,False
2025-10-05,ST04,P037,20,7,0,False
2025-10-05,ST05,P037,48,7,0,False
2025-10-05,ST01,P038,14,9,0,False
2025-10-05,ST02,P038,41,9,0,False
2025-10-05,ST03,P038,9,9,0,False
2025-10-05,ST04,P038,18,9,0,False
2025-10-05,ST05,P038,42,9,0,False
2025-10-05,ST01,P039,26,10,0,False
2025-10-05,ST02,P039,33,10,0,False
2025-10-05,ST03,P039,57,10,0,False
2025-10-05,ST04,P039,65,10,0,False
2025-10-05,ST05,P039,31,10,0,False
2025-10-05,ST01,P040,30,14,0,False
2025-10-05,ST02,P040,10,14,0,False
2025-10-05,ST03,P040,17,14,0,False
2025-10-05,ST04,P040,29,14,0,False
2025-10-05,ST05,P040,10,14,0,False
2025-10-12,ST01,P001,22,16,0,False
2025-10-12,ST02,P001,13,16,0,False
2025-10-12,ST03,P001,29,16,0,False
2025-10-12,ST04,P001,32,16,0,False
2025-10-12,ST05,P001,14,16,0,False
2025-10-12,ST01,P002,25,12,0,False
2025-10-12,ST02,P002,35,12,0,False
2025-10-12,ST03,P002,6,12,0,False
2025-10-12,ST04,P002,39,12,0,False
2025-10-12,ST05,P002,17,12,0,False
2025-10-12,ST01,P003,27,13,0,False
2025-10-12,ST02,P003,0,13,1,True
2025-10-12,ST03,P003,18,13,0,False
2025-10-12,ST04,P003,18,13,0,False
2025-10-12,ST05,P003,12,13,0,False
2025-10-12,ST01,P004,12,11,1,True
2025-10-12,ST02,P004,0,11,3,True
2025-10-12,ST03,P004,0,11,5,True
2025-10-12,ST04,P004,6,11,0,False
2025-10-12,ST05,P004,7,11,0,False
2025-10-12,ST01,P005,40,11,0,False
2025-10-12,ST02,P005,56,11,0,False
2025-10-12,ST03,P005,16,11,0,False
2025-10-12,ST04,P005,19,11,0,False
2025-10-12,ST05,P005,34,11,0,False
2025-10-12,ST01,P006,34,15,0,False
2025-10-12,ST02,P006,57,15,0,False
2025-10-12,ST03,P006,41,15,0,False
2025-10-12,ST04,P006,27,15,0,False
2025-10-12,ST05,P006,55,15,0,False
2025-10-12,ST01,P007,29,8,0,False
2025-10-12,ST02,P007,2,8,0,False
2025-10-12,ST03,P007,22,8,0,False
2025-10-12,ST04,P007,58,8,0,False
2025-10-12,ST05,P007,12,8,0,False
2025-10-12,ST01,P008,17,8,0,False
2025-10-12,ST02,P008,11,8,0,False
2025-10-12,ST03,P008,28,8,0,False
2025-10-12,ST04,P008,9,8,0,False
2025-10-12,ST05,P008,10,8,0,False
2025-10-12,ST01,P009,48,14,0,False
2025-10-12,ST02,P009,17,14,0,False
2025-10-12,ST03,P009,34,14,0,False
2025-10-12,ST04,P009,37,14,0,False
2025-10-12,ST05,P009,14,14,0,False
2025-10-12,ST01,P010,19,7,0,False
2025-10-12,ST02,P010,21,7,0,False
2025-10-12,ST03,P010,27,7,0,False
2025-10-12,ST04,P010,23,7,0,False
2025-10-12,ST05,P010,2,7,0,False
2025-10-12,ST01,P011,3,13,0,False
2025-10-12,ST02,P011,36,13,0,False
2025-10-12,ST03,P011,32,13,0,False
2025-10-12,ST04,P011,61,13,0,False
2025-10-12,ST05,P011,36,13,0,False
2025-10-12,ST01,P012,2,7,0,False
2025-10-12,ST02,P012,17,7,0,False
2025-10-12,ST03,P012,17,7,0,False
2025-10-12,ST04,P012,23,7,0,False
2025-10-12,ST05,P012,5,7,0,False
2025-10-12,ST01,P013,10,7,0,False
2025-10-12,ST02,P013,33,7,0,False
2025-10-12,ST03,P013,23,7,0,False
2025-10-12,ST04,P013,15,7,0,False
2025-10-12,ST05,P013,35,7,0,False
2025-10-12,ST01,P014,0,13,1,True
2025-10-12,ST02,P014,30,13,0,False
2025-10-12,ST03,P014,39,13,0,False
2025-10-12,ST04,P014,20,13,0,False
2025-10-12,ST05,P014,24,13,0,False
2025-10-12,ST01,P015,14,7,0,False
2025-10-12,ST02,P015,29,7,0,False
2025-10-12,ST03,P015,29,7,0,False
2025-10-12,ST04,P015,22,7,0,False
2025-10-12,ST05,P015,37,7,0,False
2025-10-12,ST01,P016,8,14,0,False
2025-10-12,ST02,P016,43,14,2,True
2025-10-12,ST03,P016,39,14,0,False
2025-10-12,ST04,P016,48,14,0,False
2025-10-12,ST05,P016,4,14,0,False
2025-10-12,ST01,P017,0,13,4,True
2025-10-12,ST02,P017,24,13,5,True
2025-10-12,ST03,P017,13,13,2,True
2025-10-12,ST04,P017,0,13,3,True
2025-10-12,ST05,P017,0,13,6,True
2025-10-12,ST01,P018,10,8,0,False
2025-10-12,ST02,P018,20,8,0,False
2025-10-12,ST03,P018,24,8,0,False
2025-10-12,ST04,P018,19,8,0,False
2025-10-12,ST05,P018,13,8,0,False
2025-10-12,ST01,P019,45,15,0,False
2025-10-12,ST02,P019,24,15,0,False
2025-10-12,ST03,P019,16,15,0,False
2025-10-12,ST04,P019,37,15,0,False
2025-10-12,ST05,P019,75,15,0,False
2025-10-12,ST01,P020,8,13,0,False
2025-10-12,ST02,P020,22,13,0,False
2025-10-12,ST03,P020,28,13,0,False
2025-10-12,ST04,P020,29,13,0,False
2025-10-12,ST05,P020,29,13,0,False
2025-10-12,ST01,P021,23,13,0,False
2025-10-12,ST02,P021,50,13,0,False
2025-10-12,ST03,P021,70,13,0,False
2025-10-12,ST04,P021,31,13,0,False
2025-10-12,ST05,P021,13,13,0,False
2025-10-12,ST01,P022,12,8,0,False
2025-10-12,ST02,P022,21,8,3,True
2025-10-12,ST03,P022,15,8,1,True
2025-10-12,ST04,P022,21,8,2,True
2025-10-12,ST05,P022,0,8,5,True
2025-10-12,ST01,P023,12,6,0,False
2025-10-12,ST02,P023,12,6,0,False
2025-10-12,ST03,P023,5,6,0,False
2025-10-12,ST04,P023,1,6,0,False
2025-10-12,ST05,P023,26,6,1,True
2025-10-12,ST01,P024,13,16,1,True
2025-10-12,ST02,P024,25,16,0,False
2025-10-12,ST03,P024,32,16,0,False
2025-10-12,ST04,P024,26,16,0,False
2025-10-12,ST05,P024,0,16,5,True
2025-10-12,ST01,P025,22,12,0,False
2025-10-12,ST02,P025,28,12,0,False
2025-10-12,ST03,P025,19,12,0,False
2025-10-12,ST04,P025,58,12,0,False
2025-10-12,ST05,P025,45,12,0,False
2025-10-12,ST01,P026,46,16,0,False
2025-10-12,ST02,P026,44,16,0,False
2025-10-12,ST03,P026,34,16,0,False
2025-10-12,ST04,P026,37,16,0,False
2025-10-12,ST05,P026,11,16,0,False
2025-10-12,ST01,P027,36,8,0,False
2025-10-12,ST02,P027,22,8,0,False
2025-10-12,ST03,P027,8,8,0,False
2025-10-12,ST04,P027,33,8,0,False
2025-10-12,ST05,P027,6,8,0,False
2025-10-12,ST01,P028,7,14,0,False
2025-10-12,ST02,P028,6,14,0,False
2025-10-12,ST03,P028,8,14,0,False
2025-10-12,ST04,P028,11,14,0,False
2025-10-12,ST05,P028,7,14,0,False
2025-10-12,ST01,P029,29,16,0,False
2025-10-12,ST02,P029,22,16,0,False
2025-10-12,ST03,P029,21,16,0,False
2025-10-12,ST04,P029,59,16,0,False
2025-10-12,ST05,P029,48,16,0,False
2025-10-12,ST01,P030,31,14,0,False
2025-10-12,ST02,P030,31,14,0,False
2025-10-12,ST03,P030,19,14,0,False
2025-10-12,ST04,P030,32,14,0,False
2025-10-12,ST05,P030,29,14,0,False
2025-10-12,ST01,P031,34,12,0,False
2025-10-12,ST02,P031,15,12,0,False
2025-10-12,ST03,P031,28,12,0,False
2025-10-12,ST04,P031,36,12,0,False
2025-10-12,ST05,P031,30,12,0,False
2025-10-12,ST01,P032,65,8,0,False
2025-10-12,ST02,P032,63,8,0,False
2025-10-12,ST03,P032,46,8,0,False
2025-10-12,ST04,P032,63,8,0,False
2025-10-12,ST05,P032,57,8,0,False
2025-10-12,ST01,P033,4,13,0,False
2025-10-12,ST02,P033,46,13,0,False
2025-10-12,ST03,P033,60,13,0,False
2025-10-12,ST04,P033,14,13,0,False
2025-10-12,ST05,P033,65,13,0,False
2025-10-12,ST01,P034,30,9,0,False
2025-10-12,ST02,P034,27,9,0,False
2025-10-12,ST03,P034,32,9,0,False
2025-10-12,ST04,P034,28,9,0,False
2025-10-12,ST05,P034,9,9,0,False
2025-10-12,ST01,P035,23,13,0,False
2025-10-12,ST02,P035,22,13,0,False
2025-10-12,ST03,P035,27,13,0,False
2025-10-12,ST04,P035,39,13,0,False
2025-10-12,ST05,P035,27,13,0,False
2025-10-12,ST01,P036,21,11,0,False
2025-10-12,ST02,P036,14,11,0,False
2025-10-12,ST03,P036,32,11,0,False
2025-10-12,ST04,P036,22,11,0,False
2025-10-12,ST05,P036,16,11,0,False
2025-10-12,ST01,P037,5,7,0,False
2025-10-12,ST02,P037,32,7,0,False
2025-10-12,ST03,P037,17,7,0,False
2025-10-12,ST04,P037,20,7,0,False
2025-10-12,ST05,P037,43,7,0,False
2025-10-12,ST01,P038,12,9,0,False
2025-10-12,ST02,P038,41,9,0,False
2025-10-12,ST03,P038,42,9,0,False
2025-10-12,ST04,P038,16,9,0,False
2025-10-12,ST05,P038,40,9,0,False
2025-10-12,ST01,P039,23,10,0,False
2025-10-12,ST02,P039,33,10,0,False
2025-10-12,ST03,P039,56,10,0,False
2025-10-12,ST04,P039,65,10,0,False
2025-10-12,ST05,P039,29,10,0,False
2025-10-12,ST01,P040,24,14,0,False
2025-10-12,ST02,P040,37,14,0,False
2025-10-12,ST03,P040,15,14,0,False
2025-10-12,ST04,P040,26,14,0,False
2025-10-12,ST05,P040,38,14,0,False
2025-10-19,ST01,P001,20,16,0,False
2025-10-19,ST02,P001,8,16,0,False
2025-10-19,ST03,P001,26,16,0,False
2025-10-19,ST04,P001,31,16,0,False
2025-10-19,ST05,P001,7,16,0,False
2025-10-19,ST01,P002,16,12,0,False
2025-10-19,ST02,P002,27,12,0,False
2025-10-19,ST03,P002,35,12,0,False
2025-10-19,ST04,P002,34,12,0,False
2025-10-19,ST05,P002,10,12,0,False
2025-10-19,ST01,P003,21,13,0,False
2025-10-19,ST02,P003,23,13,0,False
2025-10-19,ST03,P003,11,13,0,False
2025-10-19,ST04,P003,18,13,0,False
2025-10-19,ST05,P003,9,13,0,False
2025-10-19,ST01,P004,0,11,1,True
2025-10-19,ST02,P004,9,11,0,False
2025-10-19,ST03,P004,22,11,1,True
2025-10-19,ST04,P004,26,11,1,True
2025-10-19,ST05,P004,18,11,2,True
2025-10-19,ST01,P005,26,11,0,False
2025-10-19,ST02,P005,51,11,0,False
2025-10-19,ST03,P005,72,11,0,False
2025-10-19,ST04,P005,14,11,0,False
2025-10-19,ST05,P005,26,11,0,False
2025-10-19,ST01,P006,30,15,0,False
2025-10-19,ST02,P006,56,15,0,False
2025-10-19,ST03,P006,39,15,0,False
2025-10-19,ST04,P006,24,15,0,False
2025-10-19,ST05,P006,55,15,0,False
2025-10-19,ST01,P007,21,8,0,False
2025-10-19,ST02,P007,63,8,0,False
2025-10-19,ST03,P007,15,8,0,False
2025-10-19,ST04,P007,54,8,0,False
2025-10-19,ST05,P007,2,8,0,False
2025-10-19,ST01,P008,8,8,0,False
2025-10-19,ST02,P008,8,8,0,False
2025-10-19,ST03,P008,26,8,0,False
2025-10-19,ST04,P008,7,8,0,False
2025-10-19,ST05,P008,2,8,0,False
2025-10-19,ST01,P009,44,14,0,False
2025-10-19,ST02,P009,9,14,0,False
2025-10-19,ST03,P009,33,14,0,False
2025-10-19,ST04,P009,34,14,0,False
2025-10-19,ST05,P009,44,14,0,False
2025-10-19,ST01,P010,14,7,0,False
2025-10-19,ST02,P010,17,7,0,False
2025-10-19,ST03,P010,16,7,0,False
2025-10-19,ST04,P010,20,7,0,False
2025-10-19,ST05,P010,39,7,1,True
2025-10-19,ST01,P011,53,13,0,False
2025-10-19,ST02,P011,31,13,0,False
2025-10-19,ST03,P011,21,13,0,False
2025-10-19,ST04,P011,57,13,0,False
2025-10-19,ST05,P011,28,13,0,False
2025-10-19,ST01,P012,0,7,1,True
2025-10-19,ST02,P012,0,7,0,False
2025-10-19,ST03,P012,5,7,0,False
2025-10-19,ST04,P012,19,7,0,False
2025-10-19,ST05,P012,19,7,0,False
2025-10-19,ST01,P013,7,7,0,False
2025-10-19,ST02,P013,31,7,0,False
2025-10-19,ST03,P013,21,7,0,False
2025-10-19,ST04,P013,14,7,0,False
2025-10-19,ST05,P013,31,7,0,False
2025-10-19,ST01,P014,30,13,5,True
2025-10-19,ST02,P014,14,13,0,False
2025-10-19,ST03,P014,36,13,0,False
2025-10-19,ST04,P014,11,13,0,False
2025-10-19,ST05,P014,20,13,0,False
2025-10-19,ST01,P015,0,7,0,False
2025-10-19,ST02,P015,21,7,0,False
2025-10-19,ST03,P015,24,7,0,False
2025-10-19,ST04,P015,17,7,0,False
2025-10-19,ST05,P015,32,7,0,False
2025-10-19,ST01,P016,0,14,2,True
2025-10-19,ST02,P016,34,14,0,False
2025-10-19,ST03,P016,33,14,0,False
2025-10-19,ST04,P016,39,14,0,False
2025-10-19,ST05,P016,0,14,2,True
2025-10-19,ST01,P017,14,13,0,False
2025-10-19,ST02,P017,18,13,0,False
2025-10-19,ST03,P017,4,13,0,False
2025-10-19,ST04,P017,0,13,4,True
2025-10-19,ST05,P017,2,13,2,True
2025-10-19,ST01,P018,6,8,0,False
2025-10-19,ST02,P018,18,8,0,False
2025-10-19,ST03,P018,24,8,0,False
2025-10-19,ST04,P018,17,8,0,False
2025-10-19,ST05,P018,9,8,0,False
2025-10-19,ST01,P019,39,15,0,False
2025-10-19,ST02,P019,21,15,0,False
2025-10-19,ST03,P019,16,15,0,False
2025-10-19,ST04,P019,34,15,0,False
2025-10-19,ST05,P019,74,15,0,False
2025-10-19,ST01,P020,40,13,0,False
2025-10-19,ST02,P020,19,13,0,False
2025-10-19,ST03,P020,23,13,0,False
2025-10-19,ST04,P020,28,13,0,False
2025-10-19,ST05,P020,22,13,0,False
2025-10-19,ST01,P021,19,13,0,False
2025-10-19,ST02,P021,46,13,0,False
2025-10-19,ST03,P021,66,13,0,False
2025-10-19,ST04,P021,27,13,0,False
2025-10-19,ST05,P021,72,13,0,False
2025-10-19,ST01,P022,2,8,0,False
2025-10-19,ST02,P022,8,8,0,False
2025-10-19,ST03,P022,10,8,0,False
2025-10-19,ST04,P022,14,8,0,False
2025-10-19,ST05,P022,17,8,2,True
2025-10-19,ST01,P023,28,6,1,True
2025-10-19,ST02,P023,2,6,0,False
2025-10-19,ST03,P023,26,6,1,True
2025-10-19,ST04,P023,26,6,0,False
2025-10-19,ST05,P023,16,6,0,False
2025-10-19,ST01,P024,23,16,0,False
2025-10-19,ST02,P024,9,16,0,False
2025-10-19,ST03,P024,14,16,0,False
2025-10-19,ST04,P024,9,16,0,False
2025-10-19,ST05,P024,0,16,7,True
2025-10-19,ST01,P025,18,12,0,False
2025-10-19,ST02,P025,21,12,0,False
2025-10-19,ST03,P025,14,12,0,False
2025-10-19,ST04,P025,54,12,0,False
2025-10-19,ST05,P025,42,12,0,False
2025-10-19,ST01,P026,41,16,0,False
2025-10-19,ST02,P026,37,16,0,False
2025-10-19,ST03,P026,26,16,0,False
2025-10-19,ST04,P026,33,16,0,False
2025-10-19,ST05,P026,6,16,0,False
2025-10-19,ST01,P027,23,8,0,False
2025-10-19,ST02,P027,17,8,0,False
2025-10-19,ST03,P027,1,8,0,False
2025-10-19,ST04,P027,30,8,0,False
2025-10-19,ST05,P027,0,8,1,True
2025-10-19,ST01,P028,0,14,4,True
2025-10-19,ST02,P028,22,14,2,True
2025-10-19,ST03,P028,28,14,0,False
2025-10-19,ST04,P028,8,14,0,False
2025-10-19,ST05,P028,15,14,2,True
2025-10-19,ST01,P029,29,16,0,False
2025-10-19,ST02,P029,22,16,0,False
2025-10-19,ST03,P029,19,16,0,False
2025-10-19,ST04,P029,58,16,0,False
2025-10-19,ST05,P029,47,16,0,False
2025-10-19,ST01,P030,26,14,0,False
2025-10-19,ST02,P030,24,14,0,False
2025-10-19,ST03,P030,15,14,0,False
2025-10-19,ST04,P030,30,14,0,False
2025-10-19,ST05,P030,24,14,0,False
2025-10-19,ST01,P031,34,12,0,False
2025-10-19,ST02,P031,11,12,0,False
2025-10-19,ST03,P031,27,12,0,False
2025-10-19,ST04,P031,36,12,0,False
2025-10-19,ST05,P031,27,12,0,False
2025-10-19,ST01,P032,63,8,0,False
2025-10-19,ST02,P032,62,8,0,False
2025-10-19,ST03,P032,45,8,0,False
2025-10-19,ST04,P032,63,8,0,False
2025-10-19,ST05,P032,55,8,0,False
2025-10-19,ST01,P033,65,13,0,False
2025-10-19,ST02,P033,41,13,0,False
2025-10-19,ST03,P033,54,13,0,False
2025-10-19,ST04,P033,10,13,0,False
2025-10-19,ST05,P033,61,13,0,False
2025-10-19,ST01,P034,23,9,0,False
2025-10-19,ST02,P034,23,9,0,False
2025-10-19,ST03,P034,27,9,0,False
2025-10-19,ST04,P034,25,9,0,False
2025-10-19,ST05,P034,35,9,0,False
2025-10-19,ST01,P035,11,13,0,False
2025-10-19,ST02,P035,12,13,0,False
2025-10-19,ST03,P035,19,13,0,False
2025-10-19,ST04,P035,28,13,0,False
2025-10-19,ST05,P035,24,13,0,False
2025-10-19,ST01,P036,16,11,0,False
2025-10-19,ST02,P036,10,11,0,False
2025-10-19,ST03,P036,31,11,0,False
2025-10-19,ST04,P036,22,11,0,False
2025-10-19,ST05,P036,11,11,0,False
2025-10-19,ST01,P037,70,7,0,False
2025-10-19,ST02,P037,32,7,0,False
2025-10-19,ST03,P037,15,7,0,False
2025-10-19,ST04,P037,18,7,0,False
2025-10-19,ST05,P037,42,7,0,False
2025-10-19,ST01,P038,10,9,0,False
2025-10-19,ST02,P038,41,9,0,False
2025-10-19,ST03,P038,41,9,0,False
2025-10-19,ST04,P038,16,9,0,False
2025-10-19,ST05,P038,40,9,0,False
2025-10-19,ST01,P039,22,10,0,False
2025-10-19,ST02,P039,31,10,0,False
2025-10-19,ST03,P039,56,10,0,False
2025-10-19,ST04,P039,64,10,0,False
2025-10-19,ST05,P039,28,10,0,False
2025-10-19,ST01,P040,18,14,0,False
2025-10-19,ST02,P040,35,14,0,False
2025-10-19,ST03,P040,13,14,0,False
2025-10-19,ST04,P040,26,14,0,False
2025-10-19,ST05,P040,36,14,0,False
2025-10-26,ST01,P001,16,16,0,False
2025-10-26,ST02,P001,39,16,0,False
2025-10-26,ST03,P001,23,16,0,False
2025-10-26,ST04,P001,29,16,0,False
2025-10-26,ST05,P001,34,16,0,False
2025-10-26,ST01,P002,0,12,0,False
2025-10-26,ST02,P002,23,12,0,False
2025-10-26,ST03,P002,27,12,0,False
2025-10-26,ST04,P002,27,12,0,False
2025-10-26,ST05,P002,33,12,0,False
2025-10-26,ST01,P003,18,13,0,False
2025-10-26,ST02,P003,22,13,0,False
2025-10-26,ST03,P003,8,13,0,False
2025-10-26,ST04,P003,11,13,0,False
2025-10-26,ST05,P003,32,13,0,False
2025-10-26,ST01,P004,23,11,2,True
2025-10-26,ST02,P004,3,11,0,False
2025-10-26,ST03,P004,4,11,0,False
2025-10-26,ST04,P004,17,11,0,False
2025-10-26,ST05,P004,1,11,0,False
2025-10-26,ST01,P005,10,11,0,False
2025-10-26,ST02,P005,45,11,0,False
2025-10-26,ST03,P005,65,11,0,False
2025-10-26,ST04,P005,72,11,0,False
2025-10-26,ST05,P005,19,11,0,False
2025-10-26,ST01,P006,26,15,0,False
2025-10-26,ST02,P006,52,15,0,False
2025-10-26,ST03,P006,36,15,0,False
2025-10-26,ST04,P006,23,15,0,False
2025-10-26,ST05,P006,53,15,0,False
2025-10-26,ST01,P007,16,8,0,False
2025-10-26,ST02,P007,59,8,0,False
2025-10-26,ST03,P007,7,8,0,False
2025-10-26,ST04,P007,51,8,0,False
2025-10-26,ST05,P007,67,8,4,True
2025-10-26,ST01,P008,6,8,0,False
2025-10-26,ST02,P008,7,8,0,False
2025-10-26,ST03,P008,22,8,0,False
2025-10-26,ST04,P008,3,8,0,False
2025-10-26,ST05,P008,0,8,1,True
2025-10-26,ST01,P009,41,14,0,False
2025-10-26,ST02,P009,44,14,0,False
2025-10-26,ST03,P009,25,14,0,False
2025-10-26,ST04,P009,31,14,0,False
2025-10-26,ST05,P009,33,14,0,False
2025-10-26,ST01,P010,6,7,0,False
2025-10-26,ST02,P010,10,7,0,False
2025-10-26,ST03,P010,13,7,0,False
2025-10-26,ST04,P010,15,7,0,False
2025-10-26,ST05,P010,30,7,0,False
2025-10-26,ST01,P011,45,13,0,False
2025-10-26,ST02,P011,27,13,0,False
2025-10-26,ST03,P011,14,13,0,False
2025-10-26,ST04,P011,51,13,0,False
2025-10-26,ST05,P011,19,13,0,False
2025-10-26,ST01,P012,25,7,3,True
2025-10-26,ST02,P012,25,7,2,True
2025-10-26,ST03,P012,26,7,0,False
2025-10-26,ST04,P012,13,7,0,False
2025-10-26,ST05,P012,2,7,0,False
2025-10-26,ST01,P013,5,7,0,False
2025-10-26,ST02,P013,30,7,0,False
2025-10-26,ST03,P013,12,7,0,False
2025-10-26,ST04,P013,8,7,0,False
2025-10-26,ST05,P013,29,7,0,False
2025-10-26,ST01,P014,5,13,0,False
2025-10-26,ST02,P014,9,13,0,False
2025-10-26,ST03,P014,29,13,0,False
2025-10-26,ST04,P014,45,13,0,False
2025-10-26,ST05,P014,0,13,0,False
2025-10-26,ST01,P015,39,7,2,True
2025-10-26,ST02,P015,17,7,0,False
2025-10-26,ST03,P015,20,7,0,False
2025-10-26,ST04,P015,15,7,0,False
2025-10-26,ST05,P015,27,7,0,False
2025-10-26,ST01,P016,45,14,0,False
2025-10-26,ST02,P016,28,14,0,False
2025-10-26,ST03,P016,26,14,0,False
2025-10-26,ST04,P016,35,14,0,False
2025-10-26,ST05,P016,51,14,2,True
2025-10-26,ST01,P017,6,13,0,False
2025-10-26,ST02,P017,11,13,0,False
2025-10-26,ST03,P017,16,13,0,False
2025-10-26,ST04,P017,23,13,0,False
2025-10-26,ST05,P017,0,13,5,True
2025-10-26,ST01,P018,45,8,0,False
2025-10-26,ST02,P018,17,8,0,False
2025-10-26,ST03,P018,23,8,0,False
2025-10-26,ST04,P018,16,8,0,False
2025-10-26,ST05,P018,6,8,0,False
2025-10-26,ST01,P019,36,15,0,False
2025-10-26,ST02,P019,20,15,0,False
2025-10-26,ST03,P019,74,15,0,False
2025-10-26,ST04,P019,31,15,0,False
2025-10-26,ST05,P019,72,15,0,False
2025-10-26,ST01,P020,34,13,0,False
2025-10-26,ST02,P020,13,13,0,False
2025-10-26,ST03,P020,21,13,0,False
2025-10-26,ST04,P020,23,13,0,False
2025-10-26,ST05,P020,14,13,0,False
2025-10-26,ST01,P021,13,13,0,False
2025-10-26,ST02,P021,43,13,0,False
2025-10-26,ST03,P021,64,13,0,False
2025-10-26,ST04,P021,26,13,0,False
2025-10-26,ST05,P021,70,13,0,False
2025-10-26,ST01,P022,0,8,5,True
2025-10-26,ST02,P022,26,8,0,False
2025-10-26,ST03,P022,2,8,0,False
2025-10-26,ST04,P022,11,8,0,False
2025-10-26,ST05,P022,8,8,0,False
2025-10-26,ST01,P023,11,6,0,False
2025-10-26,ST02,P023,7,6,0,False
2025-10-26,ST03,P023,14,6,0,False
2025-10-26,ST04,P023,21,6,0,False
2025-10-26,ST05,P023,2,6,0,False
2025-10-26,ST01,P024,7,16,0,False
2025-10-26,ST02,P024,30,16,0,False
2025-10-26,ST03,P024,19,16,0,False
2025-10-26,ST04,P024,23,16,0,False
2025-10-26,ST05,P024,16,16,0,False
2025-10-26,ST01,P025,7,12,0,False
2025-10-26,ST02,P025,19,12,0,False
2025-10-26,ST03,P025,10,12,0,False
2025-10-26,ST04,P025,50,12,0,False
2025-10-26,ST05,P025,36,12,0,False
2025-10-26,ST01,P026,31,16,0,False
2025-10-26,ST02,P026,23,16,0,False
2025-10-26,ST03,P026,19,16,0,False
2025-10-26,ST04,P026,32,16,0,False
2025-10-26,ST05,P026,54,16,0,False
2025-10-26,ST01,P027,19,8,0,False
2025-10-26,ST02,P027,9,8,0,False
2025-10-26,ST03,P027,41,8,0,False
2025-10-26,ST04,P027,27,8,0,False
2025-10-26,ST05,P027,45,8,0,False
2025-10-26,ST01,P028,14,14,0,False
2025-10-26,ST02,P028,14,14,0,False
2025-10-26,ST03,P028,14,14,0,False
2025-10-26,ST04,P028,24,14,0,False
2025-10-26,ST05,P028,5,14,0,False
2025-10-26,ST01,P029,28,16,0,False
2025-10-26,ST02,P029,21,16,0,False
2025-10-26,ST03,P029,19,16,0,False
2025-10-26,ST04,P029,58,16,0,False
2025-10-26,ST05,P029,47,16,0,False
2025-10-26,ST01,P030,17,14,0,False
2025-10-26,ST02,P030,21,14,0,False
2025-10-26,ST03,P030,61,14,0,False
2025-10-26,ST04,P030,27,14,0,False
2025-10-26,ST05,P030,13,14,0,False
2025-10-26,ST01,P031,32,12,0,False
2025-10-26,ST02,P031,39,12,0,False
2025-10-26,ST03,P031,24,12,0,False
2025-10-26,ST04,P031,34,12,0,False
2025-10-26,ST05,P031,25,12,0,False
2025-10-26,ST01,P032,61,8,0,False
2025-10-26,ST02,P032,61,8,0,False
2025-10-26,ST03,P032,45,8,0,False
2025-10-26,ST04,P032,62,8,0,False
2025-10-26,ST05,P032,54,8,0,False
2025-10-26,ST01,P033,64,13,0,False
2025-10-26,ST02,P033,37,13,0,False
2025-10-26,ST03,P033,50,13,0,False
2025-10-26,ST04,P033,74,13,0,False
2025-10-26,ST05,P033,55,13,0,False
2025-10-26,ST01,P034,15,9,0,False
2025-10-26,ST02,P034,17,9,0,False
2025-10-26,ST03,P034,21,9,0,False
2025-10-26,ST04,P034,24,9,0,False
2025-10-26,ST05,P034,32,9,0,False
2025-10-26,ST01,P035,34,13,0,False
2025-10-26,ST02,P035,47,13,0,False
2025-10-26,ST03,P035,12,13,0,False
2025-10-26,ST04,P035,21,13,0,False
2025-10-26,ST05,P035,16,13,0,False
2025-10-26,ST01,P036,15,11,0,False
2025-10-26,ST02,P036,6,11,0,False
2025-10-26,ST03,P036,30,11,0,False
2025-10-26,ST04,P036,22,11,0,False
2025-10-26,ST05,P036,10,11,0,False
2025-10-26,ST01,P037,68,7,0,False
2025-10-26,ST02,P037,28,7,0,False
2025-10-26,ST03,P037,15,7,0,False
2025-10-26,ST04,P037,15,7,0,False
2025-10-26,ST05,P037,39,7,0,False
2025-10-26,ST01,P038,9,9,0,False
2025-10-26,ST02,P038,40,9,0,False
2025-10-26,ST03,P038,38,9,0,False
2025-10-26,ST04,P038,16,9,0,False
2025-10-26,ST05,P038,38,9,0,False
2025-10-26,ST01,P039,21,10,0,False
2025-10-26,ST02,P039,31,10,0,False
2025-10-26,ST03,P039,56,10,0,False
2025-10-26,ST04,P039,64,10,0,False
2025-10-26,ST05,P039,26,10,0,False
2025-10-26,ST01,P040,14,14,0,False
2025-10-26,ST02,P040,34,14,0,False
2025-10-26,ST03,P040,11,14,0,False
2025-10-26,ST04,P040,25,14,0,False
2025-10-26,ST05,P040,31,14,0,False
2025-11-02,ST01,P001,9,16,0,False
2025-11-02,ST02,P001,34,16,0,False
2025-11-02,ST03,P001,19,16,0,False
2025-11-02,ST04,P001,25,16,0,False
2025-11-02,ST05,P001,31,16,0,False
2025-11-02,ST01,P002,14,12,0,False
2025-11-02,ST02,P002,14,12,0,False
2025-11-02,ST03,P002,10,12,0,False
2025-11-02,ST04,P002,16,12,0,False
2025-11-02,ST05,P002,15,12,0,False
2025-11-02,ST01,P003,14,13,0,False
2025-11-02,ST02,P003,21,13,0,False
2025-11-02,ST03,P003,32,13,0,False
2025-11-02,ST04,P003,11,13,0,False
2025-11-02,ST05,P003,26,13,0,False
2025-11-02,ST01,P004,2,11,0,False
2025-11-02,ST02,P004,21,11,0,False
2025-11-02,ST03,P004,18,11,1,True
2025-11-02,ST04,P004,4,11,0,False
2025-11-02,ST05,P004,0,11,6,True
2025-11-02,ST01,P005,62,11,0,False
2025-11-02,ST02,P005,36,11,0,False
2025-11-02,ST03,P005,61,11,0,False
2025-11-02,ST04,P005,61,11,0,False
2025-11-02,ST05,P005,11,11,0,False
2025-11-02,ST01,P006,22,15,0,False
2025-11-02,ST02,P006,50,15,0,False
2025-11-02,ST03,P006,35,15,0,False
2025-11-02,ST04,P006,21,15,0,False
2025-11-02,ST05,P006,48,15,0,False
2025-11-02,ST01,P007,0,8,1,True
2025-11-02,ST02,P007,49,8,0,False
2025-11-02,ST03,P007,0,8,1,True
2025-11-02,ST04,P007,41,8,0,False
2025-11-02,ST05,P007,59,8,0,False
2025-11-02,ST01,P008,29,8,0,False
2025-11-02,ST02,P008,33,8,0,False
2025-11-02,ST03,P008,19,8,0,False
2025-11-02,ST04,P008,0,8,0,False
2025-11-02,ST05,P008,30,8,1,True
2025-11-02,ST01,P009,38,14,0,False
2025-11-02,ST02,P009,31,14,0,False
2025-11-02,ST03,P009,19,14,0,False
2025-11-02,ST04,P009,28,14,0,False
2025-11-02,ST05,P009,26,14,0,False
2025-11-02,ST01,P010,4,7,0,False
2025-11-02,ST02,P010,0,7,0,False
2025-11-02,ST03,P010,8,7,0,False
2025-11-02,ST04,P010,9,7,0,False
2025-11-02,ST05,P010,23,7,0,False
2025-11-02,ST01,P011,31,13,0,False
2025-11-02,ST02,P011,23,13,0,False
2025-11-02,ST03,P011,62,13,0,False
2025-11-02,ST04,P011,45,13,0,False
2025-11-02,ST05,P011,69,13,0,False
2025-11-02,ST01,P012,15,7,0,False
2025-11-02,ST02,P012,19,7,0,False
2025-11-02,ST03,P012,17,7,0,False
2025-11-02,ST04,P012,3,7,0,False
2025-11-02,ST05,P012,5,7,0,False
2025-11-02,ST01,P013,48,7,0,False
2025-11-02,ST02,P013,28,7,0,False
2025-11-02,ST03,P013,8,7,0,False
2025-11-02,ST04,P013,5,7,0,False
2025-11-02,ST05,P013,25,7,0,False
2025-11-02,ST01,P014,36,13,2,True
2025-11-02,ST02,P014,36,13,0,False
2025-11-02,ST03,P014,20,13,0,False
2025-11-02,ST04,P014,35,13,0,False
2025-11-02,ST05,P014,0,13,5,True
2025-11-02,ST01,P015,32,7,0,False
2025-11-02,ST02,P015,11,7,0,False
2025-11-02,ST03,P015,12,7,0,False
2025-11-02,ST04,P015,13,7,0,False
2025-11-02,ST05,P015,23,7,0,False
2025-11-02,ST01,P016,28,14,0,False
2025-11-02,ST02,P016,13,14,0,False
2025-11-02,ST03,P016,16,14,0,False
2025-11-02,ST04,P016,29,14,0,False
2025-11-02,ST05,P016,38,14,0,False
2025-11-02,ST01,P017,20,13,0,False
2025-11-02,ST02,P017,0,13,2,True
2025-11-02,ST03,P017,0,13,1,True
2025-11-02,ST04,P017,15,13,0,False
2025-11-02,ST05,P017,12,13,0,False
2025-11-02,ST01,P018,43,8,0,False
2025-11-02,ST02,P018,16,8,0,False
2025-11-02,ST03,P018,21,8,0,False
2025-11-02,ST04,P018,14,8,0,False
2025-11-02,ST05,P018,45,8,0,False
2025-11-02,ST01,P019,32,15,0,False
2025-11-02,ST02,P019,19,15,0,False
2025-11-02,ST03,P019,73,15,0,False
2025-11-02,ST04,P019,31,15,0,False
2025-11-02,ST05,P019,68,15,0,False
2025-11-02,ST01,P020,21,13,0,False
2025-11-02,ST02,P020,40,13,0,False
2025-11-02,ST03,P020,13,13,0,False
2025-11-02,ST04,P020,17,13,0,False
2025-11-02,ST05,P020,7,13,0,False
2025-11-02,ST01,P021,60,13,0,False
2025-11-02,ST02,P021,38,13,0,False
2025-11-02,ST03,P021,61,13,0,False
2025-11-02,ST04,P021,25,13,0,False
2025-11-02,ST05,P021,62,13,0,False
2025-11-02,ST01,P022,0,8,4,True
2025-11-02,ST02,P022,5,8,0,False
2025-11-02,ST03,P022,21,8,0,False
2025-11-02,ST04,P022,3,8,0,False
2025-11-02,ST05,P022,24,8,1,True
2025-11-02,ST01,P023,0,6,1,True
2025-11-02,ST02,P023,24,6,0,False
2025-11-02,ST03,P023,1,6,0,False
2025-11-02,ST04,P023,13,6,0,False
2025-11-02,ST05,P023,0,6,5,True
2025-11-02,ST01,P024,10,16,2,True
2025-11-02,ST02,P024,15,16,0,False
2025-11-02,ST03,P024,0,16,1,True
2025-11-02,ST04,P024,1,16,0,False
2025-11-02,ST05,P024,11,16,0,False
2025-11-02,ST01,P025,0,12,1,True
2025-11-02,ST02,P025,6,12,0,False
2025-11-02,ST03,P025,4,12,0,False
2025-11-02,ST04,P025,43,12,0,False
2025-11-02,ST05,P025,32,12,0,False
2025-11-02,ST01,P026,16,16,0,False
2025-11-02,ST02,P026,14,16,0,False
2025-11-02,ST03,P026,11,16,0,False
2025-11-02,ST04,P026,28,16,0,False
2025-11-02,ST05,P026,47,16,0,False
2025-11-02,ST01,P027,12,8,0,False
2025-11-02,ST02,P027,0,8,2,True
2025-11-02,ST03,P027,28,8,0,False
2025-11-02,ST04,P027,22,8,0,False
2025-11-02,ST05,P027,43,8,0,False
2025-11-02,ST01,P028,0,14,2,True
2025-11-02,ST02,P028,0,14,1,True
2025-11-02,ST03,P028,0,14,2,True
2025-11-02,ST04,P028,18,14,0,False
2025-11-02,ST05,P028,21,14,2,True
2025-11-02,ST01,P029,28,16,0,False
2025-11-02,ST02,P029,21,16,0,False
2025-11-02,ST03,P029,18,16,0,False
2025-11-02,ST04,P029,57,16,0,False
2025-11-02,ST05,P029,42,16,0,False
2025-11-02,ST01,P030,59,14,0,False
2025-11-02,ST02,P030,15,14,0,False
2025-11-02,ST03,P030,59,14,0,False
2025-11-02,ST04,P030,25,14,0,False
2025-11-02,ST05,P030,56,14,0,False
2025-11-02,ST01,P031,30,12,0,False
2025-11-02,ST02,P031,38,12,0,False
2025-11-02,ST03,P031,22,12,0,False
2025-11-02,ST04,P031,34,12,0,False
2025-11-02,ST05,P031,22,12,0,False
2025-11-02,ST01,P032,60,8,0,False
2025-11-02,ST02,P032,61,8,0,False
2025-11-02,ST03,P032,41,8,0,False
2025-11-02,ST04,P032,62,8,0,False
2025-11-02,ST05,P032,53,8,0,False
2025-11-02,ST01,P033,58,13,0,False
2025-11-02,ST02,P033,35,13,0,False
2025-11-02,ST03,P033,43,13,0,False
2025-11-02,ST04,P033,73,13,0,False
2025-11-02,ST05,P033,41,13,0,False
2025-11-02,ST01,P034,7,9,0,False
2025-11-02,ST02,P034,10,9,0,False
2025-11-02,ST03,P034,17,9,0,False
2025-11-02,ST04,P034,18,9,0,False
2025-11-02,ST05,P034,23,9,0,False
2025-11-02,ST01,P035,24,13,0,False
2025-11-02,ST02,P035,34,13,0,False
2025-11-02,ST03,P035,40,13,0,False
2025-11-02,ST04,P035,16,13,0,False
2025-11-02,ST05,P035,0,13,1,True
2025-11-02,ST01,P036,12,11,0,False
2025-11-02,ST02,P036,53,11,0,False
2025-11-02,ST03,P036,27,11,0,False
2025-11-02,ST04,P036,22,11,0,False
2025-11-02,ST05,P036,50,11,0,False
2025-11-02,ST01,P037,63,7,0,False
2025-11-02,ST02,P037,23,7,0,False
2025-11-02,ST03,P037,11,7,0,False
2025-11-02,ST04,P037,13,7,0,False
2025-11-02,ST05,P037,34,7,0,False
2025-11-02,ST01,P038,7,9,0,False
2025-11-02,ST02,P038,36,9,0,False
2025-11-02,ST03,P038,38,9,0,False
2025-11-02,ST04,P038,15,9,0,False
2025-11-02,ST05,P038,31,9,0,False
2025-11-02,ST01,P039,16,10,0,False
2025-11-02,ST02,P039,29,10,0,False
2025-11-02,ST03,P039,55,10,0,False
2025-11-02,ST04,P039,64,10,0,False
2025-11-02,ST05,P039,23,10,0,False
2025-11-02,ST01,P040,9,14,0,False
2025-11-02,ST02,P040,32,14,0,False
2025-11-02,ST03,P040,35,14,0,False
2025-11-02,ST04,P040,24,14,0,False
2025-11-02,ST05,P040,31,14,0,False
2025-11-09,ST01,P001,31,16,2,True
2025-11-09,ST02,P001,29,16,0,False
2025-11-09,ST03,P001,15,16,0,False
2025-11-09,ST04,P001,17,16,0,False
2025-11-09,ST05,P001,25,16,0,False
2025-11-09,ST01,P002,0,12,2,True
2025-11-09,ST02,P002,0,12,3,True
2025-11-09,ST03,P002,32,12,0,False
2025-11-09,ST04,P002,6,12,0,False
2025-11-09,ST05,P002,0,12,0,False
2025-11-09,ST01,P003,0,13,0,False
2025-11-09,ST02,P003,17,13,0,False
2025-11-09,ST03,P003,27,13,0,False
2025-11-09,ST04,P003,36,13,0,False
2025-11-09,ST05,P003,18,13,0,False
2025-11-09,ST01,P004,0,11,6,True
2025-11-09,ST02,P004,2,11,0,False
2025-11-09,ST03,P004,5,11,0,False
2025-11-09,ST04,P004,0,11,2,True
2025-11-09,ST05,P004,0,11,7,True
2025-11-09,ST01,P005,50,11,0,False
2025-11-09,ST02,P005,30,11,0,False
2025-11-09,ST03,P005,48,11,0,False
2025-11-09,ST04,P005,55,11,0,False
2025-11-09,ST05,P005,63,11,0,False
2025-11-09,ST01,P006,15,15,0,False
2025-11-09,ST02,P006,42,15,0,False
2025-11-09,ST03,P006,21,15,0,False
2025-11-09,ST04,P006,17,15,0,False
2025-11-09,ST05,P006,44,15,0,False
2025-11-09,ST01,P007,56,8,3,True
2025-11-09,ST02,P007,45,8,0,False
2025-11-09,ST03,P007,42,8,2,True
2025-11-09,ST04,P007,33,8,0,False
2025-11-09,ST05,P007,46,8,0,False
2025-11-09,ST01,P008,24,8,0,False
2025-11-09,ST02,P008,24,8,0,False
2025-11-09,ST03,P008,19,8,0,False
2025-11-09,ST04,P008,31,8,1,True
2025-11-09,ST05,P008,23,8,0,False
2025-11-09,ST01,P009,36,14,0,False
2025-11-09,ST02,P009,27,14,0,False
2025-11-09,ST03,P009,12,14,0,False
2025-11-09,ST04,P009,26,14,0,False
2025-11-09,ST05,P009,20,14,0,False
2025-11-09,ST01,P010,34,7,0,False
2025-11-09,ST02,P010,0,7,5,True
2025-11-09,ST03,P010,0,7,1,True
2025-11-09,ST04,P010,5,7,0,False
2025-11-09,ST05,P010,17,7,0,False
2025-11-09,ST01,P011,12,13,0,False
2025-11-09,ST02,P011,10,13,0,False
2025-11-09,ST03,P011,41,13,0,False
2025-11-09,ST04,P011,37,13,0,False
2025-11-09,ST05,P011,34,13,0,False
2025-11-09,ST01,P012,0,7,2,True
2025-11-09,ST02,P012,11,7,0,False
2025-11-09,ST03,P012,0,7,2,True
2025-11-09,ST04,P012,23,7,1,True
2025-11-09,ST05,P012,0,7,3,True
2025-11-09,ST01,P013,44,7,0,False
2025-11-09,ST02,P013,26,7,0,False
2025-11-09,ST03,P013,3,7,0,False
2025-11-09,ST04,P013,52,7,0,False
2025-11-09,ST05,P013,22,7,0,False
2025-11-09,ST01,P014,20,13,0,False
2025-11-09,ST02,P014,10,13,0,False
2025-11-09,ST03,P014,6,13,0,False
2025-11-09,ST04,P014,22,13,0,False
2025-11-09,ST05,P014,26,13,1,True
2025-11-09,ST01,P015,21,7,0,False
2025-11-09,ST02,P015,47,7,0,False
2025-11-09,ST03,P015,9,7,0,False
2025-11-09,ST04,P015,7,7,0,False
2025-11-09,ST05,P015,17,7,0,False
2025-11-09,ST01,P016,12,14,0,False
2025-11-09,ST02,P016,5,14,0,False
2025-11-09,ST03,P016,4,14,0,False
2025-11-09,ST04,P016,23,14,0,False
2025-11-09,ST05,P016,23,14,0,False
2025-11-09,ST01,P017,2,13,0,False
2025-11-09,ST02,P017,7,13,0,False
2025-11-09,ST03,P017,12,13,4,True
2025-11-09,ST04,P017,0,13,0,False
2025-11-09,ST05,P017,0,13,2,True
2025-11-09,ST01,P018,31,8,0,False
2025-11-09,ST02,P018,13,8,0,False
2025-11-09,ST03,P018,19,8,0,False
2025-11-09,ST04,P018,13,8,0,False
2025-11-09,ST05,P018,45,8,0,False
2025-11-09,ST01,P019,25,15,0,False
2025-11-09,ST02,P019,12,15,0,False
2025-11-09,ST03,P019,71,15,0,False
2025-11-09,ST04,P019,29,15,0,False
2025-11-09,ST05,P019,62,15,0,False
2025-11-09,ST01,P020,7,13,0,False
2025-11-09,ST02,P020,31,13,0,False
2025-11-09,ST03,P020,45,13,0,False
2025-11-09,ST04,P020,3,13,0,False
2025-11-09,ST05,P020,32,13,0,False
2025-11-09,ST01,P021,49,13,0,False
2025-11-09,ST02,P021,32,13,0,False
2025-11-09,ST03,P021,51,13,0,False
2025-11-09,ST04,P021,18,13,0,False
2025-11-09,ST05,P021,56,13,0,False
2025-11-09,ST01,P022,12,8,0,False
2025-11-09,ST02,P022,25,8,4,True
2025-11-09,ST03,P022,7,8,0,False
2025-11-09,ST04,P022,18,8,0,False
2025-11-09,ST05,P022,0,8,1,True
2025-11-09,ST01,P023,24,6,6,True
2025-11-09,ST02,P023,1,6,0,False
2025-11-09,ST03,P023,27,6,3,True
2025-11-09,ST04,P023,4,6,0,False
2025-11-09,ST05,P023,10,6,1,True
2025-11-09,ST01,P024,16,16,0,False
2025-11-09,ST02,P024,21,16,1,True
2025-11-09,ST03,P024,13,16,0,False
2025-11-09,ST04,P024,0,16,2,True
2025-11-09,ST05,P024,0,16,1,True
2025-11-09,ST01,P025,0,12,6,True
2025-11-09,ST02,P025,55,12,2,True
2025-11-09,ST03,P025,46,12,0,False
2025-11-09,ST04,P025,35,12,0,False
2025-11-09,ST05,P025,21,12,0,False
2025-11-09,ST01,P026,6,16,0,False
2025-11-09,ST02,P026,8,16,0,False
2025-11-09,ST03,P026,9,16,0,False
2025-11-09,ST04,P026,23,16,0,False
2025-11-09,ST05,P026,40,16,0,False
2025-11-09,ST01,P027,2,8,0,False
2025-11-09,ST02,P027,39,8,3,True
2025-11-09,ST03,P027,23,8,0,False
2025-11-09,ST04,P027,19,8,0,False
2025-11-09,ST05,P027,30,8,0,False
2025-11-09,ST01,P028,0,14,3,True
2025-11-09,ST02,P028,12,14,1,True
2025-11-09,ST03,P028,18,14,2,True
2025-11-09,ST04,P028,6,14,0,False
2025-11-09,ST05,P028,0,14,2,True
2025-11-09,ST01,P029,26,16,0,False
2025-11-09,ST02,P029,21,16,0,False
2025-11-09,ST03,P029,65,16,0,False
2025-11-09,ST04,P029,57,16,0,False
2025-11-09,ST05,P029,42,16,0,False
2025-11-09,ST01,P030,41,14,0,False
2025-11-09,ST02,P030,14,14,0,False
2025-11-09,ST03,P030,48,14,0,False
2025-11-09,ST04,P030,19,14,0,False
2025-11-09,ST05,P030,45,14,0,False
2025-11-09,ST01,P031,29,12,0,False
2025-11-09,ST02,P031,35,12,0,False
2025-11-09,ST03,P031,18,12,0,False
2025-11-09,ST04,P031,34,12,0,False
2025-11-09,ST05,P031,18,12,0,False
2025-11-09,ST01,P032,59,8,0,False
2025-11-09,ST02,P032,59,8,0,False
2025-11-09,ST03,P032,40,8,0,False
2025-11-09,ST04,P032,62,8,0,False
2025-11-09,ST05,P032,52,8,0,False
2025-11-09,ST01,P033,43,13,0,False
2025-11-09,ST02,P033,34,13,0,False
2025-11-09,ST03,P033,40,13,0,False
2025-11-09,ST04,P033,71,13,0,False
2025-11-09,ST05,P033,32,13,0,False
2025-11-09,ST01,P034,35,9,0,False
2025-11-09,ST02,P034,37,9,0,False
2025-11-09,ST03,P034,10,9,0,False
2025-11-09,ST04,P034,9,9,0,False
2025-11-09,ST05,P034,15,9,0,False
2025-11-09,ST01,P035,11,13,0,False
2025-11-09,ST02,P035,26,13,0,False
2025-11-09,ST03,P035,32,13,0,False
2025-11-09,ST04,P035,15,13,0,False
2025-11-09,ST05,P035,0,13,6,True
2025-11-09,ST01,P036,6,11,0,False
2025-11-09,ST02,P036,50,11,0,False
2025-11-09,ST03,P036,23,11,0,False
2025-11-09,ST04,P036,21,11,0,False
2025-11-09,ST05,P036,45,11,0,False
2025-11-09,ST01,P037,57,7,0,False
2025-11-09,ST02,P037,16,7,0,False
2025-11-09,ST03,P037,6,7,0,False
2025-11-09,ST04,P037,13,7,0,False
2025-11-09,ST05,P037,24,7,0,False
2025-11-09,ST01,P038,36,9,0,False
2025-11-09,ST02,P038,33,9,0,False
2025-11-09,ST03,P038,35,9,0,False
2025-11-09,ST04,P038,14,9,0,False
2025-11-09,ST05,P038,26,9,0,False
2025-11-09,ST01,P039,12,10,0,False
2025-11-09,ST02,P039,27,10,0,False
2025-11-09,ST03,P039,54,10,0,False
2025-11-09,ST04,P039,64,10,0,False
2025-11-09,ST05,P039,19,10,0,False
2025-11-09,ST01,P040,7,14,0,False
2025-11-09,ST02,P040,26,14,0,False
2025-11-09,ST03,P040,35,14,0,False
2025-11-09,ST04,P040,23,14,0,False
2025-11-09,ST05,P040,28,14,0,False
2025-11-16,ST01,P001,19,16,0,False
2025-11-16,ST02,P001,26,16,0,False
2025-11-16,ST03,P001,11,16,0,False
2025-11-16,ST04,P001,12,16,0,False
2025-11-16,ST05,P001,19,16,0,False
2025-11-16,ST01,P002,16,12,0,False
2025-11-16,ST02,P002,11,12,0,False
2025-11-16,ST03,P002,13,12,0,False
2025-11-16,ST04,P002,24,12,0,False
2025-11-16,ST05,P002,0,12,1,True
2025-11-16,ST01,P003,0,13,7,True
2025-11-16,ST02,P003,13,13,0,False
2025-11-16,ST03,P003,25,13,0,False
2025-11-16,ST04,P003,32,13,0,False
2025-11-16,ST05,P003,13,13,0,False
2025-11-16,ST01,P004,0,11,7,True
2025-11-16,ST02,P004,0,11,4,True
2025-11-16,ST03,P004,26,11,3,True
2025-11-16,ST04,P004,5,11,0,False
2025-11-16,ST05,P004,13,11,3,True
2025-11-16,ST01,P005,44,11,0,False
2025-11-16,ST02,P005,21,11,0,False
2025-11-16,ST03,P005,39,11,0,False
2025-11-16,ST04,P005,47,11,0,False
2025-11-16,ST05,P005,47,11,0,False
2025-11-16,ST01,P006,10,15,0,False
2025-11-16,ST02,P006,37,15,0,False
2025-11-16,ST03,P006,18,15,0,False
2025-11-16,ST04,P006,14,15,0,False
2025-11-16,ST05,P006,41,15,0,False
2025-11-16,ST01,P007,42,8,0,False
2025-11-16,ST02,P007,32,8,0,False
2025-11-16,ST03,P007,35,8,0,False
2025-11-16,ST04,P007,26,8,0,False
2025-11-16,ST05,P007,32,8,0,False
2025-11-16,ST01,P008,21,8,0,False
2025-11-16,ST02,P008,8,8,0,False
2025-11-16,ST03,P008,10,8,0,False
2025-11-16,ST04,P008,28,8,0,False
2025-11-16,ST05,P008,15,8,0,False
2025-11-16,ST01,P009,29,14,0,False
2025-11-16,ST02,P009,25,14,0,False
2025-11-16,ST03,P009,41,14,0,False
2025-11-16,ST04,P009,20,14,0,False
2025-11-16,ST05,P009,14,14,0,False
2025-11-16,ST01,P010,27,7,0,False
2025-11-16,ST02,P010,35,7,0,False
2025-11-16,ST03,P010,42,7,2,True
2025-11-16,ST04,P010,43,7,0,False
2025-11-16,ST05,P010,8,7,0,False
2025-11-16,ST01,P011,57,13,0,False
2025-11-16,ST02,P011,60,13,0,False
2025-11-16,ST03,P011,38,13,0,False
2025-11-16,ST04,P011,26,13,0,False
2025-11-16,ST05,P011,23,13,0,False
2025-11-16,ST01,P012,8,7,0,False
2025-11-16,ST02,P012,0,7,2,True
2025-11-16,ST03,P012,17,7,0,False
2025-11-16,ST04,P012,14,7,0,False
2025-11-16,ST05,P012,27,7,6,True
2025-11-16,ST01,P013,41,7,0,False
2025-11-16,ST02,P013,24,7,0,False
2025-11-16,ST03,P013,1,7,0,False
2025-11-16,ST04,P013,49,7,0,False
2025-11-16,ST05,P013,14,7,0,False
2025-11-16,ST01,P014,9,13,0,False
2025-11-16,ST02,P014,0,13,6,True
2025-11-16,ST03,P014,33,13,3,True
2025-11-16,ST04,P014,13,13,0,False
2025-11-16,ST05,P014,12,13,0,False
2025-11-16,ST01,P015,17,7,0,False
2025-11-16,ST02,P015,41,7,0,False
2025-11-16,ST03,P015,4,7,0,False
2025-11-16,ST04,P015,4,7,0,False
2025-11-16,ST05,P015,10,7,0,False
2025-11-16,ST01,P016,4,14,0,False
2025-11-16,ST02,P016,50,14,2,True
2025-11-16,ST03,P016,0,14,4,True
2025-11-16,ST04,P016,12,14,0,False
2025-11-16,ST05,P016,0,14,2,True
2025-11-16,ST01,P017,19,13,5,True
2025-11-16,ST02,P017,0,13,4,True
2025-11-16,ST03,P017,0,13,6,True
2025-11-16,ST04,P017,0,13,6,True
2025-11-16,ST05,P017,12,13,2,True
2025-11-16,ST01,P018,30,8,0,False
2025-11-16,ST02,P018,9,8,0,False
2025-11-16,ST03,P018,15,8,0,False
2025-11-16,ST04,P018,12,8,0,False
2025-11-16,ST05,P018,41,8,0,False
2025-11-16,ST01,P019,21,15,0,False
2025-11-16,ST02,P019,70,15,0,False
2025-11-16,ST03,P019,69,15,0,False
2025-11-16,ST04,P019,29,15,0,False
2025-11-16,ST05,P019,61,15,0,False
2025-11-16,ST01,P020,39,13,0,False
2025-11-16,ST02,P020,28,13,0,False
2025-11-16,ST03,P020,36,13,0,False
2025-11-16,ST04,P020,29,13,0,False
2025-11-16,ST05,P020,24,13,0,False
2025-11-16,ST01,P021,36,13,0,False
2025-11-16,ST02,P021,25,13,0,False
2025-11-16,ST03,P021,43,13,0,False
2025-11-16,ST04,P021,13,13,0,False
2025-11-16,ST05,P021,48,13,0,False
2025-11-16,ST01,P022,0,8,3,True
2025-11-16,ST02,P022,3,8,0,False
2025-11-16,ST03,P022,26,8,0,False
2025-11-16,ST04,P022,11,8,0,False
2025-11-16,ST05,P022,20,8,4,True
2025-11-16,ST01,P023,7,6,0,False
2025-11-16,ST02,P023,18,6,2,True
2025-11-16,ST03,P023,15,6,0,False
2025-11-16,ST04,P023,20,6,2,True
2025-11-16,ST05,P023,19,6,5,True
2025-11-16,ST01,P024,17,16,2,True
2025-11-16,ST02,P024,34,16,0,False
2025-11-16,ST03,P024,26,16,0,False
2025-11-16,ST04,P024,2,16,2,True
2025-11-16,ST05,P024,16,16,3,True
2025-11-16,ST01,P025,39,12,0,False
2025-11-16,ST02,P025,50,12,0,False
2025-11-16,ST03,P025,44,12,0,False
2025-11-16,ST04,P025,32,12,0,False
2025-11-16,ST05,P025,7,12,0,False
2025-11-16,ST01,P026,53,16,0,False
2025-11-16,ST02,P026,55,16,0,False
2025-11-16,ST03,P026,58,16,0,False
2025-11-16,ST04,P026,14,16,0,False
2025-11-16,ST05,P026,32,16,0,False
2025-11-16,ST01,P027,39,8,0,False
2025-11-16,ST02,P027,28,8,0,False
2025-11-16,ST03,P027,9,8,0,False
2025-11-16,ST04,P027,6,8,0,False
2025-11-16,ST05,P027,24,8,0,False
2025-11-16,ST01,P028,27,14,6,True
2025-11-16,ST02,P028,0,14,2,True
2025-11-16,ST03,P028,11,14,0,False
2025-11-16,ST04,P028,28,14,1,True
2025-11-16,ST05,P028,28,14,4,True
2025-11-16,ST01,P029,23,16,0,False
2025-11-16,ST02,P029,16,16,0,False
2025-11-16,ST03,P029,65,16,0,False
2025-11-16,ST04,P029,55,16,0,False
2025-11-16,ST05,P029,38,16,0,False
2025-11-16,ST01,P030,30,14,0,False
2025-11-16,ST02,P030,52,14,0,False
2025-11-16,ST03,P030,38,14,0,False
2025-11-16,ST04,P030,14,14,0,False
2025-11-16,ST05,P030,36,14,0,False
2025-11-16,ST01,P031,24,12,0,False
2025-11-16,ST02,P031,34,12,0,False
2025-11-16,ST03,P031,18,12,0,False
2025-11-16,ST04,P031,32,12,0,False
2025-11-16,ST05,P031,15,12,0,False
2025-11-16,ST01,P032,57,8,0,False
2025-11-16,ST02,P032,53,8,0,False
2025-11-16,ST03,P032,39,8,0,False
2025-11-16,ST04,P032,61,8,0,False
2025-11-16,ST05,P032,49,8,0,False
2025-11-16,ST01,P033,38,13,0,False
2025-11-16,ST02,P033,24,13,0,False
2025-11-16,ST03,P033,33,13,0,False
2025-11-16,ST04,P033,68,13,0,False
2025-11-16,ST05,P033,22,13,0,False
2025-11-16,ST01,P034,22,9,0,False
2025-11-16,ST02,P034,32,9,0,False
2025-11-16,ST03,P034,34,9,0,False
2025-11-16,ST04,P034,43,9,0,False
2025-11-16,ST05,P034,0,9,0,False
2025-11-16,ST01,P035,45,13,0,False
2025-11-16,ST02,P035,8,13,0,False
2025-11-16,ST03,P035,27,13,0,False
2025-11-16,ST04,P035,6,13,0,False
2025-11-16,ST05,P035,34,13,3,True
2025-11-16,ST01,P036,3,11,0,False
2025-11-16,ST02,P036,43,11,0,False
2025-11-16,ST03,P036,17,11,0,False
2025-11-16,ST04,P036,21,11,0,False
2025-11-16,ST05,P036,44,11,0,False
2025-11-16,ST01,P037,51,7,0,False
2025-11-16,ST02,P037,11,7,0,False
2025-11-16,ST03,P037,72,7,0,False
2025-11-16,ST04,P037,10,7,0,False
2025-11-16,ST05,P037,16,7,0,False
2025-11-16,ST01,P038,34,9,0,False
2025-11-16,ST02,P038,30,9,0,False
2025-11-16,ST03,P038,30,9,0,False
2025-11-16,ST04,P038,12,9,0,False
2025-11-16,ST05,P038,18,9,0,False
2025-11-16,ST01,P039,12,10,0,False
2025-11-16,ST02,P039,27,10,0,False
2025-11-16,ST03,P039,53,10,0,False
2025-11-16,ST04,P039,62,10,0,False
2025-11-16,ST05,P039,17,10,0,False
2025-11-16,ST01,P040,4,14,0,False
2025-11-16,ST02,P040,23,14,0,False
2025-11-16,ST03,P040,30,14,0,False
2025-11-16,ST04,P040,21,14,0,False
2025-11-16,ST05,P040,26,14,0,False
2025-11-23,ST01,P001,11,16,0,False
2025-11-23,ST02,P001,18,16,0,False
2025-11-23,ST03,P001,39,16,0,False
2025-11-23,ST04,P001,10,16,0,False
2025-11-23,ST05,P001,9,16,0,False
2025-11-23,ST01,P002,0,12,2,True
2025-11-23,ST02,P002,0,12,4,True
2025-11-23,ST03,P002,10,12,0,False
2025-11-23,ST04,P002,16,12,0,False
2025-11-23,ST05,P002,31,12,4,True
2025-11-23,ST01,P003,24,13,1,True
2025-11-23,ST02,P003,1,13,0,False
2025-11-23,ST03,P003,23,13,0,False
2025-11-23,ST04,P003,29,13,0,False
2025-11-23,ST05,P003,6,13,0,False
2025-11-23,ST01,P004,12,11,2,True
2025-11-23,ST02,P004,25,11,6,True
2025-11-23,ST03,P004,13,11,0,False
2025-11-23,ST04,P004,0,11,6,True
2025-11-23,ST05,P004,0,11,2,True
2025-11-23,ST01,P005,33,11,0,False
2025-11-23,ST02,P005,5,11,0,False
2025-11-23,ST03,P005,29,11,0,False
2025-11-23,ST04,P005,40,11,0,False
2025-11-23,ST05,P005,32,11,0,False
2025-11-23,ST01,P006,59,15,0,False
2025-11-23,ST02,P006,32,15,0,False
2025-11-23,ST03,P006,16,15,0,False
2025-11-23,ST04,P006,13,15,0,False
2025-11-23,ST05,P006,34,15,0,False
2025-11-23,ST01,P007,34,8,0,False
2025-11-23,ST02,P007,24,8,0,False
2025-11-23,ST03,P007,15,8,0,False
2025-11-23,ST04,P007,17,8,0,False
2025-11-23,ST05,P007,1,8,0,False
2025-11-23,ST01,P008,21,8,0,False
2025-11-23,ST02,P008,2,8,0,False
2025-11-23,ST03,P008,6,8,0,False
2025-11-23,ST04,P008,26,8,0,False
2025-11-23,ST05,P008,3,8,0,False
2025-11-23,ST01,P009,20,14,0,False
2025-11-23,ST02,P009,22,14,0,False
2025-11-23,ST03,P009,37,14,0,False
2025-11-23,ST04,P009,16,14,0,False
2025-11-23,ST05,P009,48,14,0,False
2025-11-23,ST01,P010,9,7,0,False
2025-11-23,ST02,P010,10,7,0,False
2025-11-23,ST03,P010,26,7,0,False
2025-11-23,ST04,P010,29,7,0,False
2025-11-23,ST05,P010,0,7,3,True
2025-11-23,ST01,P011,36,13,0,False
2025-11-23,ST02,P011,40,13,0,False
2025-11-23,ST03,P011,24,13,0,False
2025-11-23,ST04,P011,21,13,0,False
2025-11-23,ST05,P011,3,13,0,False
2025-11-23,ST01,P012,27,7,2,True
2025-11-23,ST02,P012,12,7,1,True
2025-11-23,ST03,P012,4,7,0,False
2025-11-23,ST04,P012,2,7,0,False
2025-11-23,ST05,P012,3,7,0,False
2025-11-23,ST01,P013,36,7,0,False
2025-11-23,ST02,P013,21,7,0,False
2025-11-23,ST03,P013,0,7,1,True
2025-11-23,ST04,P013,49,7,0,False
2025-11-23,ST05,P013,11,7,0,False
2025-11-23,ST01,P014,0,13,4,True
2025-11-23,ST02,P014,29,13,1,True
2025-11-23,ST03,P014,19,13,0,False
2025-11-23,ST04,P014,9,13,0,False
2025-11-23,ST05,P014,0,13,3,True
2025-11-23,ST01,P015,2,7,0,False
2025-11-23,ST02,P015,41,7,0,False
2025-11-23,ST03,P015,49,7,0,False
2025-11-23,ST04,P015,48,7,0,False
2025-11-23,ST05,P015,50,7,0,False
2025-11-23,ST01,P016,48,14,4,True
2025-11-23,ST02,P016,38,14,0,False
2025-11-23,ST03,P016,38,14,0,False
2025-11-23,ST04,P016,5,14,0,False
2025-11-23,ST05,P016,0,14,7,True
2025-11-23,ST01,P017,0,13,1,True
2025-11-23,ST02,P017,14,13,1,True
2025-11-23,ST03,P017,6,13,2,True
2025-11-23,ST04,P017,16,13,3,True
2025-11-23,ST05,P017,0,13,3,True
2025-11-23,ST01,P018,27,8,0,False
2025-11-23,ST02,P018,3,8,0,False
2025-11-23,ST03,P018,15,8,0,False
2025-11-23,ST04,P018,8,8,0,False
2025-11-23,ST05,P018,33,8,0,False
2025-11-23,ST01,P019,20,15,0,False
2025-11-23,ST02,P019,67,15,0,False
2025-11-23,ST03,P019,66,15,0,False
2025-11-23,ST04,P019,27,15,0,False
2025-11-23,ST05,P019,55,15,0,False
2025-11-23,ST01,P020,29,13,0,False
2025-11-23,ST02,P020,21,13,0,False
2025-11-23,ST03,P020,25,13,0,False
2025-11-23,ST04,P020,23,13,0,False
2025-11-23,ST05,P020,16,13,0,False
2025-11-23,ST01,P021,32,13,0,False
2025-11-23,ST02,P021,19,13,0,False
2025-11-23,ST03,P021,40,13,0,False
2025-11-23,ST04,P021,71,13,0,False
2025-11-23,ST05,P021,38,13,0,False
2025-11-23,ST01,P022,0,8,0,False
2025-11-23,ST02,P022,9,8,2,True
2025-11-23,ST03,P022,9,8,0,False
2025-11-23,ST04,P022,0,8,1,True
2025-11-23,ST05,P022,0,8,2,True
2025-11-23,ST01,P023,19,6,3,True
2025-11-23,ST02,P023,28,6,1,True
2025-11-23,ST03,P023,0,6,0,False
2025-11-23,ST04,P023,14,6,0,False
2025-11-23,ST05,P023,0,6,2,True
2025-11-23,ST01,P024,22,16,1,True
2025-11-23,ST02,P024,12,16,0,False
2025-11-23,ST03,P024,0,16,2,True
2025-11-23,ST04,P024,0,16,7,True
2025-11-23,ST05,P024,19,16,0,False
2025-11-23,ST01,P025,20,12,0,False
2025-11-23,ST02,P025,41,12,0,False
2025-11-23,ST03,P025,32,12,0,False
2025-11-23,ST04,P025,28,12,0,False
2025-11-23,ST05,P025,0,12,4,True
2025-11-23,ST01,P026,45,16,0,False
2025-11-23,ST02,P026,47,16,0,False
2025-11-23,ST03,P026,46,16,0,False
2025-11-23,ST04,P026,10,16,0,False
2025-11-23,ST05,P026,22,16,0,False
2025-11-23,ST01,P027,18,8,0,False
2025-11-23,ST02,P027,23,8,0,False
2025-11-23,ST03,P027,0,8,2,True
2025-11-23,ST04,P027,3,8,0,False
2025-11-23,ST05,P027,6,8,0,False
2025-11-23,ST01,P028,11,14,0,False
2025-11-23,ST02,P028,13,14,0,False
2025-11-23,ST03,P028,25,14,2,True
2025-11-23,ST04,P028,19,14,0,False
2025-11-23,ST05,P028,11,14,0,False
2025-11-23,ST01,P029,23,16,0,False
2025-11-23,ST02,P029,66,16,0,False
2025-11-23,ST03,P029,61,16,0,False
2025-11-23,ST04,P029,53,16,0,False
2025-11-23,ST05,P029,33,16,0,False
2025-11-23,ST01,P030,18,14,0,False
2025-11-23,ST02,P030,48,14,0,False
2025-11-23,ST03,P030,36,14,0,False
2025-11-23,ST04,P030,61,14,0,False
2025-11-23,ST05,P030,25,14,0,False
2025-11-23,ST01,P031,22,12,0,False
2025-11-23,ST02,P031,33,12,0,False
2025-11-23,ST03,P031,16,12,0,False
2025-11-23,ST04,P031,30,12,0,False
2025-11-23,ST05,P031,12,12,0,False
2025-11-23,ST01,P032,57,8,0,False
2025-11-23,ST02,P032,53,8,0,False
2025-11-23,ST03,P032,39,8,0,False
2025-11-23,ST04,P032,60,8,0,False
2025-11-23,ST05,P032,48,8,0,False
2025-11-23,ST01,P033,25,13,0,False
2025-11-23,ST02,P033,17,13,0,False
2025-11-23,ST03,P033,25,13,0,False
2025-11-23,ST04,P033,59,13,0,False
2025-11-23,ST05,P033,14,13,0,False
2025-11-23,ST01,P034,13,9,0,False
2025-11-23,ST02,P034,26,9,0,False
2025-11-23,ST03,P034,29,9,0,False
2025-11-23,ST04,P034,37,9,0,False
2025-11-23,ST05,P034,27,9,1,True
2025-11-23,ST01,P035,28,13,0,False
2025-11-23,ST02,P035,43,13,0,False
2025-11-23,ST03,P035,13,13,0,False
2025-11-23,ST04,P035,39,13,0,False
2025-11-23,ST05,P035,18,13,0,False
2025-11-23,ST01,P036,44,11,0,False
2025-11-23,ST02,P036,42,11,0,False
2025-11-23,ST03,P036,16,11,0,False
2025-11-23,ST04,P036,18,11,0,False
2025-11-23,ST05,P036,42,11,0,False
2025-11-23,ST01,P037,41,7,0,False
2025-11-23,ST02,P037,5,7,0,False
2025-11-23,ST03,P037,68,7,0,False
2025-11-23,ST04,P037,7,7,0,False
2025-11-23,ST05,P037,8,7,0,False
2025-11-23,ST01,P038,28,9,0,False
2025-11-23,ST02,P038,29,9,0,False
2025-11-23,ST03,P038,29,9,0,False
2025-11-23,ST04,P038,10,9,0,False
2025-11-23,ST05,P038,14,9,0,False
2025-11-23,ST01,P039,7,10,0,False
2025-11-23,ST02,P039,26,10,0,False
2025-11-23,ST03,P039,49,10,0,False
2025-11-23,ST04,P039,61,10,0,False
2025-11-23,ST05,P039,14,10,0,False
2025-11-23,ST01,P040,29,14,0,False
2025-11-23,ST02,P040,20,14,0,False
2025-11-23,ST03,P040,26,14,0,False
2025-11-23,ST04,P040,18,14,0,False
2025-11-23,ST05,P040,24,14,0,False
2025-11-30,ST01,P001,6,16,0,False
2025-11-30,ST02,P001,8,16,0,False
2025-11-30,ST03,P001,28,16,0,False
2025-11-30,ST04,P001,40,16,0,False
2025-11-30,ST05,P001,0,16,1,True
2025-11-30,ST01,P002,12,12,1,True
2025-11-30,ST02,P002,31,12,6,True
2025-11-30,ST03,P002,0,12,5,True
2025-11-30,ST04,P002,3,12,0,False
2025-11-30,ST05,P002,1,12,0,False
2025-11-30,ST01,P003,1,13,0,False
2025-11-30,ST02,P003,25,13,2,True
2025-11-30,ST03,P003,14,13,0,False
2025-11-30,ST04,P003,23,13,0,False
2025-11-30,ST05,P003,22,13,0,False
2025-11-30,ST01,P004,0,11,4,True
2025-11-30,ST02,P004,5,11,0,False
2025-11-30,ST03,P004,0,11,3,True
2025-11-30,ST04,P004,7,11,0,False
2025-11-30,ST05,P004,0,11,6,True
2025-11-30,ST01,P005,14,11,0,False
2025-11-30,ST02,P005,59,11,0,False
2025-11-30,ST03,P005,15,11,0,False
2025-11-30,ST04,P005,25,11,0,False
2025-11-30,ST05,P005,0,11,3,True
2025-11-30,ST01,P006,51,15,0,False
2025-11-30,ST02,P006,23,15,0,False
2025-11-30,ST03,P006,7,15,0,False
2025-11-30,ST04,P006,9,15,0,False
2025-11-30,ST05,P006,25,15,0,False
2025-11-30,ST01,P007,0,8,0,False
2025-11-30,ST02,P007,0,8,2,True
2025-11-30,ST03,P007,7,8,0,False
2025-11-30,ST04,P007,0,8,2,True
2025-11-30,ST05,P007,0,8,7,True
2025-11-30,ST01,P008,16,8,0,False
2025-11-30,ST02,P008,29,8,2,True
2025-11-30,ST03,P008,0,8,1,True
2025-11-30,ST04,P008,23,8,0,False
2025-11-30,ST05,P008,0,8,4,True
2025-11-30,ST01,P009,9,14,0,False
2025-11-30,ST02,P009,15,14,0,False
2025-11-30,ST03,P009,19,14,0,False
2025-11-30,ST04,P009,13,14,0,False
2025-11-30,ST05,P009,41,14,0,False
2025-11-30,ST01,P010,0,7,3,True
2025-11-30,ST02,P010,0,7,2,True
2025-11-30,ST03,P010,15,7,0,False
2025-11-30,ST04,P010,16,7,0,False
2025-11-30,ST05,P010,35,7,3,True
2025-11-30,ST01,P011,7,13,0,False
2025-11-30,ST02,P011,28,13,0,False
2025-11-30,ST03,P011,12,13,0,False
2025-11-30,ST04,P011,10,13,0,False
2025-11-30,ST05,P011,40,13,0,False
2025-11-30,ST01,P012,0,7,1,True
2025-11-30,ST02,P012,0,7,1,True
2025-11-30,ST03,P012,16,7,2,True
2025-11-30,ST04,P012,3,7,0,False
2025-11-30,ST05,P012,15,7,2,True
2025-11-30,ST01,P013,32,7,0,False
2025-11-30,ST02,P013,16,7,0,False
2025-11-30,ST03,P013,42,7,1,True
2025-11-30,ST04,P013,46,7,0,False
2025-11-30,ST05,P013,0,7,0,False
2025-11-30,ST01,P014,15,13,1,True
2025-11-30,ST02,P014,0,13,1,True
2025-11-30,ST03,P014,3,13,0,False
2025-11-30,ST04,P014,38,13,0,False
2025-11-30,ST05,P014,12,13,2,True
2025-11-30,ST01,P015,33,7,2,True
2025-11-30,ST02,P015,15,7,0,False
2025-11-30,ST03,P015,45,7,0,False
2025-11-30,ST04,P015,36,7,0,False
2025-11-30,ST05,P015,35,7,0,False
2025-11-30,ST01,P016,16,14,0,False
2025-11-30,ST02,P016,16,14,0,False
2025-11-30,ST03,P016,23,14,0,False
2025-11-30,ST04,P016,42,14,0,False
2025-11-30,ST05,P016,40,14,2,True
2025-11-30,ST01,P017,0,13,6,True
2025-11-30,ST02,P017,0,13,2,True
2025-11-30,ST03,P017,0,13,5,True
2025-11-30,ST04,P017,0,13,1,True
2025-11-30,ST05,P017,5,13,2,True
2025-11-30,ST01,P018,19,8,0,False
2025-11-30,ST02,P018,36,8,0,False
2025-11-30,ST03,P018,7,8,0,False
2025-11-30,ST04,P018,5,8,0,False
2025-11-30,ST05,P018,25,8,0,False
2025-11-30,ST01,P019,17,15,0,False
2025-11-30,ST02,P019,58,15,0,False
2025-11-30,ST03,P019,58,15,0,False
2025-11-30,ST04,P019,25,15,0,False
2025-11-30,ST05,P019,47,15,0,False
2025-11-30,ST01,P020,12,13,0,False
2025-11-30,ST02,P020,3,13,0,False
2025-11-30,ST03,P020,13,13,0,False
2025-11-30,ST04,P020,15,13,0,False
2025-11-30,ST05,P020,35,13,1,True
2025-11-30,ST01,P021,20,13,0,False
2025-11-30,ST02,P021,18,13,0,False
2025-11-30,ST03,P021,36,13,0,False
2025-11-30,ST04,P021,66,13,0,False
2025-11-30,ST05,P021,26,13,0,False
2025-11-30,ST01,P022,0,8,7,True
2025-11-30,ST02,P022,0,8,7,True
2025-11-30,ST03,P022,0,8,4,True
2025-11-30,ST04,P022,13,8,0,False
2025-11-30,ST05,P022,11,8,4,True
2025-11-30,ST01,P023,22,6,5,True
2025-11-30,ST02,P023,8,6,0,False
2025-11-30,ST03,P023,0,6,7,True
2025-11-30,ST04,P023,3,6,0,False
2025-11-30,ST05,P023,0,6,7,True
2025-11-30,ST01,P024,6,16,2,True
2025-11-30,ST02,P024,12,16,2,True
2025-11-30,ST03,P024,0,16,4,True
2025-11-30,ST04,P024,14,16,1,True
2025-11-30,ST05,P024,15,16,3,True
2025-11-30,ST01,P025,9,12,0,False
2025-11-30,ST02,P025,22,12,0,False
2025-11-30,ST03,P025,17,12,0,False
2025-11-30,ST04,P025,13,12,0,False
2025-11-30,ST05,P025,45,12,1,True
2025-11-30,ST01,P026,10,16,0,False
2025-11-30,ST02,P026,32,16,0,False
2025-11-30,ST03,P026,23,16,0,False
2025-11-30,ST04,P026,0,16,5,True
2025-11-30,ST05,P026,9,16,0,False
2025-11-30,ST01,P027,7,8,0,False
2025-11-30,ST02,P027,9,8,0,False
2025-11-30,ST03,P027,34,8,2,True
2025-11-30,ST04,P027,41,8,0,False
2025-11-30,ST05,P027,0,8,5,True
2025-11-30,ST01,P028,0,14,5,True
2025-11-30,ST02,P028,0,14,3,True
2025-11-30,ST03,P028,10,14,0,False
2025-11-30,ST04,P028,0,14,3,True
2025-11-30,ST05,P028,0,14,4,True
2025-11-30,ST01,P029,14,16,0,False
2025-11-30,ST02,P029,65,16,0,False
2025-11-30,ST03,P029,59,16,0,False
2025-11-30,ST04,P029,52,16,0,False
2025-11-30,ST05,P029,29,16,0,False
2025-11-30,ST01,P030,56,14,0,False
2025-11-30,ST02,P030,42,14,0,False
2025-11-30,ST03,P030,18,14,0,False
2025-11-30,ST04,P030,52,14,0,False
2025-11-30,ST05,P030,57,14,0,False
2025-11-30,ST01,P031,17,12,0,False
2025-11-30,ST02,P031,29,12,0,False
2025-11-30,ST03,P031,13,12,0,False
2025-11-30,ST04,P031,29,12,0,False
2025-11-30,ST05,P031,38,12,0,False
2025-11-30,ST01,P032,56,8,0,False
2025-11-30,ST02,P032,51,8,0,False
2025-11-30,ST03,P032,36,8,0,False
2025-11-30,ST04,P032,58,8,0,False
2025-11-30,ST05,P032,43,8,0,False
2025-11-30,ST01,P033,12,13,0,False
2025-11-30,ST02,P033,4,13,0,False
2025-11-30,ST03,P033,15,13,0,False
2025-11-30,ST04,P033,48,13,0,False
2025-11-30,ST05,P033,0,13,0,False
2025-11-30,ST01,P034,0,9,5,True
2025-11-30,ST02,P034,8,9,0,False
2025-11-30,ST03,P034,17,9,0,False
2025-11-30,ST04,P034,27,9,0,False
2025-11-30,ST05,P034,14,9,0,False
2025-11-30,ST01,P035,2,13,0,False
2025-11-30,ST02,P035,33,13,0,False
2025-11-30,ST03,P035,39,13,3,True
2025-11-30,ST04,P035,20,13,0,False
2025-11-30,ST05,P035,0,13,2,True
2025-11-30,ST01,P036,33,11,0,False
2025-11-30,ST02,P036,37,11,0,False
2025-11-30,ST03,P036,11,11,0,False
2025-11-30,ST04,P036,17,11,0,False
2025-11-30,ST05,P036,35,11,0,False
2025-11-30,ST01,P037,35,7,0,False
2025-11-30,ST02,P037,68,7,0,False
2025-11-30,ST03,P037,48,7,0,False
2025-11-30,ST04,P037,0,7,2,True
2025-11-30,ST05,P037,65,7,0,False
2025-11-30,ST01,P038,26,9,0,False
2025-11-30,ST02,P038,24,9,0,False
2025-11-30,ST03,P038,27,9,0,False
2025-11-30,ST04,P038,10,9,0,False
2025-11-30,ST05,P038,9,9,0,False
2025-11-30,ST01,P039,61,10,0,False
2025-11-30,ST02,P039,21,10,0,False
2025-11-30,ST03,P039,46,10,0,False
2025-11-30,ST04,P039,58,10,0,False
2025-11-30,ST05,P039,9,10,0,False
2025-11-30,ST01,P040,18,14,0,False
2025-11-30,ST02,P040,15,14,0,False
2025-11-30,ST03,P040,22,14,0,False
2025-11-30,ST04,P040,14,14,0,False
2025-11-30,ST05,P040,20,14,0,False
2025-12-07,ST01,P001,29,16,0,False
2025-12-07,ST02,P001,1,16,0,False
2025-12-07,ST03,P001,19,16,0,False
2025-12-07,ST04,P001,38,16,0,False
2025-12-07,ST05,P001,26,16,0,False
2025-12-07,ST01,P002,32,12,2,True
2025-12-07,ST02,P002,14,12,0,False
2025-12-07,ST03,P002,22,12,2,True
2025-12-07,ST04,P002,32,12,0,False
2025-12-07,ST05,P002,0,12,6,True
2025-12-07,ST01,P003,0,13,4,True
2025-12-07,ST02,P003,21,13,0,False
2025-12-07,ST03,P003,7,13,0,False
2025-12-07,ST04,P003,20,13,0,False
2025-12-07,ST05,P003,17,13,0,False
2025-12-07,ST01,P004,11,11,3,True
2025-12-07,ST02,P004,0,11,5,True
2025-12-07,ST03,P004,0,11,6,True
2025-12-07,ST04,P004,0,11,0,False
2025-12-07,ST05,P004,0,11,7,True
2025-12-07,ST01,P005,65,11,0,False
2025-12-07,ST02,P005,53,11,0,False
2025-12-07,ST03,P005,76,11,0,False
2025-12-07,ST04,P005,19,11,0,False
2025-12-07,ST05,P005,60,11,0,False
2025-12-07,ST01,P006,46,15,0,False
2025-12-07,ST02,P006,22,15,0,False
2025-12-07,ST03,P006,55,15,0,False
2025-12-07,ST04,P006,60,15,0,False
2025-12-07,ST05,P006,21,15,0,False
2025-12-07,ST01,P007,0,8,6,True
2025-12-07,ST02,P007,64,8,3,True
2025-12-07,ST03,P007,0,8,1,True
2025-12-07,ST04,P007,63,8,3,True
2025-12-07,ST05,P007,56,8,2,True
2025-12-07,ST01,P008,8,8,0,False
2025-12-07,ST02,P008,18,8,0,False
2025-12-07,ST03,P008,31,8,2,True
2025-12-07,ST04,P008,21,8,0,False
2025-12-07,ST05,P008,26,8,2,True
2025-12-07,ST01,P009,40,14,0,False
2025-12-07,ST02,P009,15,14,0,False
2025-12-07,ST03,P009,47,14,0,False
2025-12-07,ST04,P009,48,14,0,False
2025-12-07,ST05,P009,30,14,0,False
2025-12-07,ST01,P010,40,7,3,True
2025-12-07,ST02,P010,39,7,2,True
2025-12-07,ST03,P010,7,7,0,False
2025-12-07,ST04,P010,15,7,0,False
2025-12-07,ST05,P010,18,7,0,False
2025-12-07,ST01,P011,53,13,3,True
2025-12-07,ST02,P011,15,13,0,False
2025-12-07,ST03,P011,56,13,0,False
2025-12-07,ST04,P011,55,13,0,False
2025-12-07,ST05,P011,33,13,0,False
2025-12-07,ST01,P012,17,7,0,False
2025-12-07,ST02,P012,17,7,1,True
2025-12-07,ST03,P012,5,7,0,False
2025-12-07,ST04,P012,26,7,2,True
2025-12-07,ST05,P012,0,7,0,False
2025-12-07,ST01,P013,24,7,0,False
2025-12-07,ST02,P013,13,7,0,False
2025-12-07,ST03,P013,41,7,0,False
2025-12-07,ST04,P013,41,7,0,False
2025-12-07,ST05,P013,47,7,2,True
2025-12-07,ST01,P014,2,13,0,False
2025-12-07,ST02,P014,35,13,5,True
2025-12-07,ST03,P014,31,13,2,True
2025-12-07,ST04,P014,24,13,0,False
2025-12-07,ST05,P014,1,13,0,False
2025-12-07,ST01,P015,21,7,0,False
2025-12-07,ST02,P015,10,7,0,False
2025-12-07,ST03,P015,31,7,0,False
2025-12-07,ST04,P015,28,7,0,False
2025-12-07,ST05,P015,29,7,0,False
2025-12-07,ST01,P016,7,14,0,False
2025-12-07,ST02,P016,3,14,0,False
2025-12-07,ST03,P016,0,14,1,True
2025-12-07,ST04,P016,34,14,0,False
2025-12-07,ST05,P016,27,14,0,False
2025-12-07,ST01,P017,0,13,7,True
2025-12-07,ST02,P017,12,13,2,True
2025-12-07,ST03,P017,0,13,1,True
2025-12-07,ST04,P017,23,13,5,True
2025-12-07,ST05,P017,0,13,6,True
2025-12-07,ST01,P018,13,8,0,False
2025-12-07,ST02,P018,34,8,0,False
2025-12-07,ST03,P018,44,8,0,False
2025-12-07,ST04,P018,44,8,0,False
2025-12-07,ST05,P018,19,8,0,False
2025-12-07,ST01,P019,14,15,0,False
2025-12-07,ST02,P019,55,15,0,False
2025-12-07,ST03,P019,56,15,0,False
2025-12-07,ST04,P019,22,15,0,False
2025-12-07,ST05,P019,41,15,0,False
2025-12-07,ST01,P020,40,13,0,False
2025-12-07,ST02,P020,35,13,0,False
2025-12-07,ST03,P020,42,13,0,False
2025-12-07,ST04,P020,13,13,0,False
2025-12-07,ST05,P020,28,13,0,False
2025-12-07,ST01,P021,16,13,0,False
2025-12-07,ST02,P021,10,13,0,False
2025-12-07,ST03,P021,34,13,0,False
2025-12-07,ST04,P021,62,13,0,False
2025-12-07,ST05,P021,16,13,0,False
2025-12-07,ST01,P022,0,8,7,True
2025-12-07,ST02,P022,18,8,0,False
2025-12-07,ST03,P022,13,8,0,False
2025-12-07,ST04,P022,6,8,0,False
2025-12-07,ST05,P022,0,8,3,True
2025-12-07,ST01,P023,0,6,2,True
2025-12-07,ST02,P023,27,6,2,True
2025-12-07,ST03,P023,13,6,0,False
2025-12-07,ST04,P023,0,6,5,True
2025-12-07,ST05,P023,12,6,0,False
2025-12-07,ST01,P024,14,16,3,True
2025-12-07,ST02,P024,24,16,2,True
2025-12-07,ST03,P024,0,16,1,True
2025-12-07,ST04,P024,24,16,0,False
2025-12-07,ST05,P024,21,16,2,True
2025-12-07,ST01,P025,0,12,3,True
2025-12-07,ST02,P025,5,12,0,False
2025-12-07,ST03,P025,11,12,0,False
2025-12-07,ST04,P025,12,12,0,False
2025-12-07,ST05,P025,33,12,0,False
2025-12-07,ST01,P026,0,16,1,True
2025-12-07,ST02,P026,19,16,0,False
2025-12-07,ST03,P026,16,16,0,False
2025-12-07,ST04,P026,44,16,1,True
2025-12-07,ST05,P026,52,16,0,False
2025-12-07,ST01,P027,0,8,6,True
2025-12-07,ST02,P027,3,8,0,False
2025-12-07,ST03,P027,29,8,0,False
2025-12-07,ST04,P027,34,8,0,False
2025-12-07,ST05,P027,42,8,1,True
2025-12-07,ST01,P028,17,14,2,True
2025-12-07,ST02,P028,17,14,2,True
2025-12-07,ST03,P028,0,14,3,True
2025-12-07,ST04,P028,27,14,2,True
2025-12-07,ST05,P028,14,14,2,True
2025-12-07,ST01,P029,66,16,0,False
2025-12-07,ST02,P029,63,16,0,False
2025-12-07,ST03,P029,52,16,0,False
2025-12-07,ST04,P029,51,16,0,False
2025-12-07,ST05,P029,26,16,0,False
2025-12-07,ST01,P030,40,14,0,False
2025-12-07,ST02,P030,36,14,0,False
2025-12-07,ST03,P030,15,14,0,False
2025-12-07,ST04,P030,46,14,0,False
2025-12-07,ST05,P030,50,14,0,False
2025-12-07,ST01,P031,17,12,0,False
2025-12-07,ST02,P031,27,12,0,False
2025-12-07,ST03,P031,11,12,0,False
2025-12-07,ST04,P031,27,12,0,False
2025-12-07,ST05,P031,34,12,0,False
2025-12-07,ST01,P032,51,8,0,False
2025-12-07,ST02,P032,48,8,0,False
2025-12-07,ST03,P032,36,8,0,False
2025-12-07,ST04,P032,57,8,0,False
2025-12-07,ST05,P032,40,8,0,False
2025-12-07,ST01,P033,6,13,0,False
2025-12-07,ST02,P033,61,13,2,True
2025-12-07,ST03,P033,9,13,0,False
2025-12-07,ST04,P033,43,13,0,False
2025-12-07,ST05,P033,0,13,6,True
2025-12-07,ST01,P034,34,9,4,True
2025-12-07,ST02,P034,37,9,0,False
2025-12-07,ST03,P034,12,9,0,False
2025-12-07,ST04,P034,16,9,0,False
2025-12-07,ST05,P034,37,9,0,False
2025-12-07,ST01,P035,32,13,1,True
2025-12-07,ST02,P035,21,13,0,False
2025-12-07,ST03,P035,32,13,0,False
2025-12-07,ST04,P035,9,13,0,False
2025-12-07,ST05,P035,26,13,2,True
2025-12-07,ST01,P036,30,11,0,False
2025-12-07,ST02,P036,33,11,0,False
2025-12-07,ST03,P036,3,11,0,False
2025-12-07,ST04,P036,17,11,0,False
2025-12-07,ST05,P036,26,11,0,False
2025-12-07,ST01,P037,29,7,0,False
2025-12-07,ST02,P037,63,7,0,False
2025-12-07,ST03,P037,45,7,0,False
2025-12-07,ST04,P037,66,7,0,False
2025-12-07,ST05,P037,60,7,0,False
2025-12-07,ST01,P038,23,9,0,False
2025-12-07,ST02,P038,19,9,0,False
2025-12-07,ST03,P038,25,9,0,False
2025-12-07,ST04,P038,10,9,0,False
2025-12-07,ST05,P038,38,9,0,False
2025-12-07,ST01,P039,61,10,0,False
2025-12-07,ST02,P039,16,10,0,False
2025-12-07,ST03,P039,44,10,0,False
2025-12-07,ST04,P039,58,10,0,False
2025-12-07,ST05,P039,63,10,0,False
2025-12-07,ST01,P040,13,14,0,False
2025-12-07,ST02,P040,15,14,0,False
2025-12-07,ST03,P040,20,14,0,False
2025-12-07,ST04,P040,10,14,0,False
2025-12-07,ST05,P040,15,14,0,False
2025-12-14,ST01,P001,18,16,0,False
2025-12-14,ST02,P001,22,16,0,False
2025-12-14,ST03,P001,14,16,0,False
2025-12-14,ST04,P001,35,16,0,False
2025-12-14,ST05,P001,23,16,0,False
2025-12-14,ST01,P002,18,12,0,False
2025-12-14,ST02,P002,0,12,2,True
2025-12-14,ST03,P002,17,12,0,False
2025-12-14,ST04,P002,15,12,0,False
2025-12-14,ST05,P002,0,12,7,True
2025-12-14,ST01,P003,24,13,2,True
2025-12-14,ST02,P003,15,13,0,False
2025-12-14,ST03,P003,5,13,0,False
2025-12-14,ST04,P003,15,13,0,False
2025-12-14,ST05,P003,10,13,0,False
2025-12-14,ST01,P004,0,11,3,True
2025-12-14,ST02,P004,13,11,1,True
2025-12-14,ST03,P004,0,11,6,True
2025-12-14,ST04,P004,18,11,0,False
2025-12-14,ST05,P004,0,11,1,True
2025-12-14,ST01,P005,44,11,0,False
2025-12-14,ST02,P005,39,11,0,False
2025-12-14,ST03,P005,69,11,0,False
2025-12-14,ST04,P005,12,11,0,False
2025-12-14,ST05,P005,44,11,0,False
2025-12-14,ST01,P006,39,15,0,False
2025-12-14,ST02,P006,17,15,0,False
2025-12-14,ST03,P006,49,15,0,False
2025-12-14,ST04,P006,59,15,0,False
2025-12-14,ST05,P006,19,15,0,False
2025-12-14,ST01,P007,61,8,1,True
2025-12-14,ST02,P007,48,8,0,False
2025-12-14,ST03,P007,52,8,1,True
2025-12-14,ST04,P007,49,8,0,False
2025-12-14,ST05,P007,39,8,0,False
2025-12-14,ST01,P008,4,8,0,False
2025-12-14,ST02,P008,17,8,0,False
2025-12-14,ST03,P008,28,8,0,False
2025-12-14,ST04,P008,15,8,0,False
2025-12-14,ST05,P008,19,8,0,False
2025-12-14,ST01,P009,38,14,0,False
2025-12-14,ST02,P009,9,14,0,False
2025-12-14,ST03,P009,43,14,0,False
2025-12-14,ST04,P009,47,14,0,False
2025-12-14,ST05,P009,24,14,0,False
2025-12-14,ST01,P010,31,7,0,False
2025-12-14,ST02,P010,33,7,0,False
2025-12-14,ST03,P010,0,7,1,True
2025-12-14,ST04,P010,14,7,0,False
2025-12-14,ST05,P010,9,7,0,False
2025-12-14,ST01,P011,35,13,0,False
2025-12-14,ST02,P011,0,13,2,True
2025-12-14,ST03,P011,47,13,0,False
2025-12-14,ST04,P011,50,13,0,False
2025-12-14,ST05,P011,0,13,1,True
2025-12-14,ST01,P012,0,7,4,True
2025-12-14,ST02,P012,1,7,0,False
2025-12-14,ST03,P012,25,7,0,False
2025-12-14,ST04,P012,8,7,0,False
2025-12-14,ST05,P012,7,7,0,False
2025-12-14,ST01,P013,21,7,0,False
2025-12-14,ST02,P013,9,7,0,False
2025-12-14,ST03,P013,39,7,0,False
2025-12-14,ST04,P013,39,7,0,False
2025-12-14,ST05,P013,44,7,0,False
2025-12-14,ST01,P014,25,13,1,True
2025-12-14,ST02,P014,21,13,0,False
2025-12-14,ST03,P014,16,13,0,False
2025-12-14,ST04,P014,16,13,0,False
2025-12-14,ST05,P014,0,13,5,True
2025-12-14,ST01,P015,16,7,0,False
2025-12-14,ST02,P015,0,7,3,True
2025-12-14,ST03,P015,28,7,0,False
2025-12-14,ST04,P015,26,7,0,False
2025-12-14,ST05,P015,25,7,0,False
2025-12-14,ST01,P016,0,14,3,True
2025-12-14,ST02,P016,0,14,5,True
2025-12-14,ST03,P016,0,14,7,True
2025-12-14,ST04,P016,29,14,0,False
2025-12-14,ST05,P016,17,14,0,False
2025-12-14,ST01,P017,15,13,1,True
2025-12-14,ST02,P017,1,13,0,False
2025-12-14,ST03,P017,0,13,7,True
2025-12-14,ST04,P017,1,13,0,False
2025-12-14,ST05,P017,7,13,1,True
2025-12-14,ST01,P018,11,8,0,False
2025-12-14,ST02,P018,28,8,0,False
2025-12-14,ST03,P018,40,8,0,False
2025-12-14,ST04,P018,42,8,0,False
2025-12-14,ST05,P018,16,8,0,False
2025-12-14,ST01,P019,73,15,0,False
2025-12-14,ST02,P019,53,15,0,False
2025-12-14,ST03,P019,55,15,0,False
2025-12-14,ST04,P019,20,15,0,False
2025-12-14,ST05,P019,37,15,0,False
2025-12-14,ST01,P020,34,13,0,False
2025-12-14,ST02,P020,25,13,0,False
2025-12-14,ST03,P020,35,13,0,False
2025-12-14,ST04,P020,46,13,0,False
2025-12-14,ST05,P020,18,13,0,False
2025-12-14,ST01,P021,3,13,0,False
2025-12-14,ST02,P021,64,13,0,False
2025-12-14,ST03,P021,29,13,0,False
2025-12-14,ST04,P021,56,13,0,False
2025-12-14,ST05,P021,4,13,0,False
2025-12-14,ST01,P022,11,8,3,True
2025-12-14,ST02,P022,2,8,0,False
2025-12-14,ST03,P022,2,8,0,False
2025-12-14,ST04,P022,27,8,0,False
2025-12-14,ST05,P022,12,8,0,False
2025-12-14,ST01,P023,0,6,6,True
2025-12-14,ST02,P023,5,6,0,False
2025-12-14,ST03,P023,0,6,1,True
2025-12-14,ST04,P023,19,6,0,False
2025-12-14,ST05,P023,27,6,1,True
2025-12-14,ST01,P024,17,16,1,True
2025-12-14,ST02,P024,0,16,1,True
2025-12-14,ST03,P024,16,16,2,True
2025-12-14,ST04,P024,31,16,0,False
2025-12-14,ST05,P024,17,16,1,True
2025-12-14,ST01,P025,45,12,1,True
2025-12-14,ST02,P025,0,12,3,True
2025-12-14,ST03,P025,0,12,1,True
2025-12-14,ST04,P025,63,12,0,False
2025-12-14,ST05,P025,25,12,0,False
2025-12-14,ST01,P026,42,16,2,True
2025-12-14,ST02,P026,10,16,0,False
2025-12-14,ST03,P026,11,16,0,False
2025-12-14,ST04,P026,38,16,0,False
2025-12-14,ST05,P026,43,16,0,False
2025-12-14,ST01,P027,39,8,2,True
2025-12-14,ST02,P027,44,8,0,False
2025-12-14,ST03,P027,18,8,0,False
2025-12-14,ST04,P027,22,8,0,False
2025-12-14,ST05,P027,30,8,0,False
2025-12-14,ST01,P028,0,14,3,True
2025-12-14,ST02,P028,0,14,2,True
2025-12-14,ST03,P028,0,14,7,True
2025-12-14,ST04,P028,13,14,0,False
2025-12-14,ST05,P028,0,14,3,True
2025-12-14,ST01,P029,64,16,0,False
2025-12-14,ST02,P029,63,16,0,False
2025-12-14,ST03,P029,49,16,0,False
2025-12-14,ST04,P029,45,16,0,False
2025-12-14,ST05,P029,25,16,0,False
2025-12-14,ST01,P030,31,14,0,False
2025-12-14,ST02,P030,28,14,0,False
2025-12-14,ST03,P030,64,14,0,False
2025-12-14,ST04,P030,41,14,0,False
2025-12-14,ST05,P030,39,14,0,False
2025-12-14,ST01,P031,13,12,0,False
2025-12-14,ST02,P031,25,12,0,False
2025-12-14,ST03,P031,41,12,0,False
2025-12-14,ST04,P031,27,12,0,False
2025-12-14,ST05,P031,31,12,0,False
2025-12-14,ST01,P032,49,8,0,False
2025-12-14,ST02,P032,46,8,0,False
2025-12-14,ST03,P032,32,8,0,False
2025-12-14,ST04,P032,57,8,0,False
2025-12-14,ST05,P032,38,8,0,False
2025-12-14,ST01,P033,58,13,0,False
2025-12-14,ST02,P033,52,13,0,False
2025-12-14,ST03,P033,70,13,0,False
2025-12-14,ST04,P033,37,13,0,False
2025-12-14,ST05,P033,63,13,2,True
2025-12-14,ST01,P034,26,9,0,False
2025-12-14,ST02,P034,32,9,0,False
2025-12-14,ST03,P034,8,9,0,False
2025-12-14,ST04,P034,10,9,0,False
2025-12-14,ST05,P034,27,9,0,False
2025-12-14,ST01,P035,21,13,0,False
2025-12-14,ST02,P035,7,13,0,False
2025-12-14,ST03,P035,17,13,0,False
2025-12-14,ST04,P035,1,13,0,False
2025-12-14,ST05,P035,15,13,0,False
2025-12-14,ST01,P036,26,11,0,False
2025-12-14,ST02,P036,33,11,0,False
2025-12-14,ST03,P036,47,11,1,True
2025-12-14,ST04,P036,14,11,0,False
2025-12-14,ST05,P036,17,11,0,False
2025-12-14,ST01,P037,23,7,0,False
2025-12-14,ST02,P037,60,7,0,False
2025-12-14,ST03,P037,44,7,0,False
2025-12-14,ST04,P037,63,7,0,False
2025-12-14,ST05,P037,57,7,0,False
2025-12-14,ST01,P038,21,9,0,False
2025-12-14,ST02,P038,17,9,0,False
2025-12-14,ST03,P038,25,9,0,False
2025-12-14,ST04,P038,10,9,0,False
2025-12-14,ST05,P038,37,9,0,False
2025-12-14,ST01,P039,61,10,0,False
2025-12-14,ST02,P039,14,10,0,False
2025-12-14,ST03,P039,43,10,0,False
2025-12-14,ST04,P039,57,10,0,False
2025-12-14,ST05,P039,62,10,0,False
2025-12-14,ST01,P040,11,14,0,False
2025-12-14,ST02,P040,11,14,0,False
2025-12-14,ST03,P040,17,14,0,False
2025-12-14,ST04,P040,38,14,0,False
2025-12-14,ST05,P040,12,14,0,False
2025-12-21,ST01,P001,8,16,0,False
2025-12-21,ST02,P001,14,16,0,False
2025-12-21,ST03,P001,6,16,0,False
2025-12-21,ST04,P001,32,16,0,False
2025-12-21,ST05,P001,8,16,0,False
2025-12-21,ST01,P002,0,12,0,False
2025-12-21,ST02,P002,19,12,0,False
2025-12-21,ST03,P002,2,12,0,False
2025-12-21,ST04,P002,0,12,1,True
2025-12-21,ST05,P002,16,12,0,False
2025-12-21,ST01,P003,21,13,0,False
2025-12-21,ST02,P003,11,13,0,False
2025-12-21,ST03,P003,29,13,0,False
2025-12-21,ST04,P003,8,13,0,False
2025-12-21,ST05,P003,6,13,0,False
2025-12-21,ST01,P004,8,11,1,True
2025-12-21,ST02,P004,0,11,2,True
2025-12-21,ST03,P004,12,11,0,False
2025-12-21,ST04,P004,9,11,0,False
2025-12-21,ST05,P004,20,11,6,True
2025-12-21,ST01,P005,16,11,0,False
2025-12-21,ST02,P005,22,11,0,False
2025-12-21,ST03,P005,50,11,0,False
2025-12-21,ST04,P005,73,11,0,False
2025-12-21,ST05,P005,29,11,0,False
2025-12-21,ST01,P006,32,15,0,False
2025-12-21,ST02,P006,13,15,0,False
2025-12-21,ST03,P006,39,15,0,False
2025-12-21,ST04,P006,56,15,0,False
2025-12-21,ST05,P006,16,15,0,False
2025-12-21,ST01,P007,46,8,0,False
2025-12-21,ST02,P007,30,8,0,False
2025-12-21,ST03,P007,42,8,0,False
2025-12-21,ST04,P007,39,8,0,False
2025-12-21,ST05,P007,0,8,1,True
2025-12-21,ST01,P008,29,8,2,True
2025-12-21,ST02,P008,9,8,0,False
2025-12-21,ST03,P008,24,8,0,False
2025-12-21,ST04,P008,9,8,0,False
2025-12-21,ST05,P008,14,8,0,False
2025-12-21,ST01,P009,31,14,0,False
2025-12-21,ST02,P009,38,14,0,False
2025-12-21,ST03,P009,35,14,0,False
2025-12-21,ST04,P009,44,14,0,False
2025-12-21,ST05,P009,19,14,0,False
2025-12-21,ST01,P010,21,7,0,False
2025-12-21,ST02,P010,26,7,0,False
2025-12-21,ST03,P010,31,7,1,True
2025-12-21,ST04,P010,12,7,0,False
2025-12-21,ST05,P010,3,7,0,False
2025-12-21,ST01,P011,26,13,0,False
2025-12-21,ST02,P011,55,13,2,True
2025-12-21,ST03,P011,21,13,0,False
2025-12-21,ST04,P011,43,13,0,False
2025-12-21,ST05,P011,0,13,7,True
2025-12-21,ST01,P012,18,7,0,False
2025-12-21,ST02,P012,18,7,2,True
2025-12-21,ST03,P012,15,7,0,False
2025-12-21,ST04,P012,0,7,1,True
2025-12-21,ST05,P012,20,7,1,True
2025-12-21,ST01,P013,16,7,0,False
2025-12-21,ST02,P013,3,7,0,False
2025-12-21,ST03,P013,38,7,0,False
2025-12-21,ST04,P013,35,7,0,False
2025-12-21,ST05,P013,39,7,0,False
2025-12-21,ST01,P014,0,13,1,True
2025-12-21,ST02,P014,11,13,0,False
2025-12-21,ST03,P014,0,13,0,False
2025-12-21,ST04,P014,0,13,2,True
2025-12-21,ST05,P014,36,13,6,True
2025-12-21,ST01,P015,11,7,0,False
2025-12-21,ST02,P015,42,7,1,True
2025-12-21,ST03,P015,19,7,0,False
2025-12-21,ST04,P015,16,7,0,False
2025-12-21,ST05,P015,12,7,0,False
2025-12-21,ST01,P016,37,14,0,False
2025-12-21,ST02,P016,0,14,7,True
2025-12-21,ST03,P016,44,14,2,True
2025-12-21,ST04,P016,22,14,0,False
2025-12-21,ST05,P016,4,14,0,False
2025-12-21,ST01,P017,0,13,2,True
2025-12-21,ST02,P017,17,13,2,True
2025-12-21,ST03,P017,4,13,2,True
2025-12-21,ST04,P017,0,13,6,True
2025-12-21,ST05,P017,0,13,6,True
2025-12-21,ST01,P018,8,8,0,False
2025-12-21,ST02,P018,26,8,0,False
2025-12-21,ST03,P018,31,8,0,False
2025-12-21,ST04,P018,32,8,0,False
2025-12-21,ST05,P018,14,8,0,False
2025-12-21,ST01,P019,70,15,0,False
2025-12-21,ST02,P019,43,15,0,False
2025-12-21,ST03,P019,53,15,0,False
2025-12-21,ST04,P019,18,15,0,False
2025-12-21,ST05,P019,34,15,0,False
2025-12-21,ST01,P020,18,13,0,False
2025-12-21,ST02,P020,21,13,0,False
2025-12-21,ST03,P020,30,13,0,False
2025-12-21,ST04,P020,43,13,0,False
2025-12-21,ST05,P020,8,13,0,False
2025-12-21,ST01,P021,0,13,5,True
2025-12-21,ST02,P021,57,13,0,False
2025-12-21,ST03,P021,24,13,0,False
2025-12-21,ST04,P021,50,13,0,False
2025-12-21,ST05,P021,56,13,2,True
2025-12-21,ST01,P022,0,8,3,True
2025-12-21,ST02,P022,6,8,1,True
2025-12-21,ST03,P022,0,8,4,True
2025-12-21,ST04,P022,14,8,0,False
2025-12-21,ST05,P022,0,8,2,True
2025-12-21,ST01,P023,7,6,0,False
2025-12-21,ST02,P023,0,6,5,True
2025-12-21,ST03,P023,0,6,2,True
2025-12-21,ST04,P023,8,6,0,False
2025-12-21,ST05,P023,8,6,0,False
2025-12-21,ST01,P024,0,16,4,True
2025-12-21,ST02,P024,23,16,2,True
2025-12-21,ST03,P024,15,16,0,False
2025-12-21,ST04,P024,0,16,3,True
2025-12-21,ST05,P024,14,16,2,True
2025-12-21,ST01,P025,35,12,0,False
2025-12-21,ST02,P025,43,12,0,False
2025-12-21,ST03,P025,50,12,0,False
2025-12-21,ST04,P025,56,12,0,False
2025-12-21,ST05,P025,13,12,0,False
2025-12-21,ST01,P026,30,16,0,False
2025-12-21,ST02,P026,51,16,0,False
2025-12-21,ST03,P026,55,16,0,False
2025-12-21,ST04,P026,30,16,0,False
2025-12-21,ST05,P026,31,16,0,False
2025-12-21,ST01,P027,20,8,0,False
2025-12-21,ST02,P027,33,8,0,False
2025-12-21,ST03,P027,9,8,0,False
2025-12-21,ST04,P027,15,8,0,False
2025-12-21,ST05,P027,18,8,0,False
2025-12-21,ST01,P028,14,14,4,True
2025-12-21,ST02,P028,5,14,3,True
2025-12-21,ST03,P028,0,14,1,True
2025-12-21,ST04,P028,4,14,0,False
2025-12-21,ST05,P028,6,14,2,True
2025-12-21,ST01,P029,60,16,0,False
2025-12-21,ST02,P029,59,16,0,False
2025-12-21,ST03,P029,44,16,0,False
2025-12-21,ST04,P029,45,16,0,False
2025-12-21,ST05,P029,20,16,0,False
2025-12-21,ST01,P030,24,14,0,False
2025-12-21,ST02,P030,15,14,0,False
2025-12-21,ST03,P030,42,14,0,False
2025-12-21,ST04,P030,38,14,0,False
2025-12-21,ST05,P030,32,14,0,False
2025-12-21,ST01,P031,11,12,0,False
2025-12-21,ST02,P031,24,12,0,False
2025-12-21,ST03,P031,40,12,0,False
2025-12-21,ST04,P031,25,12,0,False
2025-12-21,ST05,P031,27,12,0,False
2025-12-21,ST01,P032,47,8,0,False
2025-12-21,ST02,P032,45,8,0,False
2025-12-21,ST03,P032,30,8,0,False
2025-12-21,ST04,P032,57,8,0,False
2025-12-21,ST05,P032,36,8,0,False
2025-12-21,ST01,P033,53,13,0,False
2025-12-21,ST02,P033,31,13,0,False
2025-12-21,ST03,P033,63,13,0,False
2025-12-21,ST04,P033,31,13,0,False
2025-12-21,ST05,P033,53,13,0,False
2025-12-21,ST01,P034,12,9,0,False
2025-12-21,ST02,P034,26,9,0,False
2025-12-21,ST03,P034,2,9,0,False
2025-12-21,ST04,P034,41,9,0,False
2025-12-21,ST05,P034,17,9,0,False
2025-12-21,ST01,P035,0,13,1,True
2025-12-21,ST02,P035,33,13,0,False
2025-12-21,ST03,P035,11,13,0,False
2025-12-21,ST04,P035,39,13,0,False
2025-12-21,ST05,P035,0,13,2,True
2025-12-21,ST01,P036,23,11,0,False
2025-12-21,ST02,P036,23,11,0,False
2025-12-21,ST03,P036,44,11,0,False
2025-12-21,ST04,P036,13,11,0,False
2025-12-21,ST05,P036,12,11,0,False
2025-12-21,ST01,P037,19,7,0,False
2025-12-21,ST02,P037,57,7,0,False
2025-12-21,ST03,P037,39,7,0,False
2025-12-21,ST04,P037,61,7,0,False
2025-12-21,ST05,P037,48,7,0,False
2025-12-21,ST01,P038,17,9,0,False
2025-12-21,ST02,P038,15,9,0,False
2025-12-21,ST03,P038,23,9,0,False
2025-12-21,ST04,P038,5,9,0,False
2025-12-21,ST05,P038,36,9,0,False
2025-12-21,ST01,P039,58,10,0,False
2025-12-21,ST02,P039,13,10,0,False
2025-12-21,ST03,P039,43,10,0,False
2025-12-21,ST04,P039,56,10,0,False
2025-12-21,ST05,P039,62,10,0,False
2025-12-21,ST01,P040,38,14,0,False
2025-12-21,ST02,P040,8,14,0,False
2025-12-21,ST03,P040,14,14,0,False
2025-12-21,ST04,P040,36,14,0,False
2025-12-21,ST05,P040,9,14,0,False
2025-12-28,ST01,P001,0,16,1,True
2025-12-28,ST02,P001,2,16,0,False
2025-12-28,ST03,P001,29,16,0,False
2025-12-28,ST04,P001,24,16,0,False
2025-12-28,ST05,P001,0,16,2,True
2025-12-28,ST01,P002,10,12,2,True
2025-12-28,ST02,P002,5,12,0,False
2025-12-28,ST03,P002,28,12,1,True
2025-12-28,ST04,P002,0,12,5,True
2025-12-28,ST05,P002,0,12,4,True
2025-12-28,ST01,P003,13,13,0,False
2025-12-28,ST02,P003,4,13,0,False
2025-12-28,ST03,P003,23,13,0,False
2025-12-28,ST04,P003,5,13,0,False
2025-12-28,ST05,P003,26,13,0,False
2025-12-28,ST01,P004,0,11,4,True
2025-12-28,ST02,P004,17,11,3,True
2025-12-28,ST03,P004,0,11,1,True
2025-12-28,ST04,P004,0,11,3,True
2025-12-28,ST05,P004,0,11,3,True
2025-12-28,ST01,P005,66,11,0,False
2025-12-28,ST02,P005,5,11,0,False
2025-12-28,ST03,P005,41,11,0,False
2025-12-28,ST04,P005,67,11,0,False
2025-12-28,ST05,P005,18,11,0,False
2025-12-28,ST01,P006,28,15,0,False
2025-12-28,ST02,P006,60,15,0,False
2025-12-28,ST03,P006,35,15,0,False
2025-12-28,ST04,P006,53,15,0,False
2025-12-28,ST05,P006,10,15,0,False
2025-12-28,ST01,P007,22,8,0,False
2025-12-28,ST02,P007,18,8,0,False
2025-12-28,ST03,P007,26,8,0,False
2025-12-28,ST04,P007,25,8,0,False
2025-12-28,ST05,P007,0,8,7,True
2025-12-28,ST01,P008,17,8,0,False
2025-12-28,ST02,P008,2,8,0,False
2025-12-28,ST03,P008,20,8,0,False
2025-12-28,ST04,P008,8,8,0,False
2025-12-28,ST05,P008,12,8,0,False
2025-12-28,ST01,P009,24,14,0,False
2025-12-28,ST02,P009,32,14,0,False
2025-12-28,ST03,P009,27,14,0,False
2025-12-28,ST04,P009,38,14,0,False
2025-12-28,ST05,P009,10,14,0,False
2025-12-28,ST01,P010,10,7,0,False
2025-12-28,ST02,P010,6,7,0,False
2025-12-28,ST03,P010,25,7,0,False
2025-12-28,ST04,P010,1,7,0,False
2025-12-28,ST05,P010,0,7,4,True
2025-12-28,ST01,P011,11,13,0,False
2025-12-28,ST02,P011,44,13,0,False
2025-12-28,ST03,P011,62,13,0,False
2025-12-28,ST04,P011,39,13,0,False
2025-12-28,ST05,P011,30,13,1,True
2025-12-28,ST01,P012,0,7,2,True
2025-12-28,ST02,P012,0,7,1,True
2025-12-28,ST03,P012,30,7,0,False
2025-12-28,ST04,P012,20,7,0,False
2025-12-28,ST05,P012,17,7,4,True
2025-12-28,ST01,P013,12,7,0,False
2025-12-28,ST02,P013,1,7,0,False
2025-12-28,ST03,P013,32,7,0,False
2025-12-28,ST04,P013,34,7,0,False
2025-12-28,ST05,P013,34,7,0,False
2025-12-28,ST01,P014,24,13,6,True
2025-12-28,ST02,P014,0,13,2,True
2025-12-28,ST03,P014,34,13,5,True
2025-12-28,ST04,P014,32,13,1,True
2025-12-28,ST05,P014,2,13,0,False
2025-12-28,ST01,P015,1,7,0,False
2025-12-28,ST02,P015,37,7,0,False
2025-12-28,ST03,P015,15,7,0,False
2025-12-28,ST04,P015,13,7,0,False
2025-12-28,ST05,P015,0,7,1,True
2025-12-28,ST01,P016,8,14,0,False
2025-12-28,ST02,P016,39,14,2,True
2025-12-28,ST03,P016,30,14,0,False
2025-12-28,ST04,P016,16,14,0,False
2025-12-28,ST05,P016,0,14,4,True
2025-12-28,ST01,P017,0,13,5,True
2025-12-28,ST02,P017,0,13,1,True
2025-12-28,ST03,P017,0,13,3,True
2025-12-28,ST04,P017,8,13,0,False
2025-12-28,ST05,P017,0,13,2,True
2025-12-28,ST01,P018,45,8,0,False
2025-12-28,ST02,P018,21,8,0,False
2025-12-28,ST03,P018,28,8,0,False
2025-12-28,ST04,P018,25,8,0,False
2025-12-28,ST05,P018,9,8,0,False
2025-12-28,ST01,P019,61,15,0,False
2025-12-28,ST02,P019,40,15,0,False
2025-12-28,ST03,P019,52,15,0,False
2025-12-28,ST04,P019,17,15,0,False
2025-12-28,ST05,P019,28,15,0,False
2025-12-28,ST01,P020,12,13,0,False
2025-12-28,ST02,P020,9,13,0,False
2025-12-28,ST03,P020,22,13,0,False
2025-12-28,ST04,P020,37,13,0,False
2025-12-28,ST05,P020,0,13,2,True
2025-12-28,ST01,P021,52,13,0,False
2025-12-28,ST02,P021,46,13,0,False
2025-12-28,ST03,P021,17,13,0,False
2025-12-28,ST04,P021,45,13,0,False
2025-12-28,ST05,P021,51,13,0,False
2025-12-28,ST01,P022,7,8,0,False
2025-12-28,ST02,P022,0,8,4,True
2025-12-28,ST03,P022,15,8,2,True
2025-12-28,ST04,P022,0,8,1,True
2025-12-28,ST05,P022,0,8,6,True
2025-12-28,ST01,P023,23,6,4,True
2025-12-28,ST02,P023,19,6,4,True
2025-12-28,ST03,P023,15,6,0,False
2025-12-28,ST04,P023,0,6,5,True
2025-12-28,ST05,P023,15,6,3,True
2025-12-28,ST01,P024,12,16,3,True
2025-12-28,ST02,P024,1,16,0,False
2025-12-28,ST03,P024,1,16,4,True
2025-12-28,ST04,P024,25,16,4,True
2025-12-28,ST05,P024,0,16,5,True
2025-12-28,ST01,P025,23,12,0,False
2025-12-28,ST02,P025,24,12,0,False
2025-12-28,ST03,P025,39,12,0,False
2025-12-28,ST04,P025,44,12,0,False
2025-12-28,ST05,P025,0,12,2,True
2025-12-28,ST01,P026,18,16,0,False
2025-12-28,ST02,P026,42,16,0,False
2025-12-28,ST03,P026,47,16,0,False
2025-12-28,ST04,P026,21,16,0,False
2025-12-28,ST05,P026,13,16,0,False
2025-12-28,ST01,P027,0,8,2,True
2025-12-28,ST02,P027,20,8,0,False
2025-12-28,ST03,P027,0,8,2,True
2025-12-28,ST04,P027,6,8,0,False
2025-12-28,ST05,P027,5,8,0,False
2025-12-28,ST01,P028,0,14,6,True
2025-12-28,ST02,P028,0,14,4,True
2025-12-28,ST03,P028,10,14,5,True
2025-12-28,ST04,P028,18,14,0,False
2025-12-28,ST05,P028,0,14,6,True
2025-12-28,ST01,P029,55,16,0,False
2025-12-28,ST02,P029,55,16,0,False
2025-12-28,ST03,P029,41,16,0,False
2025-12-28,ST04,P029,45,16,0,False
2025-12-28,ST05,P029,17,16,0,False
2025-12-28,ST01,P030,11,14,0,False
2025-12-28,ST02,P030,57,14,0,False
2025-12-28,ST03,P030,34,14,0,False
2025-12-28,ST04,P030,30,14,0,False
2025-12-28,ST05,P030,18,14,0,False
2025-12-28,ST01,P031,39,12,0,False
2025-12-28,ST02,P031,22,12,0,False
2025-12-28,ST03,P031,37,12,0,False
2025-12-28,ST04,P031,23,12,0,False
2025-12-28,ST05,P031,22,12,0,False
2025-12-28,ST01,P032,41,8,0,False
2025-12-28,ST02,P032,42,8,0,False
2025-12-28,ST03,P032,30,8,0,False
2025-12-28,ST04,P032,56,8,0,False
2025-12-28,ST05,P032,33,8,0,False
2025-12-28,ST01,P033,40,13,0,False
2025-12-28,ST02,P033,26,13,0,False
2025-12-28,ST03,P033,56,13,0,False
2025-12-28,ST04,P033,28,13,0,False
2025-12-28,ST05,P033,45,13,0,False
2025-12-28,ST01,P034,31,9,3,True
2025-12-28,ST02,P034,18,9,0,False
2025-12-28,ST03,P034,32,9,1,True
2025-12-28,ST04,P034,37,9,0,False
2025-12-28,ST05,P034,12,9,0,False
2025-12-28,ST01,P035,0,13,7,True
2025-12-28,ST02,P035,19,13,0,False
2025-12-28,ST03,P035,36,13,0,False
2025-12-28,ST04,P035,35,13,0,False
2025-12-28,ST05,P035,36,13,0,False
2025-12-28,ST01,P036,18,11,0,False
2025-12-28,ST02,P036,18,11,0,False
2025-12-28,ST03,P036,40,11,0,False
2025-12-28,ST04,P036,8,11,0,False
2025-12-28,ST05,P036,6,11,0,False
2025-12-28,ST01,P037,16,7,0,False
2025-12-28,ST02,P037,53,7,0,False
2025-12-28,ST03,P037,33,7,0,False
2025-12-28,ST04,P037,60,7,0,False
2025-12-28,ST05,P037,39,7,0,False
2025-12-28,ST01,P038,13,9,0,False
2025-12-28,ST02,P038,10,9,0,False
2025-12-28,ST03,P038,22,9,0,False
2025-12-28,ST04,P038,37,9,0,False
2025-12-28,ST05,P038,30,9,0,False
2025-12-28,ST01,P039,57,10,0,False
2025-12-28,ST02,P039,10,10,0,False
2025-12-28,ST03,P039,43,10,0,False
2025-12-28,ST04,P039,55,10,0,False
2025-12-28,ST05,P039,57,10,0,False
2025-12-28,ST01,P040,32,14,0,False
2025-12-28,ST02,P040,36,14,0,False
2025-12-28,ST03,P040,11,14,0,False
2025-12-28,ST04,P040,33,14,0,False
2025-12-28,ST05,P040,35,14,0,False
